[architecture.building_function]	265
[architecture.building_function] near me	67
[architecture.building_function] meaning	40
[architecture.building_function]s near me	38
[architecture.building_function] definition	34
[architecture.building_function] jobs	28
[architecture.building_function] design	23
[architecture.building_function]s	22
[architecture.building_function] nyc	21
[architecture.building_function] london	21
[architecture.building_function]s for sale	18
[architecture.building_function] for sale	18
[architecture.building_function] hours	16
[architecture.building_function] menu	15
[architecture.building_function] cafe	14
[architecture.building_function] meaning in hindi	12
[architecture.building_function] singapore	11
[architecture.building_function] plans	11
[architecture.building_function] games	11
[architecture.building_function] station	10
[architecture.building_function] nj	10
[architecture.building_function] hotel	9
[architecture.building_function] chicago	9
[architecture.building_function]s uk	8
[architecture.building_function]s london	8
[architecture.building_function] park	8
[architecture.building_function] movie	8
[architecture.building_function]s nyc	7
[architecture.building_function]s in florida	7
[architecture.building_function] toronto	7
[architecture.building_function] theatre	7
[architecture.building_function]s in london	6
[architecture.building_function] road	6
[architecture.building_function] orlando	6
[architecture.building_function] miami	6
[architecture.building_function] map	6
[architecture.building_function] management	6
[architecture.building_function] boston	6
[architecture.building_function]s toronto	5
[architecture.building_function]s in pa	5
[architecture.building_function]s in nyc	5
[architecture.building_function]er	5
[architecture.building_function] uk	5
[architecture.building_function] sydney	5
[architecture.building_function] seattle	5
[architecture.building_function] prices	5
[architecture.building_function] plan	5
[architecture.building_function] pdf	5
[architecture.building_function] manchester	5
[architecture.building_function] inn	5
[architecture.building_function] equipment	5
[architecture.building_function] dubai	5
[architecture.building_function] denver	5
[architecture.building_function] decor	5
[architecture.building_function] dc	5
[architecture.building_function] association	5
[architecture.building_function] architecture	5
[architecture.building_function]s in texas	4
[architecture.building_function]s for rent	4
[architecture.building_function]al	4
[architecture.building_function] tokyo	4
[architecture.building_function] san diego	4
[architecture.building_function] rules	4
[architecture.building_function] restaurant	4
[architecture.building_function] parking	4
[architecture.building_function] paris	4
[architecture.building_function] minecraft	4
[architecture.building_function] meaning in urdu	4
[architecture.building_function] lyrics	4
[architecture.building_function] in delhi	4
[architecture.building_function] ideas	4
[architecture.building_function] holidays	4
[architecture.building_function] hill	4
[architecture.building_function] furniture	4
[architecture.building_function] for rent	4
[architecture.building_function] dublin	4
[architecture.building_function] direct	4
[architecture.building_function] depot	4
[architecture.building_function] crossword clue	4
[architecture.building_function] coffee	4
[architecture.building_function] australia	4
[architecture.building_function] 2	4
building [architecture.building_function]	3
[architecture.building_function]s in ohio	3
[architecture.building_function]s in los angeles	3
[architecture.building_function]s in las vegas	3
[architecture.building_function]s in india	3
[architecture.building_function]s in chicago	3
[architecture.building_function]s in chennai	3
[architecture.building_function]s in canada	3
[architecture.building_function]s in atlanta	3
[architecture.building_function] usa	3
[architecture.building_function] tours	3
[architecture.building_function] tickets	3
[architecture.building_function] synonym	3
[architecture.building_function] supplies	3
[architecture.building_function] software	3
[architecture.building_function] services	3
[architecture.building_function] school	3
[architecture.building_function] row	3
[architecture.building_function] reviews	3
[architecture.building_function] pizza	3
[architecture.building_function] one	3
[architecture.building_function] nz	3
[architecture.building_function] number	3
[architecture.building_function] nearby	3
[architecture.building_function] names	3
[architecture.building_function] montreal	3
[architecture.building_function] melbourne	3
[architecture.building_function] liverpool	3
[architecture.building_function] list	3
[architecture.building_function] layout	3
[architecture.building_function] key west	3
[architecture.building_function] jobs near me	3
[architecture.building_function] interior	3
[architecture.building_function] in india	3
[architecture.building_function] house	3
[architecture.building_function] grill	3
[architecture.building_function] glasgow	3
[architecture.building_function] food	3
[architecture.building_function] five	3
[architecture.building_function] facts	3
[architecture.building_function] efficiency	3
[architecture.building_function] cinema	3
[architecture.building_function] board	3
[architecture.building_function] bar	3
[architecture.building_function] baltimore	3
[architecture.building_function] app	3
[architecture.building_function] 3	3
[architecture.building_function] 1	3
types [architecture.building_function]	2
[architecture.building_function]x	2
[architecture.building_function]s to rent	2
[architecture.building_function]s scotland	2
[architecture.building_function]s norfolk	2
[architecture.building_function]s nearby	2
[architecture.building_function]s near my location	2
[architecture.building_function]s melbourne	2
[architecture.building_function]s ks2	2
[architecture.building_function]s ireland	2
[architecture.building_function]s in virginia	2
[architecture.building_function]s in usa	2
[architecture.building_function]s in pune	2
[architecture.building_function]s in paris	2
[architecture.building_function]s in pakistan	2
[architecture.building_function]s in ny	2
[architecture.building_function]s in nj	2
[architecture.building_function]s in new york	2
[architecture.building_function]s in nc	2
[architecture.building_function]s in mumbai	2
[architecture.building_function]s in hyderabad	2
[architecture.building_function]s in dubai	2
[architecture.building_function]s in delhi	2
[architecture.building_function]s in cornwall	2
[architecture.building_function]s in california	2
[architecture.building_function]s in bangalore	2
[architecture.building_function]s in amsterdam	2
[architecture.building_function]s chicago	2
[architecture.building_function]o	2
[architecture.building_function]le	2
[architecture.building_function]ge	2
[architecture.building_function]ers	2
[architecture.building_function]a	2
[architecture.building_function] york	2
[architecture.building_function] victoria	2
[architecture.building_function] utah	2
[architecture.building_function] toy	2
[architecture.building_function] tours near me	2
[architecture.building_function] tour	2
[architecture.building_function] times	2
[architecture.building_function] texas	2
[architecture.building_function] swimwear	2
[architecture.building_function] street	2
[architecture.building_function] stockholm	2
[architecture.building_function] st louis	2
[architecture.building_function] square	2
[architecture.building_function] shoes	2
[architecture.building_function] sale	2
[architecture.building_function] rock	2
[architecture.building_function] rentals	2
[architecture.building_function] redditch	2
[architecture.building_function] quotes	2
[architecture.building_function] quebec	2
[architecture.building_function] pronunciation	2
[architecture.building_function] prague	2
[architecture.building_function] plastic	2
[architecture.building_function] pie	2
[architecture.building_function] pictures	2
[architecture.building_function] oxford	2
[architecture.building_function] ottawa	2
[architecture.building_function] osaka	2
[architecture.building_function] online	2
[architecture.building_function] on the hill	2
[architecture.building_function] ohio	2
[architecture.building_function] of scotland	2
[architecture.building_function] of science	2
[architecture.building_function] of india	2
[architecture.building_function] of fine arts	2
[architecture.building_function] of atlanta	2
[architecture.building_function] of america	2
[architecture.building_function] of alexandria	2
[architecture.building_function] ny	2
[architecture.building_function] nh	2
[architecture.building_function] news	2
[architecture.building_function] new orleans	2
[architecture.building_function] nantucket	2
[architecture.building_function] musical	2
[architecture.building_function] music	2
[architecture.building_function] mumbai	2
[architecture.building_function] movies	2
[architecture.building_function] methods	2
[architecture.building_function] market	2
[architecture.building_function] manila	2
[architecture.building_function] malaysia	2
[architecture.building_function] magazine	2
[architecture.building_function] loans	2
[architecture.building_function] leeds	2
[architecture.building_function] lane	2
[architecture.building_function] kits	2
[architecture.building_function] kent	2
[architecture.building_function] kendal	2
[architecture.building_function] japan	2
[architecture.building_function] jakarta	2
[architecture.building_function] istanbul	2
[architecture.building_function] insurance	2
[architecture.building_function] india	2
[architecture.building_function] in mumbai	2
[architecture.building_function] in manila	2
[architecture.building_function] in makati	2
[architecture.building_function] in goa	2
[architecture.building_function] images	2
[architecture.building_function] hotels	2
[architecture.building_function] history	2
[architecture.building_function] hanoi	2
[architecture.building_function] gym	2
[architecture.building_function] grants	2
[architecture.building_function] gpa calculator	2
[architecture.building_function] goods	2
[architecture.building_function] girl	2
[architecture.building_function] ghibli	2
[architecture.building_function] game	2
[architecture.building_function] football	2
[architecture.building_function] florida	2
[architecture.building_function] florence	2
[architecture.building_function] floor plans	2
[architecture.building_function] farm	2
[architecture.building_function] edinburgh	2
[architecture.building_function] durban	2
[architecture.building_function] doors	2
[architecture.building_function] del sol	2
[architecture.building_function] council	2
[architecture.building_function] cost	2
[architecture.building_function] colors	2
[architecture.building_function] colorado	2
[architecture.building_function] clothing	2
[architecture.building_function] close to me	2
[architecture.building_function] city	2
[architecture.building_function] cinemas	2
[architecture.building_function] chairs	2
[architecture.building_function] certificate	2
[architecture.building_function] cape town	2
[architecture.building_function] california	2
[architecture.building_function] brooklyn	2
[architecture.building_function] bristol	2
[architecture.building_function] brisbane	2
[architecture.building_function] brighton	2
[architecture.building_function] brewery	2
[architecture.building_function] booking	2
[architecture.building_function] book	2
[architecture.building_function] berlin	2
[architecture.building_function] beach	2
[architecture.building_function] barcelona	2
[architecture.building_function] bangkok	2
[architecture.building_function] bali	2
[architecture.building_function] arnhem	2
[architecture.building_function] architect	2
[architecture.building_function] apartments	2
[architecture.building_function] alaska	2
[architecture.building_function] 6	2
[architecture.building_function] 365	2
[architecture.building_function] 2017	2
williamsburg [architecture.building_function]	1
where is the seat of edmonton's [architecture.building_function]	1
what does [architecture.building_function] mean	1
vlf [architecture.building_function]s	1
victoria [architecture.building_function]	1
station [architecture.building_function]	1
security [architecture.building_function] sdn bhd	1
security [architecture.building_function]	1
seattle sounders [architecture.building_function]	1
san diego [architecture.building_function] crossword	1
san diego [architecture.building_function]	1
royal priesthood [architecture.building_function] nation	1
roman [architecture.building_function]	1
restoration [architecture.building_function]	1
rennes-le-ch [architecture.building_function]	1
purfleet [architecture.building_function]	1
nycfc [architecture.building_function]	1
nauen [architecture.building_function]	1
musical [architecture.building_function]	1
modern [architecture.building_function] taliparamba	1
modern [architecture.building_function] san fernando	1
modern [architecture.building_function] nanganallur	1
modern [architecture.building_function] gangtok	1
model [architecture.building_function] for the deaf	1
iatse [architecture.building_function]	1
i love [architecture.building_function]	1
harderwijk [architecture.building_function]	1
globe [architecture.building_function]	1
fm [architecture.building_function]s	1
define [architecture.building_function]	1
craigkelly [architecture.building_function]	1
chicago [architecture.building_function]	1
canadian [architecture.building_function]	1
building [architecture.building_function] followers with arduino	1
belkin [architecture.building_function]s	1
base [architecture.building_function]	1
aboriginal [architecture.building_function] hut name	1
aboriginal [architecture.building_function]	1
[architecture.building_function]z	1
[architecture.building_function]yard	1
[architecture.building_function]world	1
[architecture.building_function]works	1
[architecture.building_function]watch	1
[architecture.building_function]vania season 2	1
[architecture.building_function]vania netflix	1
[architecture.building_function]vania	1
[architecture.building_function]us	1
[architecture.building_function]update	1
[architecture.building_function]ugal the man	1
[architecture.building_function]ugal	1
[architecture.building_function]uendo	1
[architecture.building_function]u tours	1
[architecture.building_function]u munich	1
[architecture.building_function]u map	1
[architecture.building_function]u liberation	1
[architecture.building_function]u concentration camp today	1
[architecture.building_function]u	1
[architecture.building_function]tpad	1
[architecture.building_function]thing	1
[architecture.building_function]tery	1
[architecture.building_function]ta	1
[architecture.building_function]sy	1
[architecture.building_function]stormers	1
[architecture.building_function]stone az	1
[architecture.building_function]stone	1
[architecture.building_function]shark	1
[architecture.building_function]search	1
[architecture.building_function]s9	1
[architecture.building_function]s yorkshire	1
[architecture.building_function]s world manila	1
[architecture.building_function]s world	1
[architecture.building_function]s walmart	1
[architecture.building_function]s wales	1
[architecture.building_function]s trust	1
[architecture.building_function]s today	1
[architecture.building_function]s to visit	1
[architecture.building_function]s that deliver	1
[architecture.building_function]s texas	1
[architecture.building_function]s termites	1
[architecture.building_function]s sydney	1
[architecture.building_function]s switzerland	1
[architecture.building_function]s still standing	1
[architecture.building_function]s slovenia	1
[architecture.building_function]s sheffield	1
[architecture.building_function]s san francisco	1
[architecture.building_function]s sa	1
[architecture.building_function]s relief	1
[architecture.building_function]s read theory	1
[architecture.building_function]s prices	1
[architecture.building_function]s paris	1
[architecture.building_function]s ottawa	1
[architecture.building_function]s open now	1
[architecture.building_function]s open near me	1
[architecture.building_function]s online	1
[architecture.building_function]s on i-5	1
[architecture.building_function]s of north korea	1
[architecture.building_function]s of nethys	1
[architecture.building_function]s of madness	1
[architecture.building_function]s of india	1
[architecture.building_function]s of europe	1
[architecture.building_function]s of england	1
[architecture.building_function]s nz	1
[architecture.building_function]s northumberland	1
[architecture.building_function]s northamptonshire	1
[architecture.building_function]s near york	1
[architecture.building_function]s near pune	1
[architecture.building_function]s near mumbai	1
[architecture.building_function]s national bank	1
[architecture.building_function]s nashville	1
[architecture.building_function]s men	1
[architecture.building_function]s meaning	1
[architecture.building_function]s map	1
[architecture.building_function]s lyrics	1
[architecture.building_function]s las vegas	1
[architecture.building_function]s lake district	1
[architecture.building_function]s in wales	1
[architecture.building_function]s in vizag	1
[architecture.building_function]s in us	1
[architecture.building_function]s in toronto	1
[architecture.building_function]s in the united states	1
[architecture.building_function]s in sri lanka	1
[architecture.building_function]s in south africa	1
[architecture.building_function]s in singapore	1
[architecture.building_function]s in sc	1
[architecture.building_function]s in rajahmundry	1
[architecture.building_function]s in orlando	1
[architecture.building_function]s in noida	1
[architecture.building_function]s in nigeria	1
[architecture.building_function]s in new england	1
[architecture.building_function]s in nevada	1
[architecture.building_function]s in michigan	1
[architecture.building_function]s in maryland	1
[architecture.building_function]s in ma	1
[architecture.building_function]s in louisiana	1
[architecture.building_function]s in lonavala	1
[architecture.building_function]s in la	1
[architecture.building_function]s in kerala	1
[architecture.building_function]s in kakinada	1
[architecture.building_function]s in italy	1
[architecture.building_function]s in indiana	1
[architecture.building_function]s in guntur	1
[architecture.building_function]s in great britain	1
[architecture.building_function]s in google maps	1
[architecture.building_function]s in google earth	1
[architecture.building_function]s in ghana	1
[architecture.building_function]s in germany	1
[architecture.building_function]s in france	1
[architecture.building_function]s in dc	1
[architecture.building_function]s in coorg	1
[architecture.building_function]s in colorado	1
[architecture.building_function]s in britain	1
[architecture.building_function]s in boston	1
[architecture.building_function]s in bangkok	1
[architecture.building_function]s in alabama	1
[architecture.building_function]s iceland	1
[architecture.building_function]s high school ranking	1
[architecture.building_function]s high school	1
[architecture.building_function]s hampshire	1
[architecture.building_function]s game	1
[architecture.building_function]s forge of empires	1
[architecture.building_function]s for teens	1
[architecture.building_function]s for sale uk	1
[architecture.building_function]s for rent nyc	1
[architecture.building_function]s for rent near me	1
[architecture.building_function]s for lease	1
[architecture.building_function]s for boom sprayer	1
[architecture.building_function]s film	1
[architecture.building_function]s facts	1
[architecture.building_function]s dublin	1
[architecture.building_function]s dorset	1
[architecture.building_function]s documentary	1
[architecture.building_function]s devon	1
[architecture.building_function]s derbyshire	1
[architecture.building_function]s denver	1
[architecture.building_function]s definition	1
[architecture.building_function]s dc	1
[architecture.building_function]s cheshire	1
[architecture.building_function]s calgary	1
[architecture.building_function]s boston	1
[architecture.building_function]s barcelona	1
[architecture.building_function]s bar	1
[architecture.building_function]s australia	1
[architecture.building_function]s association	1
[architecture.building_function]s arkansas	1
[architecture.building_function]s are their pupils disadvantaged	1
[architecture.building_function]s and aquariums	1
[architecture.building_function]s alps	1
[architecture.building_function]rtacus	1
[architecture.building_function]rs hospital	1
[architecture.building_function]rs	1
[architecture.building_function]rofoam	1
[architecture.building_function]rknotes	1
[architecture.building_function]rk	1
[architecture.building_function]r	1
[architecture.building_function]place	1
[architecture.building_function]parts	1
[architecture.building_function]panib	1
[architecture.building_function]oy	1
[architecture.building_function]ovative	1
[architecture.building_function]ovation	1
[architecture.building_function]ova crysta	1
[architecture.building_function]ova	1
[architecture.building_function]ola	1
[architecture.building_function]ogy	1
[architecture.building_function]ofourown	1
[architecture.building_function]ocuous	1
[architecture.building_function]ocent	1
[architecture.building_function]nova	1
[architecture.building_function]nish translator	1
[architecture.building_function]nish to english	1
[architecture.building_function]ney stodden	1
[architecture.building_function]ney love	1
[architecture.building_function]ney eaton	1
[architecture.building_function]net	1
[architecture.building_function]nastics	1
[architecture.building_function]n	1
[architecture.building_function]menot kohls	1
[architecture.building_function]med in	1
[architecture.building_function]med	1
[architecture.building_function]man	1
[architecture.building_function]m 40	1
[architecture.building_function]lus	1
[architecture.building_function]logical name	1
[architecture.building_function]lix	1
[architecture.building_function]lish	1
[architecture.building_function]link	1
[architecture.building_function]lic storage	1
[architecture.building_function]lic likes	1
[architecture.building_function]lic desire	1
[architecture.building_function]lic bank	1
[architecture.building_function]lic	1
[architecture.building_function]lewell arms	1
[architecture.building_function]lewe	1
[architecture.building_function]leton	1
[architecture.building_function]leseat	1
[architecture.building_function]les meaning	1
[architecture.building_function]les	1
[architecture.building_function]lenanda	1
[architecture.building_function]land weather	1
[architecture.building_function]land maine	1
[architecture.building_function]land	1
[architecture.building_function]l volcano	1
[architecture.building_function]l	1
[architecture.building_function]khana	1
[architecture.building_function]ity meaning	1
[architecture.building_function]ity management	1
[architecture.building_function]ity jobs	1
[architecture.building_function]ity	1
[architecture.building_function]ist	1
[architecture.building_function]isfree	1
[architecture.building_function]ional oven	1
[architecture.building_function]ional meaning	1
[architecture.building_function]ional loan	1
[architecture.building_function]ional	1
[architecture.building_function]ion on the rights of the child	1
[architecture.building_function]ion of states	1
[architecture.building_function]ion centre	1
[architecture.building_function]ion center	1
[architecture.building_function]ion	1
[architecture.building_function]inous	1
[architecture.building_function]ing up	1
[architecture.building_function]ing strategy	1
[architecture.building_function]ing simulator 17	1
[architecture.building_function]ing mix	1
[architecture.building_function]ing	1
[architecture.building_function]in	1
[architecture.building_function]illos	1
[architecture.building_function]ian	1
[architecture.building_function]i qawwali video	1
[architecture.building_function]i qawwali	1
[architecture.building_function]huntr	1
[architecture.building_function]house sink	1
[architecture.building_function]ghetti	1
[architecture.building_function]ge pizza	1
[architecture.building_function]ge people	1
[architecture.building_function]ge inn	1
[architecture.building_function]ge hotel	1
[architecture.building_function]gate	1
[architecture.building_function]gasse	1
[architecture.building_function]g	1
[architecture.building_function]fuyu	1
[architecture.building_function]foods	1
[architecture.building_function]folio	1
[architecture.building_function]fitters	1
[architecture.building_function]film	1
[architecture.building_function]ey	1
[architecture.building_function]esy meaning	1
[architecture.building_function]esy	1
[architecture.building_function]es and noble near me	1
[architecture.building_function]es and noble hours	1
[architecture.building_function]es and noble coupon	1
[architecture.building_function]es and noble	1
[architecture.building_function]erstones	1
[architecture.building_function]ers market	1
[architecture.building_function]ers insurance	1
[architecture.building_function]ers adda	1
[architecture.building_function]ermelon	1
[architecture.building_function]ergate	1
[architecture.building_function]er park	1
[architecture.building_function]er magazine	1
[architecture.building_function]er boys	1
[architecture.building_function]eous	1
[architecture.building_function]eney cox	1
[architecture.building_function]e	1
[architecture.building_function]d	1
[architecture.building_function]chcartoononline	1
[architecture.building_function]ch series	1
[architecture.building_function]ch movies online free	1
[architecture.building_function]ch movies online	1
[architecture.building_function]cex	1
[architecture.building_function]ce	1
[architecture.building_function]branch	1
[architecture.building_function]boy q	1
[architecture.building_function]box	1
[architecture.building_function]boree	1
[architecture.building_function]bookers	1
[architecture.building_function]base	1
[architecture.building_function]away	1
[architecture.building_function]ate	1
[architecture.building_function]alized	1
[architecture.building_function]alised	1
[architecture.building_function]al trials	1
[architecture.building_function]al theory	1
[architecture.building_function]al review board	1
[architecture.building_function]al research	1
[architecture.building_function]al racism	1
[architecture.building_function]al psychology	1
[architecture.building_function]al movie	1
[architecture.building_function]al labs	1
[architecture.building_function]al investor	1
[architecture.building_function]al discrimination	1
[architecture.building_function]al depression	1
[architecture.building_function]acle	1
[architecture.building_function]able air conditioner	1
[architecture.building_function]/consular post of romania	1
[architecture.building_function] 意味	1
[architecture.building_function] перевод	1
[architecture.building_function] youtube	1
[architecture.building_function] x360	1
[architecture.building_function] wrexham	1
[architecture.building_function] world series	1
[architecture.building_function] world records	1
[architecture.building_function] working	1
[architecture.building_function] work group	1
[architecture.building_function] woking	1
[architecture.building_function] with beds	1
[architecture.building_function] windsor	1
[architecture.building_function] winchester	1
[architecture.building_function] wildlife park	1
[architecture.building_function] wild	1
[architecture.building_function] wien	1
[architecture.building_function] west	1
[architecture.building_function] wellington	1
[architecture.building_function] week 2017	1
[architecture.building_function] week	1
[architecture.building_function] wedding dress	1
[architecture.building_function] wedding	1
[architecture.building_function] website	1
[architecture.building_function] waterloo	1
[architecture.building_function] water treatment	1
[architecture.building_function] washington dc	1
[architecture.building_function] warsaw	1
[architecture.building_function] warrington	1
[architecture.building_function] wanstead	1
[architecture.building_function] wanderer	1
[architecture.building_function] walmart	1
[architecture.building_function] walkabout	1
[architecture.building_function] wageningen	1
[architecture.building_function] waco address	1
[architecture.building_function] vs hotel	1
[architecture.building_function] vs chelsea	1
[architecture.building_function] volunteer	1
[architecture.building_function] vivant	1
[architecture.building_function] visit	1
[architecture.building_function] viersen	1
[architecture.building_function] vienna	1
[architecture.building_function] video	1
[architecture.building_function] victoria island	1
[architecture.building_function] ventilation	1
[architecture.building_function] vegas	1
[architecture.building_function] vector	1
[architecture.building_function] varna	1
[architecture.building_function] vancouver	1
[architecture.building_function] value	1
[architecture.building_function] valley utah	1
[architecture.building_function] valley game	1
[architecture.building_function] valley 2 android	1
[architecture.building_function] valley 2	1
[architecture.building_function] valley	1
[architecture.building_function] valencia	1
[architecture.building_function] va	1
[architecture.building_function] university	1
[architecture.building_function] types	1
[architecture.building_function] turkey	1
[architecture.building_function] trivago	1
[architecture.building_function] trilogy	1
[architecture.building_function] tres rios	1
[architecture.building_function] trends	1
[architecture.building_function] travel money	1
[architecture.building_function] travel insurance	1
[architecture.building_function] travel	1
[architecture.building_function] transylvania 2	1
[architecture.building_function] transylvania	1
[architecture.building_function] transmitter	1
[architecture.building_function] transfer	1
[architecture.building_function] training	1
[architecture.building_function] trailmate	1
[architecture.building_function] trailer	1
[architecture.building_function] traduction	1
[architecture.building_function] tracking	1
[architecture.building_function] toys	1
[architecture.building_function] toyota	1
[architecture.building_function] town	1
[architecture.building_function] tower	1
[architecture.building_function] topics	1
[architecture.building_function] tools	1
[architecture.building_function] tonight	1
[architecture.building_function] tol cipali	1
[architecture.building_function] tol cikampek	1
[architecture.building_function] tiverton ri	1
[architecture.building_function] timer	1
[architecture.building_function] tier list	1
[architecture.building_function] thermometer	1
[architecture.building_function] therapy	1
[architecture.building_function] themes	1
[architecture.building_function] theaters	1
[architecture.building_function] theater rochester ny	1
[architecture.building_function] theater	1
[architecture.building_function] the homes we need	1
[architecture.building_function] terms	1
[architecture.building_function] terdekat	1
[architecture.building_function] template	1
[architecture.building_function] telkomsel	1
[architecture.building_function] technician	1
[architecture.building_function] tech llc	1
[architecture.building_function] tech	1
[architecture.building_function] teacher salary	1
[architecture.building_function] tax return	1
[architecture.building_function] tattoo	1
[architecture.building_function] tanks	1
[architecture.building_function] tamansari	1
[architecture.building_function] tagaytay	1
[architecture.building_function] table	1
[architecture.building_function] systems	1
[architecture.building_function] swimming pool	1
[architecture.building_function] swimming	1
[architecture.building_function] swansea	1
[architecture.building_function] sutton	1
[architecture.building_function] surgery	1
[architecture.building_function] supporting regiment finally	1
[architecture.building_function] supply	1
[architecture.building_function] summer camp	1
[architecture.building_function] sufjan	1
[architecture.building_function] stübing	1
[architecture.building_function] style	1
[architecture.building_function] studios	1
[architecture.building_function] structure	1
[architecture.building_function] stroud	1
[architecture.building_function] stourbridge	1
[architecture.building_function] stories	1
[architecture.building_function] stores	1
[architecture.building_function] store	1
[architecture.building_function] stays	1
[architecture.building_function] status	1
[architecture.building_function] stationery	1
[architecture.building_function] start up time	1
[architecture.building_function] stardew valley	1
[architecture.building_function] stage	1
[architecture.building_function] st barth	1
[architecture.building_function] srinagar	1
[architecture.building_function] spot	1
[architecture.building_function] sportsman	1
[architecture.building_function] sports	1
[architecture.building_function] sport	1
[architecture.building_function] split	1
[architecture.building_function] spectra	1
[architecture.building_function] spectacular	1
[architecture.building_function] spain	1
[architecture.building_function] space	1
[architecture.building_function] spa	1
[architecture.building_function] south uist	1
[architecture.building_function] songs	1
[architecture.building_function] song download	1
[architecture.building_function] song	1
[architecture.building_function] soda	1
[architecture.building_function] sligo	1
[architecture.building_function] sketch	1
[architecture.building_function] size	1
[architecture.building_function] site	1
[architecture.building_function] sirajia	1
[architecture.building_function] sink	1
[architecture.building_function] silhouette	1
[architecture.building_function] signs	1
[architecture.building_function] sign	1
[architecture.building_function] siena	1
[architecture.building_function] showtimes	1
[architecture.building_function] shows	1
[architecture.building_function] show nec	1
[architecture.building_function] show london	1
[architecture.building_function] show las vegas	1
[architecture.building_function] shops	1
[architecture.building_function] shop	1
[architecture.building_function] shooting	1
[architecture.building_function] sheeting	1
[architecture.building_function] shed	1
[architecture.building_function] shake it	1
[architecture.building_function] sets value	1
[architecture.building_function] sets	1
[architecture.building_function] seoul blog	1
[architecture.building_function] seoul	1
[architecture.building_function] seminar ppt	1
[architecture.building_function] seminar	1
[architecture.building_function] seemapuri	1
[architecture.building_function] seats	1
[architecture.building_function] seating	1
[architecture.building_function] seaford	1
[architecture.building_function] seafood restaurant	1
[architecture.building_function] scotland	1
[architecture.building_function] scienceworks	1
[architecture.building_function] sciences	1
[architecture.building_function] science	1
[architecture.building_function] schottenhamel oktoberfest	1
[architecture.building_function] schottenhamel	1
[architecture.building_function] schonbrunn palace	1
[architecture.building_function] schedule	1
[architecture.building_function] santa monica	1
[architecture.building_function] santa fe	1
[architecture.building_function] santa barbara	1
[architecture.building_function] san mateo	1
[architecture.building_function] san juan	1
[architecture.building_function] san francisco	1
[architecture.building_function] salzburg	1
[architecture.building_function] salt lake city	1
[architecture.building_function] saigon	1
[architecture.building_function] run oz	1
[architecture.building_function] run games	1
[architecture.building_function] run 3	1
[architecture.building_function] run 2	1
[architecture.building_function] run	1
[architecture.building_function] royale cast	1
[architecture.building_function] royale	1
[architecture.building_function] ross on wye	1
[architecture.building_function] room	1
[architecture.building_function] roofing	1
[architecture.building_function] roof	1
[architecture.building_function] rome	1
[architecture.building_function] romania	1
[architecture.building_function] romae	1
[architecture.building_function] rohini	1
[architecture.building_function] road studios	1
[architecture.building_function] road cover	1
[architecture.building_function] road childcare	1
[architecture.building_function] risk assessment	1
[architecture.building_function] ridge	1
[architecture.building_function] ri	1
[architecture.building_function] retreat	1
[architecture.building_function] results	1
[architecture.building_function] restaurants	1
[architecture.building_function] resorts	1
[architecture.building_function] reset iphone	1
[architecture.building_function] reset ipad	1
[architecture.building_function] reset	1
[architecture.building_function] research	1
[architecture.building_function] report	1
[architecture.building_function] recruitment 2017	1
[architecture.building_function] records	1
[architecture.building_function] real estate	1
[architecture.building_function] reactor	1
[architecture.building_function] rawalpindi	1
[architecture.building_function] rating	1
[architecture.building_function] rankings 2017	1
[architecture.building_function] rankings	1
[architecture.building_function] ranking 2017	1
[architecture.building_function] ranking	1
[architecture.building_function] rama	1
[architecture.building_function] raider ps4	1
[architecture.building_function] raider movie	1
[architecture.building_function] raider	1
[architecture.building_function] ragnarok	1
[architecture.building_function] radcliff ky	1
[architecture.building_function] quorn	1
[architecture.building_function] quests	1
[architecture.building_function] queenstown	1
[architecture.building_function] quay	1
[architecture.building_function] putra kajang	1
[architecture.building_function] puppies	1
[architecture.building_function] punishments	1
[architecture.building_function] pune	1
[architecture.building_function] proposal	1
[architecture.building_function] project	1
[architecture.building_function] production	1
[architecture.building_function] process	1
[architecture.building_function] procedures	1
[architecture.building_function] problems	1
[architecture.building_function] primary school	1
[architecture.building_function] priene	1
[architecture.building_function] price	1
[architecture.building_function] press	1
[architecture.building_function] pr	1
[architecture.building_function] ppt	1
[architecture.building_function] potts point	1
[architecture.building_function] postcode	1
[architecture.building_function] portfolio	1
[architecture.building_function] pool hours	1
[architecture.building_function] pool	1
[architecture.building_function] pompeii	1
[architecture.building_function] poker	1
[architecture.building_function] point	1
[architecture.building_function] png	1
[architecture.building_function] plus	1
[architecture.building_function] players	1
[architecture.building_function] plants	1
[architecture.building_function] plans free download	1
[architecture.building_function] plan template	1
[architecture.building_function] pisa	1
[architecture.building_function] picasso	1
[architecture.building_function] phone number	1
[architecture.building_function] philly	1
[architecture.building_function] pets	1
[architecture.building_function] penguin rewritten	1
[architecture.building_function] penguin	1
[architecture.building_function] penang	1
[architecture.building_function] pasig	1
[architecture.building_function] party	1
[architecture.building_function] parts	1
[architecture.building_function] parco della musica	1
[architecture.building_function] paper	1
[architecture.building_function] panda	1
[architecture.building_function] palace	1
[architecture.building_function] pa	1
[architecture.building_function] owl	1
[architecture.building_function] outlet	1
[architecture.building_function] osrs	1
[architecture.building_function] orkney	1
[architecture.building_function] organizer	1
[architecture.building_function] organizational structure	1
[architecture.building_function] organizational chart	1
[architecture.building_function] opening times	1
[architecture.building_function] open late	1
[architecture.building_function] open days 2017	1
[architecture.building_function] open day	1
[architecture.building_function] one wiki	1
[architecture.building_function] on wheels	1
[architecture.building_function] on the hill lyrics	1
[architecture.building_function] on the green	1
[architecture.building_function] on the bay	1
[architecture.building_function] on state	1
[architecture.building_function] on rush	1
[architecture.building_function] on orkney loch of harray	1
[architecture.building_function] on broadway	1
[architecture.building_function] ommegang	1
[architecture.building_function] olympia	1
[architecture.building_function] off grand parkway	1
[architecture.building_function] of wooden architecture	1
[architecture.building_function] of washington	1
[architecture.building_function] of wales	1
[architecture.building_function] of versailles	1
[architecture.building_function] of toronto	1
[architecture.building_function] of the west	1
[architecture.building_function] of the valley	1
[architecture.building_function] of the unknown soldier	1
[architecture.building_function] of the sagrada familia	1
[architecture.building_function] of the queen	1
[architecture.building_function] of the president of france	1
[architecture.building_function] of the philippines	1
[architecture.building_function] of the pacific	1
[architecture.building_function] of the mayor of new york	1
[architecture.building_function] of the french president	1
[architecture.building_function] of the freedmen	1
[architecture.building_function] of the first qin emperor	1
[architecture.building_function] of the elite	1
[architecture.building_function] of the dog	1
[architecture.building_function] of the deep	1
[architecture.building_function] of the dead	1
[architecture.building_function] of the canyons	1
[architecture.building_function] of the british prime minister	1
[architecture.building_function] of the bay	1
[architecture.building_function] of tajikistan president	1
[architecture.building_function] of st helena	1
[architecture.building_function] of seurasaari	1
[architecture.building_function] of seti i	1
[architecture.building_function] of scotland maps	1
[architecture.building_function] of science and industry	1
[architecture.building_function] of satan kjv	1
[architecture.building_function] of satan	1
[architecture.building_function] of sargeras	1
[architecture.building_function] of santa claus	1
[architecture.building_function] of san giovanni satan	1
[architecture.building_function] of san giovanni alle fonti	1
[architecture.building_function] of san giovanni	1
[architecture.building_function] of rock	1
[architecture.building_function] of ramesses iii	1
[architecture.building_function] of pope	1
[architecture.building_function] of plays	1
[architecture.building_function] of phoenix	1
[architecture.building_function] of pennsylvania	1
[architecture.building_function] of parma	1
[architecture.building_function] of old japanese farmhouses	1
[architecture.building_function] of modern art	1
[architecture.building_function] of milk	1
[architecture.building_function] of michigan	1
[architecture.building_function] of medicine	1
[architecture.building_function] of maryland	1
[architecture.building_function] of london	1
[architecture.building_function] of light	1
[architecture.building_function] of learning	1
[architecture.building_function] of japanese farmhouses	1
[architecture.building_function] of jainism	1
[architecture.building_function] of ireland	1
[architecture.building_function] of iowa	1
[architecture.building_function] of ice cream	1
[architecture.building_function] of heaven	1
[architecture.building_function] of hatshepsut reconstruction	1
[architecture.building_function] of hatshepsut quizlet	1
[architecture.building_function] of hatshepsut khan	1
[architecture.building_function] of hatshepsut facts	1
[architecture.building_function] of hatshepsut	1
[architecture.building_function] of galla placidia	1
[architecture.building_function] of fraser	1
[architecture.building_function] of florida	1
[architecture.building_function] of flight	1
[architecture.building_function] of fire	1
[architecture.building_function] of fame	1
[architecture.building_function] of dupage	1
[architecture.building_function] of death	1
[architecture.building_function] of dayton	1
[architecture.building_function] of cordoba	1
[architecture.building_function] of congress	1
[architecture.building_function] of christianity	1
[architecture.building_function] of chicago	1
[architecture.building_function] of charleston	1
[architecture.building_function] of cards season 6	1
[architecture.building_function] of cards season 5	1
[architecture.building_function] of cards	1
[architecture.building_function] of buddhism	1
[architecture.building_function] of bom jesus	1
[architecture.building_function] of baroda	1
[architecture.building_function] of babel	1
[architecture.building_function] of australia	1
[architecture.building_function] of augustus	1
[architecture.building_function] of arizona	1
[architecture.building_function] of america near me	1
[architecture.building_function] of amenhotep iii	1
[architecture.building_function] oc	1
[architecture.building_function] objectives	1
[architecture.building_function] nursery	1
[architecture.building_function] nurse	1
[architecture.building_function] nua	1
[architecture.building_function] nsw	1
[architecture.building_function] nottingham	1
[architecture.building_function] norway	1
[architecture.building_function] northgate	1
[architecture.building_function] niagara falls	1
[architecture.building_function] niagara	1
[architecture.building_function] new kit	1
[architecture.building_function] new jersey	1
[architecture.building_function] netherlands	1
[architecture.building_function] nepal	1
[architecture.building_function] negara	1
[architecture.building_function] near yosemite	1
[architecture.building_function] near yellowstone	1
[architecture.building_function] near nizamuddin	1
[architecture.building_function] near me open	1
[architecture.building_function] near inverness	1
[architecture.building_function] near india gate	1
[architecture.building_function] near delhi cantt	1
[architecture.building_function] natomas	1
[architecture.building_function] napoles	1
[architecture.building_function] nanjing	1
[architecture.building_function] name ideas	1
[architecture.building_function] mysteries	1
[architecture.building_function] musical songs	1
[architecture.building_function] musical cast	1
[architecture.building_function] musical 4	1
[architecture.building_function] musical 3	1
[architecture.building_function] musical 2	1
[architecture.building_function] music festival	1
[architecture.building_function] murders	1
[architecture.building_function] mtg	1
[architecture.building_function] movie times	1
[architecture.building_function] movie grill	1
[architecture.building_function] movers	1
[architecture.building_function] moved	1
[architecture.building_function] mount fuji	1
[architecture.building_function] mount	1
[architecture.building_function] mosta	1
[architecture.building_function] mortgage	1
[architecture.building_function] monroe	1
[architecture.building_function] monitor	1
[architecture.building_function] money	1
[architecture.building_function] monaco	1
[architecture.building_function] mohali	1
[architecture.building_function] model	1
[architecture.building_function] mn	1
[architecture.building_function] minneapolis	1
[architecture.building_function] mini fridge	1
[architecture.building_function] milton keynes	1
[architecture.building_function] miletus	1
[architecture.building_function] milan tickets	1
[architecture.building_function] milan	1
[architecture.building_function] michigan	1
[architecture.building_function] mica	1
[architecture.building_function] mexicola	1
[architecture.building_function] methodology	1
[architecture.building_function] met	1
[architecture.building_function] mentor	1
[architecture.building_function] memes	1
[architecture.building_function] membership	1
[architecture.building_function] melbourne airport	1
[architecture.building_function] melaka	1
[architecture.building_function] megastore	1
[architecture.building_function] medical centre	1
[architecture.building_function] medical	1
[architecture.building_function] med	1
[architecture.building_function] means	1
[architecture.building_function] meaning in tamil	1
[architecture.building_function] me not	1
[architecture.building_function] mayo	1
[architecture.building_function] maxcold	1
[architecture.building_function] mauritius	1
[architecture.building_function] maui	1
[architecture.building_function] materials	1
[architecture.building_function] masters	1
[architecture.building_function] massacre 2017	1
[architecture.building_function] marketing	1
[architecture.building_function] marine cooler	1
[architecture.building_function] maps	1
[architecture.building_function] manufacturer	1
[architecture.building_function] manual	1
[architecture.building_function] manly	1
[architecture.building_function] mania	1
[architecture.building_function] mandiri	1
[architecture.building_function] manager salary	1
[architecture.building_function] management fees	1
[architecture.building_function] management business plan	1
[architecture.building_function] malta	1
[architecture.building_function] mall	1
[architecture.building_function] makkah	1
[architecture.building_function] makati	1
[architecture.building_function] maine	1
[architecture.building_function] maidstone	1
[architecture.building_function] mahindra	1
[architecture.building_function] magic	1
[architecture.building_function] madrid	1
[architecture.building_function] madam	1
[architecture.building_function] machine	1
[architecture.building_function] ma	1
[architecture.building_function] lottery	1
[architecture.building_function] lot	1
[architecture.building_function] los angeles	1
[architecture.building_function] lookup	1
[architecture.building_function] logos	1
[architecture.building_function] lofts	1
[architecture.building_function] lodi	1
[architecture.building_function] locator	1
[architecture.building_function] locations uk	1
[architecture.building_function] location	1
[architecture.building_function] loan calculator	1
[architecture.building_function] lisbon	1
[architecture.building_function] lincoln	1
[architecture.building_function] limited	1
[architecture.building_function] lighting	1
[architecture.building_function] lichfield	1
[architecture.building_function] letter format	1
[architecture.building_function] lesson plan	1
[architecture.building_function] legitimate	1
[architecture.building_function] lee miller	1
[architecture.building_function] lee kershaw	1
[architecture.building_function] lee	1
[architecture.building_function] leathers	1
[architecture.building_function] learning	1
[architecture.building_function] leamington	1
[architecture.building_function] latest transfer news	1
[architecture.building_function] las vegas	1
[architecture.building_function] larbert	1
[architecture.building_function] landscaping ideas	1
[architecture.building_function] landscaping	1
[architecture.building_function] la	1
[architecture.building_function] kwon gi ha	1
[architecture.building_function] ks2	1
[architecture.building_function] korean movie	1
[architecture.building_function] km 57	1
[architecture.building_function] klia2	1
[architecture.building_function] klaipeda	1
[architecture.building_function] kl	1
[architecture.building_function] kitchen	1
[architecture.building_function] kit	1
[architecture.building_function] kingston	1
[architecture.building_function] king	1
[architecture.building_function] key largo	1
[architecture.building_function] kettering	1
[architecture.building_function] kelowna	1
[architecture.building_function] keller	1
[architecture.building_function] kathmandu	1
[architecture.building_function] kanji	1
[architecture.building_function] kandy	1
[architecture.building_function] jones	1
[architecture.building_function] jogja	1
[architecture.building_function] jodhpur	1
[architecture.building_function] jin	1
[architecture.building_function] jeju	1
[architecture.building_function] jaya one	1
[architecture.building_function] jaipur	1
[architecture.building_function] jackson tn	1
[architecture.building_function] ithaca	1
[architecture.building_function] italy	1
[architecture.building_function] islamorada florida	1
[architecture.building_function] islamabad	1
[architecture.building_function] ironbridge	1
[architecture.building_function] ireland	1
[architecture.building_function] investor	1
[architecture.building_function] investment calculator	1
[architecture.building_function] inverness	1
[architecture.building_function] installation	1
[architecture.building_function] inspector	1
[architecture.building_function] insider	1
[architecture.building_function] inmates	1
[architecture.building_function] industry	1
[architecture.building_function] indosat	1
[architecture.building_function] inc	1
[architecture.building_function] in yosemite	1
[architecture.building_function] in yellowstone	1
[architecture.building_function] in venice	1
[architecture.building_function] in the weald	1
[architecture.building_function] in the uk	1
[architecture.building_function] in the philippines	1
[architecture.building_function] in texas	1
[architecture.building_function] in spanish	1
[architecture.building_function] in seattle	1
[architecture.building_function] in rome	1
[architecture.building_function] in quezon city	1
[architecture.building_function] in philippines	1
[architecture.building_function] in nj	1
[architecture.building_function] in nashville tn	1
[architecture.building_function] in malaysia	1
[architecture.building_function] in japan	1
[architecture.building_function] in hindi	1
[architecture.building_function] in germany	1
[architecture.building_function] in florida	1
[architecture.building_function] in egypt	1
[architecture.building_function] in dubai	1
[architecture.building_function] in denver	1
[architecture.building_function] in dallas	1
[architecture.building_function] in columbus ohio	1
[architecture.building_function] in chinese	1
[architecture.building_function] in chicago	1
[architecture.building_function] in central queenstown	1
[architecture.building_function] in california	1
[architecture.building_function] in atlanta	1
[architecture.building_function] imax	1
[architecture.building_function] icons	1
[architecture.building_function] iceland	1
[architecture.building_function] ice maker	1
[architecture.building_function] ice cream sandwich	1
[architecture.building_function] ibiza	1
[architecture.building_function] hunstanton	1
[architecture.building_function] hudson	1
[architecture.building_function] howth	1
[architecture.building_function] howl	1
[architecture.building_function] how it works	1
[architecture.building_function] houston	1
[architecture.building_function] hotel shoreditch	1
[architecture.building_function] hotel devon	1
[architecture.building_function] horse	1
[architecture.building_function] hoops	1
[architecture.building_function] honolulu	1
[architecture.building_function] hongdae	1
[architecture.building_function] homes	1
[architecture.building_function] holidays 2018	1
[architecture.building_function] holidays 2017	1
[architecture.building_function] hobart	1
[architecture.building_function] hk	1
[architecture.building_function] hiring houston	1
[architecture.building_function] hire	1
[architecture.building_function] hiragana	1
[architecture.building_function] hill weather	1
[architecture.building_function] hill public library	1
[architecture.building_function] hill nc	1
[architecture.building_function] hill mall	1
[architecture.building_function] hike	1
[architecture.building_function] high school	1
[architecture.building_function] hemden	1
[architecture.building_function] helsinki	1
[architecture.building_function] helper	1
[architecture.building_function] helen ga	1
[architecture.building_function] heights	1
[architecture.building_function] heidelberg	1
[architecture.building_function] head towels	1
[architecture.building_function] hd	1
[architecture.building_function] hazards	1
[architecture.building_function] hatch street	1
[architecture.building_function] hardware	1
[architecture.building_function] handbook pdf	1
[architecture.building_function] handbook	1
[architecture.building_function] hall linens program	1
[architecture.building_function] gulch inn	1
[architecture.building_function] guide	1
[architecture.building_function] guernsey	1
[architecture.building_function] guadalajara expo	1
[architecture.building_function] gta 5	1
[architecture.building_function] gruene texas	1
[architecture.building_function] grove	1
[architecture.building_function] group	1
[architecture.building_function] grimbergen	1
[architecture.building_function] grenada	1
[architecture.building_function] greige	1
[architecture.building_function] greenville sc	1
[architecture.building_function] greenville ms	1
[architecture.building_function] green	1
[architecture.building_function] grass	1
[architecture.building_function] grandin	1
[architecture.building_function] goleta	1
[architecture.building_function] gmail	1
[architecture.building_function] girl cast	1
[architecture.building_function] gin	1
[architecture.building_function] ghibli movies	1
[architecture.building_function] ghaziabad	1
[architecture.building_function] germany	1
[architecture.building_function] gent	1
[architecture.building_function] genesis	1
[architecture.building_function] gem	1
[architecture.building_function] gdynia	1
[architecture.building_function] gases	1
[architecture.building_function] gas emissions	1
[architecture.building_function] garage near me	1
[architecture.building_function] garage	1
[architecture.building_function] galesburg	1
[architecture.building_function] fury	1
[architecture.building_function] furnace	1
[architecture.building_function] frisco	1
[architecture.building_function] free	1
[architecture.building_function] frankfurt events	1
[architecture.building_function] frankfurt	1
[architecture.building_function] frank lloyd wright	1
[architecture.building_function] france	1
[architecture.building_function] frame	1
[architecture.building_function] founded in 1946 crossword	1
[architecture.building_function] founded 1946	1
[architecture.building_function] forge	1
[architecture.building_function] forest school	1
[architecture.building_function] ford	1
[architecture.building_function] for tropical medicine	1
[architecture.building_function] for special surgery	1
[architecture.building_function] for scouts	1
[architecture.building_function] for sale or rent	1
[architecture.building_function] for sale near me	1
[architecture.building_function] for sale in lagos	1
[architecture.building_function] for sale in ghana	1
[architecture.building_function] for sale in abuja	1
[architecture.building_function] for sale alberta	1
[architecture.building_function] for reloading	1
[architecture.building_function] for kids	1
[architecture.building_function] for judaism	1
[architecture.building_function] for islam	1
[architecture.building_function] for humanity	1
[architecture.building_function] for hinduism	1
[architecture.building_function] for buddhist monks	1
[architecture.building_function] for adults	1
[architecture.building_function] foot	1
[architecture.building_function] font	1
[architecture.building_function] florence opening hours	1
[architecture.building_function] floor plan	1
[architecture.building_function] flood	1
[architecture.building_function] flip host	1
[architecture.building_function] flip	1
[architecture.building_function] flea market 2017	1
[architecture.building_function] flea market	1
[architecture.building_function] fixtures	1
[architecture.building_function] fixer upper episode	1
[architecture.building_function] five summary	1
[architecture.building_function] five sparknotes	1
[architecture.building_function] five quotes	1
[architecture.building_function] five pdf	1
[architecture.building_function] five movie	1
[architecture.building_function] fish	1
[architecture.building_function] fires uk	1
[architecture.building_function] firenze	1
[architecture.building_function] fire in london	1
[architecture.building_function] fire	1
[architecture.building_function] finder	1
[architecture.building_function] filter	1
[architecture.building_function] film	1
[architecture.building_function] festival	1
[architecture.building_function] feel	1
[architecture.building_function] fee	1
[architecture.building_function] fc	1
[architecture.building_function] farmers market	1
[architecture.building_function] farm snacks	1
[architecture.building_function] fargo	1
[architecture.building_function] fan tv	1
[architecture.building_function] fan	1
[architecture.building_function] family	1
[architecture.building_function] factory	1
[architecture.building_function] expo	1
[architecture.building_function] expert	1
[architecture.building_function] evora	1
[architecture.building_function] events	1
[architecture.building_function] estate	1
[architecture.building_function] equivalent	1
[architecture.building_function] equestrian	1
[architecture.building_function] engineering	1
[architecture.building_function] emporium	1
[architecture.building_function] elevation	1
[architecture.building_function] el nido	1
[architecture.building_function] eisenstadt	1
[architecture.building_function] egypt	1
[architecture.building_function] effect	1
[architecture.building_function] education	1
[architecture.building_function] ebay	1
[architecture.building_function] east	1
[architecture.building_function] dumfries and galloway	1
[architecture.building_function] duke street queenstown	1
[architecture.building_function] duke st queenstown	1
[architecture.building_function] dubai show timings	1
[architecture.building_function] dubai mall	1
[architecture.building_function] drogheda	1
[architecture.building_function] dresses	1
[architecture.building_function] dreams	1
[architecture.building_function] drawing	1
[architecture.building_function] drama	1
[architecture.building_function] drakensberg	1
[architecture.building_function] downtown	1
[architecture.building_function] download	1
[architecture.building_function] down	1
[architecture.building_function] door hardware	1
[architecture.building_function] dojo	1
[architecture.building_function] dogs	1
[architecture.building_function] dogran	1
[architecture.building_function] dog house	1
[architecture.building_function] documentary	1
[architecture.building_function] dj	1
[architecture.building_function] disney springs	1
[architecture.building_function] disadvantages	1
[architecture.building_function] directory	1
[architecture.building_function] diploma	1
[architecture.building_function] dining table	1
[architecture.building_function] diaries	1
[architecture.building_function] diagram	1
[architecture.building_function] di santa maria maggiore	1
[architecture.building_function] di san marco	1
[architecture.building_function] di firenze	1
[architecture.building_function] deutsch	1
[architecture.building_function] desk	1
[architecture.building_function] designs	1
[architecture.building_function] design and construction	1
[architecture.building_function] derby	1
[architecture.building_function] depot near me	1
[architecture.building_function] depot hours	1
[architecture.building_function] delhi	1
[architecture.building_function] define	1
[architecture.building_function] decorations	1
[architecture.building_function] decoration	1
[architecture.building_function] de longchamp	1
[architecture.building_function] damascus	1
[architecture.building_function] dallas	1
[architecture.building_function] cuyahoga falls	1
[architecture.building_function] cuba	1
[architecture.building_function] ct	1
[architecture.building_function] cruises	1
[architecture.building_function] crossword	1
[architecture.building_function] cropston	1
[architecture.building_function] creepers	1
[architecture.building_function] credit cards	1
[architecture.building_function] credit card	1
[architecture.building_function] creative	1
[architecture.building_function] crane	1
[architecture.building_function] covers	1
[architecture.building_function] cover	1
[architecture.building_function] cove	1
[architecture.building_function] costs	1
[architecture.building_function] costa mesa	1
[architecture.building_function] corrimony	1
[architecture.building_function] corpus christi	1
[architecture.building_function] corporation of america	1
[architecture.building_function] cork	1
[architecture.building_function] cordoba	1
[architecture.building_function] cooling water system	1
[architecture.building_function] cooling water	1
[architecture.building_function] cooler parts	1
[architecture.building_function] cookie recipe	1
[architecture.building_function] contractors	1
[architecture.building_function] containment	1
[architecture.building_function] consultancy	1
[architecture.building_function] construction	1
[architecture.building_function] conner	1
[architecture.building_function] connection	1
[architecture.building_function] conferences 2017	1
[architecture.building_function] concepts	1
[architecture.building_function] complex	1
[architecture.building_function] compassus	1
[architecture.building_function] compare	1
[architecture.building_function] commons	1
[architecture.building_function] commercial	1
[architecture.building_function] comics	1
[architecture.building_function] comedy	1
[architecture.building_function] collection development policy	1
[architecture.building_function] coffee table	1
[architecture.building_function] coc	1
[architecture.building_function] club	1
[architecture.building_function] clothes	1
[architecture.building_function] closed cooling water	1
[architecture.building_function] clipart	1
[architecture.building_function] clearing tactics	1
[architecture.building_function] cleaners 2017	1
[architecture.building_function] classical	1
[architecture.building_function] clash of clans	1
[architecture.building_function] cladding	1
[architecture.building_function] city ca	1
[architecture.building_function] cistern	1
[architecture.building_function] circus	1
[architecture.building_function] cider	1
[architecture.building_function] church of all nations	1
[architecture.building_function] church	1
[architecture.building_function] christmas party	1
[architecture.building_function] chor	1
[architecture.building_function] china	1
[architecture.building_function] chester	1
[architecture.building_function] chennai	1
[architecture.building_function] cheese	1
[architecture.building_function] cheer	1
[architecture.building_function] charleston	1
[architecture.building_function] characteristics	1
[architecture.building_function] chandigarh	1
[architecture.building_function] centre	1
[architecture.building_function] center parking	1
[architecture.building_function] cell	1
[architecture.building_function] ceiling	1
[architecture.building_function] cat	1
[architecture.building_function] casual	1
[architecture.building_function] castle combe	1
[architecture.building_function] cast recording	1
[architecture.building_function] cast	1
[architecture.building_function] casino	1
[architecture.building_function] cases	1
[architecture.building_function] carrubba	1
[architecture.building_function] careers	1
[architecture.building_function] care home	1
[architecture.building_function] care	1
[architecture.building_function] cards	1
[architecture.building_function] cardiff	1
[architecture.building_function] car	1
[architecture.building_function] capital	1
[architecture.building_function] canton	1
[architecture.building_function] cancun	1
[architecture.building_function] canary wharf	1
[architecture.building_function] camera	1
[architecture.building_function] cambridge station	1
[architecture.building_function] cambridge menu	1
[architecture.building_function] cambridge	1
[architecture.building_function] calgary	1
[architecture.building_function] calculations	1
[architecture.building_function] calais	1
[architecture.building_function] cake	1
[architecture.building_function] cafe yogyakarta	1
[architecture.building_function] cafe jogja	1
[architecture.building_function] c	1
[architecture.building_function] buxton	1
[architecture.building_function] bureau	1
[architecture.building_function] builders	1
[architecture.building_function] budapest	1
[architecture.building_function] brussels	1
[architecture.building_function] brownies	1
[architecture.building_function] broadway review	1
[architecture.building_function] broadway cast	1
[architecture.building_function] bridgwater	1
[architecture.building_function] brewing	1
[architecture.building_function] break season 6	1
[architecture.building_function] break season 5	1
[architecture.building_function] break season 4	1
[architecture.building_function] break season 1	1
[architecture.building_function] break cast	1
[architecture.building_function] break	1
[architecture.building_function] brawl	1
[architecture.building_function] bravo	1
[architecture.building_function] brading	1
[architecture.building_function] boxes	1
[architecture.building_function] boulder	1
[architecture.building_function] boracay	1
[architecture.building_function] boogie	1
[architecture.building_function] bondi	1
[architecture.building_function] bolton	1
[architecture.building_function] bohinj	1
[architecture.building_function] boetfort	1
[architecture.building_function] boca	1
[architecture.building_function] bni	1
[architecture.building_function] blogs	1
[architecture.building_function] blocks	1
[architecture.building_function] block party	1
[architecture.building_function] block diagram	1
[architecture.building_function] black powder	1
[architecture.building_function] birmingham	1
[architecture.building_function] birds	1
[architecture.building_function] billing	1
[architecture.building_function] bike	1
[architecture.building_function] biergarten asbury park	1
[architecture.building_function] bhavana	1
[architecture.building_function] bexleyheath	1
[architecture.building_function] beowulf	1
[architecture.building_function] belfast	1
[architecture.building_function] beer garden	1
[architecture.building_function] bed	1
[architecture.building_function] bca	1
[architecture.building_function] bbq	1
[architecture.building_function] batumi	1
[architecture.building_function] bath spa	1
[architecture.building_function] bath	1
[architecture.building_function] basket	1
[architecture.building_function] baseball	1
[architecture.building_function] bars	1
[architecture.building_function] barrow	1
[architecture.building_function] barn amana	1
[architecture.building_function] bargains	1
[architecture.building_function] barbados	1
[architecture.building_function] bar wellington	1
[architecture.building_function] bar menu	1
[architecture.building_function] bar atlanta	1
[architecture.building_function] banking	1
[architecture.building_function] bangalore	1
[architecture.building_function] bandung jakarta	1
[architecture.building_function] band	1
[architecture.building_function] balls	1
[architecture.building_function] ballenberg	1
[architecture.building_function] bags	1
[architecture.building_function] bag	1
[architecture.building_function] axle uk	1
[architecture.building_function] axle	1
[architecture.building_function] axbridge	1
[architecture.building_function] austin	1
[architecture.building_function] auditorium	1
[architecture.building_function] auckland	1
[architecture.building_function] attire	1
[architecture.building_function] athens tn	1
[architecture.building_function] at the park	1
[architecture.building_function] at halicarnassus	1
[architecture.building_function] at bull run	1
[architecture.building_function] arts center	1
[architecture.building_function] arizona	1
[architecture.building_function] arcadium	1
[architecture.building_function] appleton	1
[architecture.building_function] apparatus and their uses	1
[architecture.building_function] apparatus	1
[architecture.building_function] apk	1
[architecture.building_function] aphrodisias	1
[architecture.building_function] aphg	1
[architecture.building_function] apartment	1
[architecture.building_function] annulus	1
[architecture.building_function] annex	1
[architecture.building_function] animation	1
[architecture.building_function] animals	1
[architecture.building_function] anglesey	1
[architecture.building_function] angina	1
[architecture.building_function] angel	1
[architecture.building_function] andover	1
[architecture.building_function] anderson ca	1
[architecture.building_function] and receiver	1
[architecture.building_function] and lux	1
[architecture.building_function] and fleet	1
[architecture.building_function] and development	1
[architecture.building_function] ancient greece	1
[architecture.building_function] anchorage	1
[architecture.building_function] analyst	1
[architecture.building_function] amsterdam	1
[architecture.building_function] amc	1
[architecture.building_function] alone	1
[architecture.building_function] ales	1
[architecture.building_function] album	1
[architecture.building_function] ala moana	1
[architecture.building_function] akhtar	1
[architecture.building_function] airlock	1
[architecture.building_function] air	1
[architecture.building_function] aiken sc	1
[architecture.building_function] agora	1
[architecture.building_function] agent	1
[architecture.building_function] age	1
[architecture.building_function] advantages and disadvantages	1
[architecture.building_function] advantages	1
[architecture.building_function] administrator salary	1
[architecture.building_function] administrator	1
[architecture.building_function] activities	1
[architecture.building_function] act	1
[architecture.building_function] acnl	1
[architecture.building_function] accrington	1
[architecture.building_function] academy	1
[architecture.building_function] abu dhabi	1
[architecture.building_function] a louer	1
[architecture.building_function] 9.99	1
[architecture.building_function] 8	1
[architecture.building_function] 7 deck	1
[architecture.building_function] 616	1
[architecture.building_function] 6 san diego	1
[architecture.building_function] 6 near me	1
[architecture.building_function] 54	1
[architecture.building_function] 42701	1
[architecture.building_function] 4	1
[architecture.building_function] 3d	1
[architecture.building_function] 365 portal	1
[architecture.building_function] 365 mail	1
[architecture.building_function] 29	1
[architecture.building_function] 2015	1
[architecture.building_function] 2000	1
[architecture.building_function] 1d	1
[architecture.building_function] 1946	1
[architecture.building_function] 19	1
[architecture.building_function] 1861	1
[architecture.building_function] 16	1
[architecture.building_function] 13	1
