[book.written_work]	1000
[book.written_work] pdf	692
[book.written_work] summary	516
[book.written_work] movie	429
[book.written_work] quotes	415
[book.written_work] characters	251
[book.written_work] review	242
[book.written_work] cast	232
[book.written_work] book	227
[book.written_work] full movie	147
[book.written_work] sparknotes	140
[book.written_work] analysis	136
[book.written_work] amazon	127
[book.written_work] trailer	122
[book.written_work] audiobook	120
[book.written_work] themes	100
[book.written_work] epub	95
[book.written_work] lyrics	84
[book.written_work] meaning	77
[book.written_work] online	72
[book.written_work] imdb	61
[book.written_work] script	56
[book.written_work] soundtrack	55
[book.written_work] songs	52
[book.written_work] youtube	51
[book.written_work] song	51
[book.written_work] film	50
[book.written_work] theme	48
[book.written_work] 2	46
[book.written_work] london	45
[book.written_work] tour	39
[book.written_work] wiki	38
[book.written_work] text	38
[book.written_work] series	37
[book.written_work] story	35
[book.written_work] poem	34
[book.written_work] audio	34
[book.written_work] download	31
[book.written_work] tickets	29
[book.written_work] shmoop	29
[book.written_work] read online	27
[book.written_work] watch online	26
[book.written_work] pdf download	25
[book.written_work] definition	25
[book.written_work] ending	23
[book.written_work] author	22
[book.written_work] synopsis	20
[book.written_work] in hindi	20
[book.written_work] game	20
[book.written_work] netflix	18
[book.written_work] musical	18
[book.written_work] play	17
[book.written_work] free download	17
[book.written_work] episode 1	17
[book.written_work] ebook	17
[book.written_work] broadway	17
[book.written_work] kjv	16
[book.written_work] season 2	15
[book.written_work] pdf free download	15
[book.written_work] book review	15
[book.written_work] bbc	15
[book.written_work] translation	14
[book.written_work] quizlet	14
[book.written_work] full text	14
[book.written_work] commentary	14
[book.written_work] band	14
[book.written_work] 3	14
[book.written_work] setting	13
[book.written_work] questions	13
[book.written_work] pages	13
[book.written_work] citation	13
[book.written_work] apush	13
[book.written_work] 2017	13
[book.written_work] vs movie	12
[book.written_work] explained	12
[book.written_work] dvd	12
[book.written_work] chapter 1	12
[book.written_work] bible	12
[book.written_work] short story	11
[book.written_work] novel	10
[book.written_work] list	10
[book.written_work] goodreads	10
[book.written_work] anime	10
[book.written_work] subtitles	9
[book.written_work] study	9
[book.written_work] meme	9
[book.written_work] manga	9
[book.written_work] chapters	9
[book.written_work] 2015	9
[book.written_work] tattoo	8
[book.written_work] plot	8
[book.written_work] page count	8
[book.written_work] melbourne	8
[book.written_work] facts	8
[book.written_work] english	8
[book.written_work] comic	8
[book.written_work] video	7
[book.written_work] sequel	7
[book.written_work] rotten tomatoes	7
[book.written_work] music	7
[book.written_work] fanfiction	7
[book.written_work] episode list	7
[book.written_work] crossword	7
[book.written_work] volume 2 pdf	6
[book.written_work] speech	6
[book.written_work] short summary	6
[book.written_work] reviews	6
[book.written_work] release date	6
[book.written_work] reddit	6
[book.written_work] part 2	6
[book.written_work] menu	6
[book.written_work] manchester	6
[book.written_work] kindle	6
[book.written_work] gif	6
[book.written_work] disney	6
[book.written_work] book 2	6
[book.written_work] app	6
[book.written_work] 4	6
[book.written_work] 2009	6
[book.written_work] 1	6
[book.written_work] words	5
[book.written_work] sydney	5
[book.written_work] song lyrics	5
[book.written_work] season 3	5
[book.written_work] quiz	5
[book.written_work] pronunciation	5
[book.written_work] opera	5
[book.written_work] movies	5
[book.written_work] moral	5
[book.written_work] mobi	5
[book.written_work] in urdu	5
[book.written_work] in english	5
[book.written_work] house	5
[book.written_work] for sale	5
[book.written_work] first edition	5
[book.written_work] episodes	5
[book.written_work] chicago	5
[book.written_work] chapter summary	5
[book.written_work] chapter 2	5
[book.written_work] cartoon	5
[book.written_work] books	5
[book.written_work] book 1	5
[book.written_work] best translation	5
[book.written_work] ballet	5
[book.written_work] audiobook free	5
[book.written_work] 2016	5
[book.written_work]er	4
[book.written_work] vs film	4
[book.written_work] verses	4
[book.written_work] uk	4
[book.written_work] tv series	4
[book.written_work] tv	4
[book.written_work] toronto	4
[book.written_work] timeline	4
[book.written_work] symbolism	4
[book.written_work] summary pdf	4
[book.written_work] show	4
[book.written_work] questions and answers	4
[book.written_work] purpose	4
[book.written_work] part 1	4
[book.written_work] outline	4
[book.written_work] movie release date	4
[book.written_work] movie online	4
[book.written_work] map	4
[book.written_work] live	4
[book.written_work] length	4
[book.written_work] in tamil	4
[book.written_work] hardcover	4
[book.written_work] full text pdf	4
[book.written_work] full movie in hindi	4
[book.written_work] full movie download	4
[book.written_work] free	4
[book.written_work] fake	4
[book.written_work] excerpt	4
[book.written_work] episode 1 english dub	4
[book.written_work] documentary	4
[book.written_work] date	4
[book.written_work] crossword clue	4
[book.written_work] costume	4
[book.written_work] context	4
[book.written_work] canada	4
[book.written_work] book pdf	4
[book.written_work] book 3	4
[book.written_work] audience	4
[book.written_work] activities	4
[book.written_work] 2007	4
[book.written_work] 2005	4
[book.written_work] 2000	4
[book.written_work] 2 full movie	4
[book.written_work] 11	4
novell [book.written_work]	3
[book.written_work]s	3
[book.written_work]a	3
[book.written_work] worksheet answers	3
[book.written_work] volume 3 pdf	3
[book.written_work] volume 2	3
[book.written_work] volume 1	3
[book.written_work] tv tropes	3
[book.written_work] tv show	3
[book.written_work] trilogy	3
[book.written_work] tour 2015	3
[book.written_work] tagalog	3
[book.written_work] study questions and answers	3
[book.written_work] study guide	3
[book.written_work] study activities	3
[book.written_work] stratford	3
[book.written_work] singapore	3
[book.written_work] seattle	3
[book.written_work] season 1	3
[book.written_work] script pdf	3
[book.written_work] san francisco	3
[book.written_work] reading order	3
[book.written_work] published	3
[book.written_work] poet	3
[book.written_work] plot summary	3
[book.written_work] nz	3
[book.written_work] niv	3
[book.written_work] museum	3
[book.written_work] muny	3
[book.written_work] movie download	3
[book.written_work] monster	3
[book.written_work] monologue	3
[book.written_work] lds	3
[book.written_work] las vegas	3
[book.written_work] language	3
[book.written_work] killer	3
[book.written_work] india	3
[book.written_work] impact	3
[book.written_work] images	3
[book.written_work] houston	3
[book.written_work] hotel	3
[book.written_work] genesis	3
[book.written_work] full movie online	3
[book.written_work] family tree	3
[book.written_work] examples	3
[book.written_work] essay	3
[book.written_work] episode 1 english sub	3
[book.written_work] english dub	3
[book.written_work] edinburgh	3
[book.written_work] dub	3
[book.written_work] chapter summaries	3
[book.written_work] chapter 3	3
[book.written_work] catholic	3
[book.written_work] canto 1	3
[book.written_work] cafe	3
[book.written_work] by edgar allan poe	3
[book.written_work] bootleg	3
[book.written_work] bible study	3
[book.written_work] australia	3
[book.written_work] austin	3
[book.written_work] analysis line by line	3
[book.written_work] album	3
[book.written_work] act 1	3
[book.written_work] 4th edition	3
[book.written_work] 2018	3
[book.written_work] 2014	3
[book.written_work] 2012	3
[book.written_work] 2011	3
[book.written_work] 2004	3
[book.written_work] 1999	3
[book.written_work] 1987	3
[book.written_work] 1974	3
[book.written_work] 1931	3
[book.written_work] 123movies	3
[book.written_work] (2015)	3
[book.written_work] (1975)	3
dan brown [book.written_work]	2
[book.written_work]s movie	2
[book.written_work]i	2
[book.written_work]e	2
[book.written_work]ard	2
[book.written_work] writing	2
[book.written_work] writer	2
[book.written_work] witcher 3	2
[book.written_work] wine	2
[book.written_work] william blake	2
[book.written_work] walt whitman	2
[book.written_work] volume 5 pdf	2
[book.written_work] volume 4 pdf	2
[book.written_work] volume 1 pdf	2
[book.written_work] videos	2
[book.written_work] university	2
[book.written_work] unit	2
[book.written_work] tsw	2
[book.written_work] trump	2
[book.written_work] transcript	2
[book.written_work] tone	2
[book.written_work] therapy	2
[book.written_work] theory	2
[book.written_work] the musical	2
[book.written_work] test	2
[book.written_work] tamil pdf	2
[book.written_work] tamil	2
[book.written_work] summary part 1	2
[book.written_work] suite	2
[book.written_work] study questions	2
[book.written_work] study answers	2
[book.written_work] strain	2
[book.written_work] speech text	2
[book.written_work] speech date	2
[book.written_work] song list	2
[book.written_work] solutions	2
[book.written_work] simpsons	2
[book.written_work] simplified	2
[book.written_work] significance	2
[book.written_work] sheet music	2
[book.written_work] sf	2
[book.written_work] season 4 episode 1	2
[book.written_work] season 4	2
[book.written_work] salon	2
[book.written_work] rose	2
[book.written_work] rhyme scheme	2
[book.written_work] revision	2
[book.written_work] remake	2
[book.written_work] reading level	2
[book.written_work] reading	2
[book.written_work] racist	2
[book.written_work] queen	2
[book.written_work] prologue	2
[book.written_work] price	2
[book.written_work] ppt	2
[book.written_work] poster	2
[book.written_work] portland	2
[book.written_work] poem pdf	2
[book.written_work] podcast	2
[book.written_work] pictures	2
[book.written_work] piano	2
[book.written_work] perth	2
[book.written_work] part 2 full movie	2
[book.written_work] overview	2
[book.written_work] ost	2
[book.written_work] original cast	2
[book.written_work] original	2
[book.written_work] origin	2
[book.written_work] online free	2
[book.written_work] nyc	2
[book.written_work] novelist	2
[book.written_work] notes	2
[book.written_work] nkjv	2
[book.written_work] nj	2
[book.written_work] national theatre	2
[book.written_work] names	2
[book.written_work] name	2
[book.written_work] mozart	2
[book.written_work] movie cast	2
[book.written_work] meaning in hindi	2
[book.written_work] manila	2
[book.written_work] manhwa	2
[book.written_work] love	2
[book.written_work] los angeles	2
[book.written_work] location	2
[book.written_work] liverpool	2
[book.written_work] lincoln	2
[book.written_work] lewis carroll	2
[book.written_work] letter	2
[book.written_work] laws	2
[book.written_work] latin	2
[book.written_work] kissanime	2
[book.written_work] king	2
[book.written_work] jr	2
[book.written_work] jesus	2
[book.written_work] introduction	2
[book.written_work] in urdu pdf	2
[book.written_work] in the bible	2
[book.written_work] in spanish	2
[book.written_work] in order	2
[book.written_work] hillary clinton	2
[book.written_work] gutenberg	2
[book.written_work] group	2
[book.written_work] greek	2
[book.written_work] graphic novel	2
[book.written_work] globe	2
[book.written_work] genre	2
[book.written_work] full speech	2
[book.written_work] full show	2
[book.written_work] full movie free	2
[book.written_work] full	2
[book.written_work] foucault	2
[book.written_work] format	2
[book.written_work] fate	2
[book.written_work] excerpts	2
[book.written_work] example	2
[book.written_work] esv	2
[book.written_work] español	2
[book.written_work] english translation	2
[book.written_work] english pdf	2
[book.written_work] ebay	2
[book.written_work] dublin	2
[book.written_work] dress	2
[book.written_work] drama	2
[book.written_work] doll	2
[book.written_work] director	2
[book.written_work] denver	2
[book.written_work] dance	2
[book.written_work] criticism	2
[book.written_work] critical analysis	2
[book.written_work] copy	2
[book.written_work] controversy	2
[book.written_work] composer	2
[book.written_work] comics	2
[book.written_work] collection	2
[book.written_work] clothing	2
[book.written_work] city	2
[book.written_work] chords	2
[book.written_work] character sketch	2
[book.written_work] character descriptions	2
[book.written_work] chapter 6	2
[book.written_work] chapter 4	2
[book.written_work] chapter 13	2
[book.written_work] chapter 11	2
[book.written_work] chapter 1 summary	2
[book.written_work] catering	2
[book.written_work] castle	2
[book.written_work] canto 3	2
[book.written_work] by ray bradbury	2
[book.written_work] box	2
[book.written_work] boston	2
[book.written_work] book series	2
[book.written_work] book 9	2
[book.written_work] board game	2
[book.written_work] blake	2
[book.written_work] birmingham	2
[book.written_work] bible gateway	2
[book.written_work] awards	2
[book.written_work] audio book	2
[book.written_work] answers	2
[book.written_work] annotated	2
[book.written_work] and me	2
[book.written_work] america	2
[book.written_work] adalah	2
[book.written_work] 9	2
[book.written_work] 5	2
[book.written_work] 2013	2
[book.written_work] 2008	2
[book.written_work] 2006	2
[book.written_work] 2003	2
[book.written_work] 2 trailer	2
[book.written_work] 2 release date	2
[book.written_work] 1997	2
[book.written_work] 1996	2
[book.written_work] 1992	2
[book.written_work] 1986	2
[book.written_work] 1983	2
[book.written_work] 1982	2
[book.written_work] 1972	2
[book.written_work] 1962	2
[book.written_work] 1960	2
[book.written_work] 1959	2
[book.written_work] 1934	2
[book.written_work] 1925	2
[book.written_work] (2009)	2
y[book.written_work]ey	1
world's [book.written_work]	1
watch [book.written_work]	1
until [book.written_work]	1
the ultimate [book.written_work]	1
the crown crime companion [book.written_work]	1
the [book.written_work]	1
stephen king [book.written_work]	1
stephen [book.written_work] pdf	1
ray bradbury [book.written_work]	1
novell [book.written_work] download	1
marjane satrapi [book.written_work] download	1
holiday [book.written_work] of complaint	1
herodotus [book.written_work]	1
dark tower [book.written_work]	1
banda [book.written_work]	1
andrew lloyd webber [book.written_work]	1
all about [book.written_work]	1
after [book.written_work]	1
[book.written_work]z	1
[book.written_work]y goat	1
[book.written_work]y flaneur	1
[book.written_work]x	1
[book.written_work]ware	1
[book.written_work]ura	1
[book.written_work]ur lady of fatima	1
[book.written_work]ups netflix	1
[book.written_work]ups	1
[book.written_work]u	1
[book.written_work]ton wi	1
[book.written_work]ton review	1
[book.written_work]ting and brainstorming	1
[book.written_work]ting	1
[book.written_work]t	1
[book.written_work]strom macroglobulinemia	1
[book.written_work]ss trust	1
[book.written_work]ss diaries 2	1
[book.written_work]ss diaries	1
[book.written_work]ss bride cast	1
[book.written_work]ss bride	1
[book.written_work]ss book	1
[book.written_work]ss and the pea	1
[book.written_work]ss and the frog	1
[book.written_work]ss	1
[book.written_work]ship	1
[book.written_work]s stephen king pdf	1
[book.written_work]s review	1
[book.written_work]s revenge	1
[book.written_work]s podcast	1
[book.written_work]s pdf	1
[book.written_work]s of the golden west	1
[book.written_work]s of egypt	1
[book.written_work]s of apollo the dark prophecy	1
[book.written_work]s of apollo book 3	1
[book.written_work]s of apollo book 2 pdf	1
[book.written_work]s of apollo book 2	1
[book.written_work]s of apollo	1
[book.written_work]s near me	1
[book.written_work]s my bathroom	1
[book.written_work]s lyrics	1
[book.written_work]s isaac	1
[book.written_work]s in texas	1
[book.written_work]s fresh air	1
[book.written_work]s ebay	1
[book.written_work]s directory	1
[book.written_work]s clermont	1
[book.written_work]s centurion	1
[book.written_work]s castle	1
[book.written_work]s brooklyn	1
[book.written_work]s bourbon and bayou	1
[book.written_work]s band	1
[book.written_work]ry twin falls	1
[book.written_work]ry	1
[book.written_work]run	1
[book.written_work]rpheus	1
[book.written_work]rma	1
[book.written_work]rm cream	1
[book.written_work]rl	1
[book.written_work]pots	1
[book.written_work]or returns	1
[book.written_work]or movie	1
[book.written_work]or game	1
[book.written_work]or	1
[book.written_work]ongtobeat	1
[book.written_work]oleum at halicarnassus	1
[book.written_work]oleum	1
[book.written_work]off	1
[book.written_work]o menu	1
[book.written_work]o dubai	1
[book.written_work]o	1
[book.written_work]n poem	1
[book.written_work]mia	1
[book.written_work]m	1
[book.written_work]logical association	1
[book.written_work]lan	1
[book.written_work]j sample	1
[book.written_work]j mp3	1
[book.written_work]j meaning	1
[book.written_work]j lyrics	1
[book.written_work]j	1
[book.written_work]ism pdf	1
[book.written_work]ism	1
[book.written_work]ish meaning	1
[book.written_work]ish	1
[book.written_work]ing wolf	1
[book.written_work]ing	1
[book.written_work]inen jäsenkorjaus	1
[book.written_work]in wolf	1
[book.written_work]in rays	1
[book.written_work]in	1
[book.written_work]illion	1
[book.written_work]icity definition	1
[book.written_work]ia	1
[book.written_work]house	1
[book.written_work]fuel	1
[book.written_work]flies	1
[book.written_work]fare	1
[book.written_work]ers	1
[book.written_work]er monkey	1
[book.written_work]er c96	1
[book.written_work]ee band	1
[book.written_work]ee	1
[book.written_work]e taiwan	1
[book.written_work]e taipei	1
[book.written_work]e of lucius apuleius pdf	1
[book.written_work]ard of oz cast	1
[book.written_work]ard of oz book	1
[book.written_work]ard of oz	1
[book.written_work]ard of lies trailer	1
[book.written_work]ard of lies review	1
[book.written_work]ard of lies cast	1
[book.written_work]ard of lies	1
[book.written_work]ard miami	1
[book.written_work]ard hotel	1
[book.written_work]ard high line	1
[book.written_work]and reed	1
[book.written_work]am movie	1
[book.written_work]am	1
[book.written_work]ala attitude	1
[book.written_work]ain	1
[book.written_work]9	1
[book.written_work]. t.s. eliot. read by anthony hopkins	1
[book.written_work]'s squire	1
[book.written_work]'s moving castle	1
[book.written_work]'s lantern	1
[book.written_work] – tom wolfe	1
[book.written_work] zelda	1
[book.written_work] yugioh	1
[book.written_work] york	1
[book.written_work] yale	1
[book.written_work] xi	1
[book.written_work] ww1	1
[book.written_work] written by	1
[book.written_work] written	1
[book.written_work] writer crossword	1
[book.written_work] worksheets	1
[book.written_work] worksheet	1
[book.written_work] woodward	1
[book.written_work] women	1
[book.written_work] wolfenstein	1
[book.written_work] wolf trap	1
[book.written_work] wolf	1
[book.written_work] witney	1
[book.written_work] within	1
[book.written_work] with the red hair	1
[book.written_work] with selections from the objections and replies	1
[book.written_work] with pictures pdf	1
[book.written_work] witch hunters cast	1
[book.written_work] witch hunters	1
[book.written_work] witch	1
[book.written_work] windsor	1
[book.written_work] william wordsworth	1
[book.written_work] william powell	1
[book.written_work] william blake theme	1
[book.written_work] william blake analysis	1
[book.written_work] wilhelm	1
[book.written_work] wilfred owen	1
[book.written_work] wikipedia	1
[book.written_work] wife	1
[book.written_work] when humans transcend biology	1
[book.written_work] what i did for love	1
[book.written_work] went to sea	1
[book.written_work] went to prada	1
[book.written_work] wells	1
[book.written_work] weiss	1
[book.written_work] wedding vows	1
[book.written_work] wedding	1
[book.written_work] watch order	1
[book.written_work] was another name for which era	1
[book.written_work] warrior	1
[book.written_work] warnings	1
[book.written_work] warlock	1
[book.written_work] wagner	1
[book.written_work] wa	1
[book.written_work] vs prose edda	1
[book.written_work] vs kjv	1
[book.written_work] voluspa	1
[book.written_work] volume 5	1
[book.written_work] volume 3	1
[book.written_work] voldemort	1
[book.written_work] vol 7 pdf	1
[book.written_work] vol 6 pdf	1
[book.written_work] vol 5 pdf	1
[book.written_work] vol 4 pdf	1
[book.written_work] vol 3 pdf	1
[book.written_work] vol 3	1
[book.written_work] vol 1 pdf	1
[book.written_work] vol 1	1
[book.written_work] visual editions	1
[book.written_work] violin	1
[book.written_work] vikings	1
[book.written_work] verses about love	1
[book.written_work] verses about faith	1
[book.written_work] verse of the day	1
[book.written_work] verse	1
[book.written_work] vegas	1
[book.written_work] van pelt	1
[book.written_work] us	1
[book.written_work] untold cast	1
[book.written_work] untold 2	1
[book.written_work] untold	1
[book.written_work] uno	1
[book.written_work] unit answer key	1
[book.written_work] unions	1
[book.written_work] unabridged	1
[book.written_work] umberto eco	1
[book.written_work] uk tour	1
[book.written_work] uhtred	1
[book.written_work] türkçe	1
[book.written_work] typer	1
[book.written_work] twist	1
[book.written_work] twins	1
[book.written_work] twin flame	1
[book.written_work] tutorial	1
[book.written_work] turner	1
[book.written_work] tunnels	1
[book.written_work] true detective	1
[book.written_work] trigrams	1
[book.written_work] tricks	1
[book.written_work] trees	1
[book.written_work] travel	1
[book.written_work] translation pdf	1
[book.written_work] translation english	1
[book.written_work] translated	1
[book.written_work] traitor of mars	1
[book.written_work] tradition	1
[book.written_work] tour schedule	1
[book.written_work] tour 2017	1
[book.written_work] torah	1
[book.written_work] topics	1
[book.written_work] toothpaste	1
[book.written_work] toonami	1
[book.written_work] tools	1
[book.written_work] tony kushner pdf	1
[book.written_work] tom wolfe	1
[book.written_work] tom holland	1
[book.written_work] toaru	1
[book.written_work] to water	1
[book.written_work] to texas	1
[book.written_work] to serfdom	1
[book.written_work] to raise a child origin	1
[book.written_work] to raise a child	1
[book.written_work] to freedom	1
[book.written_work] to eternity	1
[book.written_work] to el dorado	1
[book.written_work] time period	1
[book.written_work] time	1
[book.written_work] tim o'brien	1
[book.written_work] tibetan	1
[book.written_work] throne	1
[book.written_work] thovex	1
[book.written_work] thomas	1
[book.written_work] this restless house	1
[book.written_work] thirsk	1
[book.written_work] thesis	1
[book.written_work] therapy bangalore	1
[book.written_work] therapist	1
[book.written_work] theories	1
[book.written_work] theme song	1
[book.written_work] theatreworks	1
[book.written_work] theatre	1
[book.written_work] the will to knowledge	1
[book.written_work] the venetian	1
[book.written_work] the veldt	1
[book.written_work] the two towers	1
[book.written_work] the sequel	1
[book.written_work] the return of the king	1
[book.written_work] the real story	1
[book.written_work] the portrait	1
[book.written_work] the overcoat pdf	1
[book.written_work] the overcoat	1
[book.written_work] the outlaw years	1
[book.written_work] the nose	1
[book.written_work] the night	1
[book.written_work] the mummy	1
[book.written_work] the long haul full movie	1
[book.written_work] the long haul cast	1
[book.written_work] the long haul	1
[book.written_work] the little hours	1
[book.written_work] the lion and the mouse	1
[book.written_work] the judge	1
[book.written_work] the i love you song	1
[book.written_work] the fellowship of the ring	1
[book.written_work] the fates of human societies	1
[book.written_work] the epic of the persian kings	1
[book.written_work] the demons strike back	1
[book.written_work] the dead	1
[book.written_work] the birth of the prison	1
[book.written_work] thai	1
[book.written_work] tfana	1
[book.written_work] textbook	1
[book.written_work] texas	1
[book.written_work] testo	1
[book.written_work] test game	1
[book.written_work] test 2	1
[book.written_work] tentacle	1
[book.written_work] telford	1
[book.written_work] ted	1
[book.written_work] technique	1
[book.written_work] tax commission	1
[book.written_work] tavern	1
[book.written_work] tauhan	1
[book.written_work] tattoo studio	1
[book.written_work] tank	1
[book.written_work] tab	1
[book.written_work] t shirt	1
[book.written_work] synonym	1
[book.written_work] syndrome	1
[book.written_work] symptoms	1
[book.written_work] symbols	1
[book.written_work] symbol	1
[book.written_work] sykes	1
[book.written_work] syfy	1
[book.written_work] sweet	1
[book.written_work] sutton foster	1
[book.written_work] surgery	1
[book.written_work] supply	1
[book.written_work] supernatural	1
[book.written_work] sundaes	1
[book.written_work] summer school	1
[book.written_work] summary part 2	1
[book.written_work] summary in hindi	1
[book.written_work] summary chapters	1
[book.written_work] summary chapter wise	1
[book.written_work] summary chapter 1	1
[book.written_work] summary and analysis	1
[book.written_work] suite op. 66a	1
[book.written_work] suite no 1	1
[book.written_work] subaru	1
[book.written_work] sub indo	1
[book.written_work] study unit	1
[book.written_work] study pdf	1
[book.written_work] study chapter questions and answers	1
[book.written_work] string	1
[book.written_work] strauss	1
[book.written_work] story pdf	1
[book.written_work] story in hindi	1
[book.written_work] stormbreaker	1
[book.written_work] stories	1
[book.written_work] stone	1
[book.written_work] stolen	1
[book.written_work] steven universe	1
[book.written_work] stephen wolfram	1
[book.written_work] stephen mitchell pdf	1
[book.written_work] stephen mitchell	1
[book.written_work] stephen king	1
[book.written_work] stellaris	1
[book.written_work] statue	1
[book.written_work] state university	1
[book.written_work] state bank	1
[book.written_work] star plus	1
[book.written_work] stanley coren pdf	1
[book.written_work] stanford	1
[book.written_work] stan lee	1
[book.written_work] stampin up	1
[book.written_work] sri lanka	1
[book.written_work] spreadsheet	1
[book.written_work] spongebob	1
[book.written_work] spoleto	1
[book.written_work] spokane	1
[book.written_work] spoilers	1
[book.written_work] spoiler	1
[book.written_work] spike	1
[book.written_work] spielberg	1
[book.written_work] spider	1
[book.written_work] speech video	1
[book.written_work] speech transcript	1
[book.written_work] speech quotes	1
[book.written_work] speech pdf	1
[book.written_work] speech meaning	1
[book.written_work] speech jfk	1
[book.written_work] speech definition	1
[book.written_work] speech analysis	1
[book.written_work] sophocles	1
[book.written_work] sooners	1
[book.written_work] sonny	1
[book.written_work] songs youtube	1
[book.written_work] somers	1
[book.written_work] some limits on our capacity for processing information	1
[book.written_work] software	1
[book.written_work] snow	1
[book.written_work] smithsonian edition	1
[book.written_work] smithsonian	1
[book.written_work] slokas	1
[book.written_work] skit	1
[book.written_work] skarsgård	1
[book.written_work] simone de beauvoir	1
[book.written_work] silas	1
[book.written_work] signs	1
[book.written_work] significado	1
[book.written_work] signers	1
[book.written_work] signature	1
[book.written_work] sign	1
[book.written_work] sienna miller review	1
[book.written_work] sickness	1
[book.written_work] shrub	1
[book.written_work] shrek	1
[book.written_work] showtimes	1
[book.written_work] short stories	1
[book.written_work] shoreditch	1
[book.written_work] shoes	1
[book.written_work] shipoopi	1
[book.written_work] sherlock	1
[book.written_work] shelley	1
[book.written_work] sheffield	1
[book.written_work] sharif	1
[book.written_work] shakespeare and company	1
[book.written_work] shakespeare analysis	1
[book.written_work] shakespeare	1
[book.written_work] seven	1
[book.written_work] servants	1
[book.written_work] series order	1
[book.written_work] serial	1
[book.written_work] serafini	1
[book.written_work] selling platform	1
[book.written_work] security	1
[book.written_work] section 7	1
[book.written_work] section 3509	1
[book.written_work] section 162	1
[book.written_work] section 121	1
[book.written_work] sect	1
[book.written_work] second edition	1
[book.written_work] season 7	1
[book.written_work] season 5	1
[book.written_work] season 4 finale	1
[book.written_work] season 2 trailer	1
[book.written_work] season 2 episode 9	1
[book.written_work] season 14	1
[book.written_work] season 13	1
[book.written_work] search	1
[book.written_work] sdn bhd	1
[book.written_work] scott westerfeld	1
[book.written_work] score	1
[book.written_work] science	1
[book.written_work] school	1
[book.written_work] schizophrenia	1
[book.written_work] sbs	1
[book.written_work] saying	1
[book.written_work] saving private ryan	1
[book.written_work] saul alinsky pdf	1
[book.written_work] satire	1
[book.written_work] sartre pdf	1
[book.written_work] sartre	1
[book.written_work] sara	1
[book.written_work] santa cruz	1
[book.written_work] sanhedrin	1
[book.written_work] san jose	1
[book.written_work] san diego	1
[book.written_work] samson	1
[book.written_work] sample chapters	1
[book.written_work] said	1
[book.written_work] saber	1
[book.written_work] sabaton	1
[book.written_work] résumé	1
[book.written_work] rwby	1
[book.written_work] russell pdf	1
[book.written_work] rudyard kipling	1
[book.written_work] rsc review	1
[book.written_work] rsc	1
[book.written_work] rousseau	1
[book.written_work] roosevelt	1
[book.written_work] roomba	1
[book.written_work] robert munsch	1
[book.written_work] robert icke	1
[book.written_work] robert dimery	1
[book.written_work] robert browning	1
[book.written_work] rita	1
[book.written_work] ripper	1
[book.written_work] ringtone	1
[book.written_work] rights	1
[book.written_work] ridley scott	1
[book.written_work] rider	1
[book.written_work] riddles	1
[book.written_work] riddle	1
[book.written_work] riassunto	1
[book.written_work] rhetorical analysis	1
[book.written_work] revolution musical instruments	1
[book.written_work] revisited	1
[book.written_work] revised edition	1
[book.written_work] revised and complete edition	1
[book.written_work] resurrection	1
[book.written_work] resumen	1
[book.written_work] resulted in the	1
[book.written_work] resort	1
[book.written_work] report	1
[book.written_work] remix	1
[book.written_work] released	1
[book.written_work] release	1
[book.written_work] regents park	1
[book.written_work] refers to the storage capacity of blank memory	1
[book.written_work] refers to the storage capacity of	1
[book.written_work] refers to	1
[book.written_work] reed	1
[book.written_work] recording	1
[book.written_work] recipe	1
[book.written_work] reboot	1
[book.written_work] reasoning and rhetoric quizlet	1
[book.written_work] reasoning and rhetoric	1
[book.written_work] reader	1
[book.written_work] read online free	1
[book.written_work] read aloud	1
[book.written_work] re 0096 dub	1
[book.written_work] re 0096	1
[book.written_work] raymond carver	1
[book.written_work] rating	1
[book.written_work] ranking	1
[book.written_work] random	1
[book.written_work] ranch	1
[book.written_work] ramones	1
[book.written_work] ralph ellison	1
[book.written_work] raleigh	1
[book.written_work] radio	1
[book.written_work] rachel carson	1
[book.written_work] race	1
[book.written_work] quotes with page numbers	1
[book.written_work] quote	1
[book.written_work] quorum	1
[book.written_work] quest	1
[book.written_work] putters	1
[book.written_work] puppeteer	1
[book.written_work] puppet show	1
[book.written_work] pulled	1
[book.written_work] pub covent garden	1
[book.written_work] pub	1
[book.written_work] ptsd	1
[book.written_work] ps4	1
[book.written_work] ps3	1
[book.written_work] proof	1
[book.written_work] productions	1
[book.written_work] process	1
[book.written_work] pro patria mori poem	1
[book.written_work] pro patria mori	1
[book.written_work] pro am	1
[book.written_work] printable	1
[book.written_work] print	1
[book.written_work] principle	1
[book.written_work] press	1
[book.written_work] president	1
[book.written_work] pratt	1
[book.written_work] portsmouth	1
[book.written_work] portal	1
[book.written_work] pork	1
[book.written_work] pond	1
[book.written_work] pollution	1
[book.written_work] point blanc	1
[book.written_work] poetic devices	1
[book.written_work] poeme	1
[book.written_work] poema	1
[book.written_work] poem english	1
[book.written_work] poem arabic	1
[book.written_work] poem analysis	1
[book.written_work] poe	1
[book.written_work] playwright crossword clue	1
[book.written_work] placebo	1
[book.written_work] pizza	1
[book.written_work] pirate	1
[book.written_work] pink floyd	1
[book.written_work] pin	1
[book.written_work] pillow	1
[book.written_work] piggies	1
[book.written_work] piano notes	1
[book.written_work] physics	1
[book.written_work] photos	1
[book.written_work] phone number	1
[book.written_work] phoenix lyrics	1
[book.written_work] phoenix	1
[book.written_work] philip pullman	1
[book.written_work] philadelphia	1
[book.written_work] persona 5	1
[book.written_work] perfume	1
[book.written_work] peoples	1
[book.written_work] people	1
[book.written_work] pentecost	1
[book.written_work] penguins	1
[book.written_work] penguin	1
[book.written_work] pei	1
[book.written_work] pdf in telugu	1
[book.written_work] pdf in hindi	1
[book.written_work] pdf in gujarati	1
[book.written_work] pdf hindi	1
[book.written_work] pdf free	1
[book.written_work] pbs	1
[book.written_work] pawn stars	1
[book.written_work] paulo freire	1
[book.written_work] passion	1
[book.written_work] party	1
[book.written_work] part 3	1
[book.written_work] part 2 watch online	1
[book.written_work] part 2 tickets	1
[book.written_work] part 2 running time	1
[book.written_work] part 2 pdf	1
[book.written_work] part 2 cast	1
[book.written_work] part 2 123movies	1
[book.written_work] part 1 full movie	1
[book.written_work] park	1
[book.written_work] parayanam	1
[book.written_work] paraphrase	1
[book.written_work] paper pdf	1
[book.written_work] paper	1
[book.written_work] pantip	1
[book.written_work] pak	1
[book.written_work] painting	1
[book.written_work] page 713	1
[book.written_work] ozark	1
[book.written_work] ovid pdf	1
[book.written_work] ova	1
[book.written_work] outfitters	1
[book.written_work] other mother	1
[book.written_work] orion	1
[book.written_work] original text	1
[book.written_work] ordinal scale english sub	1
[book.written_work] ordinal scale english dub	1
[book.written_work] ordinal scale	1
[book.written_work] order	1
[book.written_work] oracle	1
[book.written_work] opener	1
[book.written_work] op	1
[book.written_work] online training	1
[book.written_work] oncology	1
[book.written_work] on pollution	1
[book.written_work] on moloch	1
[book.written_work] on mars	1
[book.written_work] on jesus christ	1
[book.written_work] on gst	1
[book.written_work] on global warming	1
[book.written_work] on first philosophy pdf	1
[book.written_work] on first philosophy	1
[book.written_work] on environment	1
[book.written_work] on aging	1
[book.written_work] omnibus	1
[book.written_work] old vic	1
[book.written_work] old globe	1
[book.written_work] old english	1
[book.written_work] offline	1
[book.written_work] of zero wiki	1
[book.written_work] of zero episode 1	1
[book.written_work] of zero	1
[book.written_work] of ww2	1
[book.written_work] of wonder woman	1
[book.written_work] of twin peaks pdf	1
[book.written_work] of twin peaks	1
[book.written_work] of the world	1
[book.written_work] of the vatican	1
[book.written_work] of the mongols	1
[book.written_work] of the mind	1
[book.written_work] of the civil war	1
[book.written_work] of tasmania	1
[book.written_work] of quaid e azam	1
[book.written_work] of prime intellect	1
[book.written_work] of job	1
[book.written_work] of gaia	1
[book.written_work] of euripides wole soyinka	1
[book.written_work] of euripides	1
[book.written_work] of egypt	1
[book.written_work] of confucius summary	1
[book.written_work] of confucius reflection	1
[book.written_work] of confucius ppt	1
[book.written_work] of confucius pdf download	1
[book.written_work] of confucius pdf	1
[book.written_work] of confucius analysis	1
[book.written_work] of 1986	1
[book.written_work] of 1954	1
[book.written_work] of 1926	1
[book.written_work] of 1631	1
[book.written_work] of 1086	1
[book.written_work] obama	1
[book.written_work] oakland	1
[book.written_work] o2	1
[book.written_work] o fortuna	1
[book.written_work] ny	1
[book.written_work] nursery rhyme	1
[book.written_work] novels	1
[book.written_work] novel review	1
[book.written_work] novel pdf	1
[book.written_work] not taken	1
[book.written_work] north	1
[book.written_work] norman rockwell	1
[book.written_work] nora roberts	1
[book.written_work] noel	1
[book.written_work] nizami pdf	1
[book.written_work] nier	1
[book.written_work] nicholas sparks pdf	1
[book.written_work] newton	1
[book.written_work] newly revised	1
[book.written_work] newcastle	1
[book.written_work] new yorker	1
[book.written_work] new york	1
[book.written_work] new westminster	1
[book.written_work] new mexico	1
[book.written_work] never say die	1
[book.written_work] net worth	1
[book.written_work] nedir	1
[book.written_work] nc	1
[book.written_work] navajo	1
[book.written_work] natural gas	1
[book.written_work] natsume	1
[book.written_work] national geographic	1
[book.written_work] national express	1
[book.written_work] naruto	1
[book.written_work] namaz rakat	1
[book.written_work] namaz	1
[book.written_work] mysterious package	1
[book.written_work] musubi	1
[book.written_work] musical lyrics	1
[book.written_work] musical instruments	1
[book.written_work] musical cast	1
[book.written_work] much more	1
[book.written_work] mtv	1
[book.written_work] mst3k	1
[book.written_work] mp3 song	1
[book.written_work] mp3	1
[book.written_work] moving reviews	1
[book.written_work] moving	1
[book.written_work] movie series	1
[book.written_work] movie review	1
[book.written_work] movie rating	1
[book.written_work] movie free download	1
[book.written_work] movie 2018	1
[book.written_work] movie 2017	1
[book.written_work] movie 2015	1
[book.written_work] movie 2007	1
[book.written_work] movie 2003	1
[book.written_work] movie 2	1
[book.written_work] movie 1990	1
[book.written_work] movie 1968	1
[book.written_work] motions	1
[book.written_work] moses	1
[book.written_work] morrison crossword	1
[book.written_work] morning mood	1
[book.written_work] morning	1
[book.written_work] montreal	1
[book.written_work] montag	1
[book.written_work] monk	1
[book.written_work] molly	1
[book.written_work] modernism	1
[book.written_work] mod	1
[book.written_work] mockingjay part 2	1
[book.written_work] mockingjay	1
[book.written_work] mit	1
[book.written_work] minutes	1
[book.written_work] mines	1
[book.written_work] mill pdf	1
[book.written_work] michel dansel extrait	1
[book.written_work] mexico	1
[book.written_work] metallum	1
[book.written_work] metallica	1
[book.written_work] met	1
[book.written_work] merch	1
[book.written_work] melbourne cast	1
[book.written_work] meetup	1
[book.written_work] mcintosh	1
[book.written_work] mcewan crossword	1
[book.written_work] maya angelou	1
[book.written_work] max weber	1
[book.written_work] matrix	1
[book.written_work] math	1
[book.written_work] massacres the 12 days of christmas	1
[book.written_work] mask	1
[book.written_work] mary shelley	1
[book.written_work] mars argo	1
[book.written_work] mark morris	1
[book.written_work] marina and the diamonds	1
[book.written_work] maria	1
[book.written_work] marcus aurelius quotes	1
[book.written_work] marcus aurelius pdf	1
[book.written_work] manuscripts	1
[book.written_work] manuscript	1
[book.written_work] mangafox	1
[book.written_work] manga online	1
[book.written_work] manga fox	1
[book.written_work] maneo	1
[book.written_work] man	1
[book.written_work] malcolm gladwell	1
[book.written_work] malaysia	1
[book.written_work] majeed	1
[book.written_work] maintained that	1
[book.written_work] magic	1
[book.written_work] magazine	1
[book.written_work] madrid	1
[book.written_work] madonna	1
[book.written_work] mac	1
[book.written_work] lyrics in hindi	1
[book.written_work] lyrics fgl	1
[book.written_work] lymm	1
[book.written_work] luke	1
[book.written_work] lottery	1
[book.written_work] lost	1
[book.written_work] london palladium	1
[book.written_work] london 2014	1
[book.written_work] lois lowry pdf	1
[book.written_work] locke	1
[book.written_work] liza minnelli	1
[book.written_work] live action cast	1
[book.written_work] list of prohibited books	1
[book.written_work] lipsense	1
[book.written_work] light novel	1
[book.written_work] life liberty and the pursuit of happiness	1
[book.written_work] lies	1
[book.written_work] library	1
[book.written_work] lexa	1
[book.written_work] lewis	1
[book.written_work] lev grossman	1
[book.written_work] less traveled	1
[book.written_work] lemony snicket	1
[book.written_work] league of nations	1
[book.written_work] law	1
[book.written_work] lancer	1
[book.written_work] la season 6	1
[book.written_work] la mirada	1
[book.written_work] la cast	1
[book.written_work] la	1
[book.written_work] kvs	1
[book.written_work] kurzweil	1
[book.written_work] kuhn	1
[book.written_work] ks3	1
[book.written_work] ks2	1
[book.written_work] koru	1
[book.written_work] korean movie	1
[book.written_work] korean	1
[book.written_work] korea	1
[book.written_work] kon	1
[book.written_work] koch	1
[book.written_work] knows alot about that	1
[book.written_work] klum kids	1
[book.written_work] klum and seal	1
[book.written_work] klum age	1
[book.written_work] klum	1
[book.written_work] klein	1
[book.written_work] kiss	1
[book.written_work] kipling	1
[book.written_work] kilworth house	1
[book.written_work] killer escape 2	1
[book.written_work] kiera cass	1
[book.written_work] kidney	1
[book.written_work] ki paribhasha	1
[book.written_work] key quotes	1
[book.written_work] kennedy center	1
[book.written_work] kate bush	1
[book.written_work] karnstein	1
[book.written_work] karl marx	1
[book.written_work] karl barth	1
[book.written_work] karasuba	1
[book.written_work] karana	1
[book.written_work] kant	1
[book.written_work] kaleidoscope	1
[book.written_work] kahlil gibran	1
[book.written_work] kabanata 2	1
[book.written_work] kabanata 1	1
[book.written_work] justifies quizlet	1
[book.written_work] joshua cohen	1
[book.written_work] joseph campbell	1
[book.written_work] jones	1
[book.written_work] jokes	1
[book.written_work] joker mask	1
[book.written_work] john stuart mill	1
[book.written_work] john rawls summary	1
[book.written_work] john rawls	1
[book.written_work] joe simpson	1
[book.written_work] jewelry	1
[book.written_work] jesus picture	1
[book.written_work] jesmond	1
[book.written_work] jefferson airplane	1
[book.written_work] japan	1
[book.written_work] jackson crawford pdf	1
[book.written_work] jackson crawford	1
[book.written_work] j cole	1
[book.written_work] iv	1
[book.written_work] ita	1
[book.written_work] it group	1
[book.written_work] it came	1
[book.written_work] island	1
[book.written_work] isaac	1
[book.written_work] is real	1
[book.written_work] is one of the finest examples of	1
[book.written_work] is most closely associated with	1
[book.written_work] is important because it	1
[book.written_work] is an example of what type of literature	1
[book.written_work] is an example of a	1
[book.written_work] is a biography. true false	1
[book.written_work] is a biography	1
[book.written_work] iron maiden	1
[book.written_work] iowa	1
[book.written_work] invasion	1
[book.written_work] introduction analysis	1
[book.written_work] interlinear	1
[book.written_work] interest groups	1
[book.written_work] instruments	1
[book.written_work] institute	1
[book.written_work] inniss-richter	1
[book.written_work] inn	1
[book.written_work] influence	1
[book.written_work] inferno	1
[book.written_work] indonesia pdf	1
[book.written_work] indonesia	1
[book.written_work] indianapolis	1
[book.written_work] indiana	1
[book.written_work] include	1
[book.written_work] incest	1
[book.written_work] in the world	1
[book.written_work] in the digital age	1
[book.written_work] in text citation	1
[book.written_work] in tamil pdf	1
[book.written_work] in php pdf	1
[book.written_work] in php	1
[book.written_work] in marathi pdf	1
[book.written_work] in kannada	1
[book.written_work] in javascript	1
[book.written_work] in java	1
[book.written_work] in hindi download	1
[book.written_work] in german	1
[book.written_work] in an emergency pdf	1
[book.written_work] in an emergency	1
[book.written_work] imgur	1
[book.written_work] illustrations	1
[book.written_work] illustrated pdf	1
[book.written_work] illustrated edition	1
[book.written_work] illustrated	1
[book.written_work] illegal	1
[book.written_work] idiot and i married one	1
[book.written_work] ice t	1
[book.written_work] hymn	1
[book.written_work] hurt lyrics	1
[book.written_work] hurt	1
[book.written_work] hunter	1
[book.written_work] hulu	1
[book.written_work] hudson	1
[book.written_work] hub	1
[book.written_work] house of seattle	1
[book.written_work] hours	1
[book.written_work] hospitality	1
[book.written_work] horror movie	1
[book.written_work] hong kong	1
[book.written_work] honda	1
[book.written_work] home	1
[book.written_work] holofernes	1
[book.written_work] hollow realization	1
[book.written_work] hollow knight	1
[book.written_work] hoffman	1
[book.written_work] hockey	1
[book.written_work] hobbes	1
[book.written_work] hoax	1
[book.written_work] hitter	1
[book.written_work] history	1
[book.written_work] hiruma	1
[book.written_work] hexagrams	1
[book.written_work] hesiod	1
[book.written_work] heritage	1
[book.written_work] hellsing	1
[book.written_work] heart	1
[book.written_work] hd	1
[book.written_work] hbo	1
[book.written_work] hastur	1
[book.written_work] haruki murakami	1
[book.written_work] harlan coben	1
[book.written_work] hangisi yoktur	1
[book.written_work] hamlet	1
[book.written_work] hamilton	1
[book.written_work] hair	1
[book.written_work] hadith with audio	1
[book.written_work] hadith	1
[book.written_work] guitar	1
[book.written_work] guide	1
[book.written_work] grieg	1
[book.written_work] greek god	1
[book.written_work] graphology	1
[book.written_work] grammar	1
[book.written_work] gordon fee	1
[book.written_work] gogoanime	1
[book.written_work] glasgow	1
[book.written_work] gin	1
[book.written_work] giants	1
[book.written_work] general prologue	1
[book.written_work] gateway	1
[book.written_work] gardens	1
[book.written_work] gang of four	1
[book.written_work] games	1
[book.written_work] gameplay	1
[book.written_work] galway	1
[book.written_work] galleria	1
[book.written_work] gaiety	1
[book.written_work] gage	1
[book.written_work] fx	1
[book.written_work] fund	1
[book.written_work] full story	1
[book.written_work] full song	1
[book.written_work] full poem	1
[book.written_work] full plot	1
[book.written_work] full movie online free	1
[book.written_work] frost	1
[book.written_work] friday	1
[book.written_work] french revolution	1
[book.written_work] french	1
[book.written_work] free pdf	1
[book.written_work] free online	1
[book.written_work] free ebook	1
[book.written_work] free download pdf	1
[book.written_work] francais	1
[book.written_work] fourth edition	1
[book.written_work] founder	1
[book.written_work] foundation	1
[book.written_work] foucault summary	1
[book.written_work] form 4	1
[book.written_work] form 1 synopsis	1
[book.written_work] form 1	1
[book.written_work] forgery	1
[book.written_work] for students	1
[book.written_work] for dummies	1
[book.written_work] food truck	1
[book.written_work] food	1
[book.written_work] font	1
[book.written_work] florida	1
[book.written_work] flood	1
[book.written_work] flone of the mysterious island	1
[book.written_work] flipkart	1
[book.written_work] flash	1
[book.written_work] firewall	1
[book.written_work] fig tree	1
[book.written_work] fifth edition (dsm-5)	1
[book.written_work] fifth edition	1
[book.written_work] ffxiv	1
[book.written_work] ferry	1
[book.written_work] fencing	1
[book.written_work] female version	1
[book.written_work] fdr	1
[book.written_work] farsi	1
[book.written_work] farms	1
[book.written_work] farm	1
[book.written_work] fargo	1
[book.written_work] faith and works	1
[book.written_work] fairies	1
[book.written_work] factorio	1
[book.written_work] facsimile	1
[book.written_work] eyes	1
[book.written_work] extrait	1
[book.written_work] extract	1
[book.written_work] expurgatorius	1
[book.written_work] explorer	1
[book.written_work] explanation	1
[book.written_work] explained simply pdf	1
[book.written_work] explained simply	1
[book.written_work] explained pdf	1
[book.written_work] exercise pdf	1
[book.written_work] exercise	1
[book.written_work] evil dead	1
[book.written_work] everyday	1
[book.written_work] eu	1
[book.written_work] essays on software engineering	1
[book.written_work] eric evans	1
[book.written_work] epub vk	1
[book.written_work] epub free	1
[book.written_work] epub download	1
[book.written_work] episode guide	1
[book.written_work] episode 5 english dub	1
[book.written_work] episode 4	1
[book.written_work] episode 3	1
[book.written_work] episode 2 answers	1
[book.written_work] episode 2	1
[book.written_work] episode	1
[book.written_work] english translation pdf	1
[book.written_work] english subtitles	1
[book.written_work] english pdf download	1
[book.written_work] engineers	1
[book.written_work] endorsed by andrew carnegie	1
[book.written_work] en la biblia	1
[book.written_work] emma lazarus	1
[book.written_work] emerson	1
[book.written_work] ellen white	1
[book.written_work] eliot	1
[book.written_work] elif	1
[book.written_work] egypt	1
[book.written_work] eggs	1
[book.written_work] eggplant	1
[book.written_work] effects	1
[book.written_work] edward gibbon	1
[book.written_work] editions	1
[book.written_work] edgar	1
[book.written_work] ebook download	1
[book.written_work] eau claire	1
[book.written_work] easterly pdf	1
[book.written_work] e	1
[book.written_work] dvd release	1
[book.written_work] dust storm dance	1
[book.written_work] dust	1
[book.written_work] dunkirk	1
[book.written_work] dufan	1
[book.written_work] dubai	1
[book.written_work] dsm-iv-tr	1
[book.written_work] drug	1
[book.written_work] drive in	1
[book.written_work] drive	1
[book.written_work] dreadfully ever after	1
[book.written_work] dramatist	1
[book.written_work] dragons	1
[book.written_work] dragon	1
[book.written_work] drafting committee	1
[book.written_work] donut	1
[book.written_work] donna tartt pdf	1
[book.written_work] dogs	1
[book.written_work] dog days	1
[book.written_work] dog	1
[book.written_work] doctor	1
[book.written_work] dj	1
[book.written_work] distilled pdf download	1
[book.written_work] distilled pdf	1
[book.written_work] distilled epub	1
[book.written_work] distilled	1
[book.written_work] disease	1
[book.written_work] dirty version	1
[book.written_work] dirty poem	1
[book.written_work] dirty	1
[book.written_work] digeorge	1
[book.written_work] diet	1
[book.written_work] dictionary	1
[book.written_work] diary of a madman	1
[book.written_work] diana gabaldon	1
[book.written_work] diagnosis	1
[book.written_work] dexter filkins	1
[book.written_work] describes	1
[book.written_work] descartes pdf	1
[book.written_work] descartes	1
[book.written_work] derby	1
[book.written_work] depression	1
[book.written_work] depository	1
[book.written_work] dennis scott	1
[book.written_work] definition us history	1
[book.written_work] dedication	1
[book.written_work] debunked	1
[book.written_work] deborah	1
[book.written_work] debate	1
[book.written_work] death on everest	1
[book.written_work] death	1
[book.written_work] dead souls	1
[book.written_work] de bono	1
[book.written_work] dc	1
[book.written_work] daycare	1
[book.written_work] day by day	1
[book.written_work] david tennant	1
[book.written_work] date written	1
[book.written_work] dancers	1
[book.written_work] dan brown pdf	1
[book.written_work] dallas cast	1
[book.written_work] dallas	1
[book.written_work] da ne yoktur	1
[book.written_work] cycles	1
[book.written_work] cycle	1
[book.written_work] crucifiction	1
[book.written_work] crossfit	1
[book.written_work] cromwell	1
[book.written_work] criticisms	1
[book.written_work] critical appreciation	1
[book.written_work] criteria	1
[book.written_work] criminal minds	1
[book.written_work] creation	1
[book.written_work] cranks	1
[book.written_work] cover	1
[book.written_work] covent garden	1
[book.written_work] couples retreat	1
[book.written_work] council of nicaea	1
[book.written_work] council	1
[book.written_work] cosplay	1
[book.written_work] cormen pdf	1
[book.written_work] conspiracy	1
[book.written_work] conquering the demons	1
[book.written_work] congress	1
[book.written_work] confucius	1
[book.written_work] conflict	1
[book.written_work] confession	1
[book.written_work] concert	1
[book.written_work] concept was established by	1
[book.written_work] common	1
[book.written_work] commencement speech	1
[book.written_work] comes back	1
[book.written_work] comedy tonight	1
[book.written_work] cologne	1
[book.written_work] colm toibin review	1
[book.written_work] college	1
[book.written_work] collection windows 7	1
[book.written_work] collection startet nicht	1
[book.written_work] collection español	1
[book.written_work] collection deutsch patch	1
[book.written_work] coleridge	1
[book.written_work] coleraine	1
[book.written_work] cole porter	1
[book.written_work] coins	1
[book.written_work] cohen	1
[book.written_work] coffee	1
[book.written_work] codes	1
[book.written_work] code of laws	1
[book.written_work] co	1
[book.written_work] cluster	1
[book.written_work] club questions	1
[book.written_work] club of rome	1
[book.written_work] club	1
[book.written_work] clrs	1
[book.written_work] closing	1
[book.written_work] cliff notes	1
[book.written_work] clean	1
[book.written_work] claudia	1
[book.written_work] classic	1
[book.written_work] class 9	1
[book.written_work] ck2	1
[book.written_work] city zoo	1
[book.written_work] city weather	1
[book.written_work] cinderella	1
[book.written_work] cider	1
[book.written_work] chronological order	1
[book.written_work] christchurch	1
[book.written_work] choir	1
[book.written_work] cho	1
[book.written_work] china	1
[book.written_work] chi rho	1
[book.written_work] chelmsford	1
[book.written_work] charlie higson	1
[book.written_work] charlie	1
[book.written_work] charles dickens	1
[book.written_work] character sketches	1
[book.written_work] character list	1
[book.written_work] character breakdown	1
[book.written_work] character analysis	1
[book.written_work] character	1
[book.written_work] chapter wise summary	1
[book.written_work] chapter list	1
[book.written_work] chapter eleven	1
[book.written_work] chapter 8	1
[book.written_work] chapter 65 verse 2	1
[book.written_work] chapter 5	1
[book.written_work] chapter 40	1
[book.written_work] chapter 4 summary	1
[book.written_work] chapter 34	1
[book.written_work] chapter 28	1
[book.written_work] chapter 23	1
[book.written_work] chapter 20 verse 1	1
[book.written_work] chapter 2 summary	1
[book.written_work] chapter 18 verse 19	1
[book.written_work] chapter 18 verse 18	1
[book.written_work] chapter 18	1
[book.written_work] chapter 17	1
[book.written_work] chapter 16 verse 12-14	1
[book.written_work] channel 7	1
[book.written_work] central	1
[book.written_work] cebu	1
[book.written_work] cbd	1
[book.written_work] cavalry	1
[book.written_work] catholic bible	1
[book.written_work] catching fire cast	1
[book.written_work] casualty	1
[book.written_work] castlevania	1
[book.written_work] caster	1
[book.written_work] castellucci	1
[book.written_work] cast list	1
[book.written_work] casino	1
[book.written_work] case	1
[book.written_work] carmel	1
[book.written_work] carl orff	1
[book.written_work] cards	1
[book.written_work] canvas	1
[book.written_work] canto 33	1
[book.written_work] canto 2	1
[book.written_work] canine consciousness and capabilities	1
[book.written_work] cancelled	1
[book.written_work] campground	1
[book.written_work] cambridge university press	1
[book.written_work] cambridge	1
[book.written_work] calhoun ga	1
[book.written_work] calculus	1
[book.written_work] cal	1
[book.written_work] cake	1
[book.written_work] cafe menu	1
[book.written_work] c#	1
[book.written_work] byu	1
[book.written_work] by william faulkner	1
[book.written_work] by william butler yeats	1
[book.written_work] by washington irving	1
[book.written_work] by walter isaacson pdf	1
[book.written_work] by thornton wilder	1
[book.written_work] by thomas paine	1
[book.written_work] by terry brooks	1
[book.written_work] by t.s. eliot	1
[book.written_work] by swami satchidananda pdf	1
[book.written_work] by swami satchidananda	1
[book.written_work] by steve alten	1
[book.written_work] by stephen hawking	1
[book.written_work] by stanley coren	1
[book.written_work] by sigmund freud	1
[book.written_work] by shakespeare	1
[book.written_work] by sachin garg pdf	1
[book.written_work] by sachin garg	1
[book.written_work] by richard wright	1
[book.written_work] by richard connell	1
[book.written_work] by richard bach	1
[book.written_work] by paulo coelho	1
[book.written_work] by o. henry	1
[book.written_work] by neil strauss pdf	1
[book.written_work] by neil strauss	1
[book.written_work] by napoleon hill	1
[book.written_work] by marcus aurelius	1
[book.written_work] by lois lowry	1
[book.written_work] by l. frank baum	1
[book.written_work] by kurt vonnegut	1
[book.written_work] by khaled hosseini	1
[book.written_work] by kernighan and ritchie pdf	1
[book.written_work] by junot diaz	1
[book.written_work] by jorge luis borges	1
[book.written_work] by jonathan swift pdf	1
[book.written_work] by jonathan swift	1
[book.written_work] by jon krakauer	1
[book.written_work] by john steinbeck in urdu	1
[book.written_work] by john knowles	1
[book.written_work] by jane austen summary	1
[book.written_work] by james joyce	1
[book.written_work] by isaac asimov summary	1
[book.written_work] by horace walpole	1
[book.written_work] by homer	1
[book.written_work] by hermann hesse	1
[book.written_work] by herman melville	1
[book.written_work] by haruki murakami	1
[book.written_work] by gregory david roberts	1
[book.written_work] by george orwell pdf	1
[book.written_work] by george eliot pdf	1
[book.written_work] by frederick p brooks	1
[book.written_work] by fred brooks	1
[book.written_work] by francis fukuyama	1
[book.written_work] by ernest hemingway	1
[book.written_work] by erik larson	1
[book.written_work] by eric carle	1
[book.written_work] by enoch powell	1
[book.written_work] by eckhart tolle	1
[book.written_work] by donald knuth	1
[book.written_work] by diana gabaldon	1
[book.written_work] by dennis ritchie	1
[book.written_work] by david allen	1
[book.written_work] by dan brown	1
[book.written_work] by dale carnegie	1
[book.written_work] by clement clarke moore	1
[book.written_work] by charlotte perkins gilman	1
[book.written_work] by arthur miller	1
[book.written_work] by anton chekhov	1
[book.written_work] by ambrose bierce	1
[book.written_work] by alex haley	1
[book.written_work] buy	1
[book.written_work] business park	1
[book.written_work] business card	1
[book.written_work] burt	1
[book.written_work] burns	1
[book.written_work] buod	1
[book.written_work] broadstairs	1
[book.written_work] british library	1
[book.written_work] brisbane	1
[book.written_work] brighton	1
[book.written_work] bridge	1
[book.written_work] bridal	1
[book.written_work] breastfeeding	1
[book.written_work] brean	1
[book.written_work] breaking bad	1
[book.written_work] branson belle	1
[book.written_work] brain	1
[book.written_work] bradbury audio	1
[book.written_work] bracelet	1
[book.written_work] boys	1
[book.written_work] box office	1
[book.written_work] bourbon	1
[book.written_work] boulder	1
[book.written_work] botticelli	1
[book.written_work] born	1
[book.written_work] borges	1
[book.written_work] book summary	1
[book.written_work] book song	1
[book.written_work] book order	1
[book.written_work] book online	1
[book.written_work] book movie	1
[book.written_work] book in hindi	1
[book.written_work] book full movie	1
[book.written_work] book cast	1
[book.written_work] book cartoon	1
[book.written_work] book by john perkins	1
[book.written_work] book amazon	1
[book.written_work] book 8	1
[book.written_work] book 7	1
[book.written_work] book 6	1
[book.written_work] book 5	1
[book.written_work] book 4	1
[book.written_work] book 11	1
[book.written_work] book 10	1
[book.written_work] book 1 canto 1	1
[book.written_work] bond	1
[book.written_work] bonas	1
[book.written_work] bombing	1
[book.written_work] bolshoi ballet	1
[book.written_work] bmx	1
[book.written_work] blurb	1
[book.written_work] blog	1
[book.written_work] blender	1
[book.written_work] blackley	1
[book.written_work] birthday	1
[book.written_work] birth	1
[book.written_work] bird	1
[book.written_work] biography	1
[book.written_work] bike	1
[book.written_work] bible quiz	1
[book.written_work] bible app	1
[book.written_work] beverly	1
[book.written_work] berurah english	1
[book.written_work] berurah	1
[book.written_work] berserker	1
[book.written_work] bend it	1
[book.written_work] begins	1
[book.written_work] beer	1
[book.written_work] beach resort	1
[book.written_work] beach	1
[book.written_work] baudelaire	1
[book.written_work] battery	1
[book.written_work] bass tab	1
[book.written_work] based true story	1
[book.written_work] barton	1
[book.written_work] barth pdf	1
[book.written_work] barth	1
[book.written_work] barnes and noble	1
[book.written_work] barbra streisand	1
[book.written_work] barbican	1
[book.written_work] baptism	1
[book.written_work] banned	1
[book.written_work] balsa	1
[book.written_work] bali	1
[book.written_work] background	1
[book.written_work] back to you	1
[book.written_work] award	1
[book.written_work] avot	1
[book.written_work] autism	1
[book.written_work] authors	1
[book.written_work] audiobook download	1
[book.written_work] audio bible	1
[book.written_work] audible	1
[book.written_work] auckland	1
[book.written_work] atlas obscura	1
[book.written_work] atlantis	1
[book.written_work] atlanta cast	1
[book.written_work] atlanta	1
[book.written_work] at the moon	1
[book.written_work] aspen	1
[book.written_work] asmodeus	1
[book.written_work] asl	1
[book.written_work] arthur	1
[book.written_work] artemis fowl	1
[book.written_work] armory	1
[book.written_work] aristotle	1
[book.written_work] ariana grande	1
[book.written_work] argov	1
[book.written_work] aquarius	1
[book.written_work] aqua	1
[book.written_work] appearance	1
[book.written_work] aphorisms	1
[book.written_work] ap euro	1
[book.written_work] anton szandor lavey pdf	1
[book.written_work] anton lavey	1
[book.written_work] antarctica	1
[book.written_work] animated	1
[book.written_work] angels	1
[book.written_work] and zombies	1
[book.written_work] and works and days	1
[book.written_work] and the seven dwarfs	1
[book.written_work] and the lamb	1
[book.written_work] and the huntsman cast	1
[book.written_work] and the huntsman 2	1
[book.written_work] and the huntsman	1
[book.written_work] and slavery	1
[book.written_work] and resolutions	1
[book.written_work] and others	1
[book.written_work] and other writings	1
[book.written_work] and other weird stories	1
[book.written_work] and other timely essays	1
[book.written_work] and other stories	1
[book.written_work] and other essays pdf	1
[book.written_work] and other essays	1
[book.written_work] and odyssey summary	1
[book.written_work] and odyssey	1
[book.written_work] and labor unions	1
[book.written_work] and huckleberry finn	1
[book.written_work] and grievances	1
[book.written_work] and grendel	1
[book.written_work] and gemara	1
[book.written_work] and four knights	1
[book.written_work] and fitness	1
[book.written_work] and film differences	1
[book.written_work] and enlightenment	1
[book.written_work] and discourses	1
[book.written_work] and dead	1
[book.written_work] and always	1
[book.written_work] and a letter concerning toleration	1
[book.written_work] ancient egypt	1
[book.written_work] analysis summary	1
[book.written_work] analysis pdf	1
[book.written_work] analyse	1
[book.written_work] an introduction	1
[book.written_work] an essay on phenomenological ontology	1
[book.written_work] ambassadors theatre review	1
[book.written_work] ambassadors theatre	1
[book.written_work] alt j	1
[book.written_work] alighieri pdf	1
[book.written_work] aliens	1
[book.written_work] alice in wonderland	1
[book.written_work] alexis de tocqueville pdf	1
[book.written_work] alex	1
[book.written_work] albert camus	1
[book.written_work] alarm	1
[book.written_work] alan moore	1
[book.written_work] ain maisarah	1
[book.written_work] agenda	1
[book.written_work] age	1
[book.written_work] again lyrics	1
[book.written_work] again chords	1
[book.written_work] again	1
[book.written_work] afi	1
[book.written_work] adventures	1
[book.written_work] adhd	1
[book.written_work] adaptations	1
[book.written_work] actress	1
[book.written_work] actor	1
[book.written_work] act 2 scene 4	1
[book.written_work] accident	1
[book.written_work] academy	1
[book.written_work] ac	1
[book.written_work] abridged	1
[book.written_work] abortion	1
[book.written_work] abcd 2	1
[book.written_work] abba	1
[book.written_work] a study in magic and religion pdf	1
[book.written_work] a report on the banality of evil	1
[book.written_work] a primer for real life	1
[book.written_work] a million	1
[book.written_work] a graphic novel	1
[book.written_work] a creative approach	1
[book.written_work] a contemporary paraphrase	1
[book.written_work] a christmas tradition	1
[book.written_work] [book.written_work]	1
[book.written_work] 98 value	1
[book.written_work] 98	1
[book.written_work] 91	1
[book.written_work] 87	1
[book.written_work] 8 6-7	1
[book.written_work] 8 4-8	1
[book.written_work] 8	1
[book.written_work] 7	1
[book.written_work] 6982	1
[book.written_work] 6924	1
[book.written_work] 6922	1
[book.written_work] 5th edition dsm-5	1
[book.written_work] 5e	1
[book.written_work] 5825	1
[book.written_work] 53	1
[book.written_work] 51	1
[book.written_work] 50th anniversary edition	1
[book.written_work] 501(c)(3)	1
[book.written_work] 4428	1
[book.written_work] 41st edition pdf	1
[book.written_work] 41st edition	1
[book.written_work] 4 9-12	1
[book.written_work] 3rd edition solutions	1
[book.written_work] 3rd edition (mit press)	1
[book.written_work] 3d	1
[book.written_work] 37	1
[book.written_work] 35	1
[book.written_work] 3 full movie	1
[book.written_work] 3 fire and ice	1
[book.written_work] 3 11	1
[book.written_work] 3 1-8	1
[book.written_work] 2nd edition pdf	1
[book.written_work] 2nd edition	1
[book.written_work] 2977	1
[book.written_work] 27	1
[book.written_work] 2658	1
[book.written_work] 23	1
[book.written_work] 2017 trailer	1
[book.written_work] 2015-16	1
[book.written_work] 2010	1
[book.written_work] 2008 movie	1
[book.written_work] 2002	1
[book.written_work] 2 sparknotes	1
[book.written_work] 2 movie	1
[book.written_work] 2 gameplay	1
[book.written_work] 1995	1
[book.written_work] 1993	1
[book.written_work] 1990	1
[book.written_work] 1988	1
[book.written_work] 1985	1
[book.written_work] 1984	1
[book.written_work] 1981	1
[book.written_work] 1980	1
[book.written_work] 1979	1
[book.written_work] 1977	1
[book.written_work] 1975 trailer	1
[book.written_work] 1974 dvd	1
[book.written_work] 1973	1
[book.written_work] 1972 pdf	1
[book.written_work] 1971	1
[book.written_work] 1970	1
[book.written_work] 1968	1
[book.written_work] 1967	1
[book.written_work] 1966	1
[book.written_work] 1953	1
[book.written_work] 1952	1
[book.written_work] 1948 pdf	1
[book.written_work] 1948	1
[book.written_work] 1946	1
[book.written_work] 1945	1
[book.written_work] 1939	1
[book.written_work] 1937	1
[book.written_work] 1936	1
[book.written_work] 1933	1
[book.written_work] 1930	1
[book.written_work] 1928	1
[book.written_work] 19	1
[book.written_work] 1880 value	1
[book.written_work] 18	1
[book.written_work] 17th edition	1
[book.written_work] 1792 publisher	1
[book.written_work] 1789	1
[book.written_work] 1776	1
[book.written_work] 16th edition pdf	1
[book.written_work] 16th	1
[book.written_work] 1662	1
[book.written_work] 165	1
[book.written_work] 1611 pdf	1
[book.written_work] 1611 online	1
[book.written_work] 1611	1
[book.written_work] 15th edition	1
[book.written_work] 1549	1
[book.written_work] 14 8	1
[book.written_work] 14	1
[book.written_work] 139	1
[book.written_work] 13 review	1
[book.written_work] 13 guide	1
[book.written_work] 13	1
[book.written_work] 121	1
[book.written_work] 12	1
[book.written_work] 11th edition pdf	1
[book.written_work] 119	1
[book.written_work] 116	1
[book.written_work] 105	1
[book.written_work] 1031	1
[book.written_work] 10000 hour rule	1
[book.written_work] 10 year	1
[book.written_work] 1-6	1
[book.written_work] 1+1=2	1
[book.written_work] 1 sparknotes	1
[book.written_work] (film)	1
[book.written_work] (5th ed.)	1
[book.written_work] (2018)	1
[book.written_work] (2007 film)	1
[book.written_work] (2003)	1
[book.written_work] (1988)	1
[book.written_work] (1984)	1
[book.written_work] (1984 film)	1
[book.written_work] (1981)	1
[book.written_work] (1956)	1
[book.written_work] (1925)	1
[book.written_work] (1925 film)	1
[book.written_work] (1792) sparknotes	1
[book.written_work] (1792) pdf	1
[book.written_work] (1792)	1
