[computer.operating_system]	509
[computer.operating_system] download	193
[computer.operating_system] emulator	45
[computer.operating_system] iso	42
[computer.operating_system] review	40
[computer.operating_system] commands	36
[computer.operating_system] wiki	31
[computer.operating_system] os	28
[computer.operating_system] games	25
[computer.operating_system] linux	20
[computer.operating_system] virtualbox	19
[computer.operating_system] tutorial	19
[computer.operating_system] source code	16
[computer.operating_system] pdf	16
[computer.operating_system] update	15
[computer.operating_system] software	14
[computer.operating_system] wallpaper	13
[computer.operating_system] system requirements	13
[computer.operating_system] raspberry pi	13
[computer.operating_system] apps	13
[computer.operating_system] manual	12
[computer.operating_system] install	12
[computer.operating_system] free download	12
[computer.operating_system] definition	12
[computer.operating_system] vs ubuntu	11
[computer.operating_system] vs linux	11
[computer.operating_system] ppt	11
[computer.operating_system] features	11
[computer.operating_system] wikipedia	10
[computer.operating_system] versions	10
[computer.operating_system] product key	10
[computer.operating_system] 2017	10
[computer.operating_system] price	9
[computer.operating_system] meaning	9
[computer.operating_system] download iso	9
[computer.operating_system] 10	9
[computer.operating_system] usb	8
[computer.operating_system] linux download	8
[computer.operating_system] for sale	8
[computer.operating_system] 7	8
[computer.operating_system] vmware	7
[computer.operating_system] operating system	7
[computer.operating_system] logo	7
[computer.operating_system] iso download	7
[computer.operating_system] github	7
[computer.operating_system] forum	7
[computer.operating_system] end of life	7
[computer.operating_system]x	6
[computer.operating_system]t	6
[computer.operating_system] startup sound	6
[computer.operating_system] rom	6
[computer.operating_system] packages	6
[computer.operating_system] desktop	6
[computer.operating_system]a	5
[computer.operating_system] store	5
[computer.operating_system] requirements	5
[computer.operating_system] package manager	5
[computer.operating_system] online	5
[computer.operating_system] kernel	5
[computer.operating_system] jobs	5
[computer.operating_system] gui	5
[computer.operating_system] for pc	5
[computer.operating_system] for mac	5
[computer.operating_system] default password	5
[computer.operating_system] app	5
[computer.operating_system] 6	5
[computer.operating_system] 4	5
[computer.operating_system] 16.04	5
[computer.operating_system] 14.04	5
cray [computer.operating_system]	4
[computer.operating_system]o	4
[computer.operating_system]0	4
[computer.operating_system].1	4
[computer.operating_system] zfs	4
[computer.operating_system] uxbridge	4
[computer.operating_system] unix	4
[computer.operating_system] tv	4
[computer.operating_system] themes	4
[computer.operating_system] systemd	4
[computer.operating_system] source	4
[computer.operating_system] server	4
[computer.operating_system] price in india	4
[computer.operating_system] phone	4
[computer.operating_system] news	4
[computer.operating_system] live cd	4
[computer.operating_system] history	4
[computer.operating_system] for windows	4
[computer.operating_system] for android	4
[computer.operating_system] ebay	4
[computer.operating_system] computer	4
[computer.operating_system] alternative	4
[computer.operating_system] 7.1	4
[computer.operating_system] 2016	4
[computer.operating_system] 2015	4
[computer.operating_system] 17.04	4
[computer.operating_system] 11	4
que es [computer.operating_system]	3
lg [computer.operating_system]	3
advantages of [computer.operating_system]	3
[computer.operating_system]ia	3
[computer.operating_system]i	3
[computer.operating_system]e	3
[computer.operating_system]c	3
[computer.operating_system]6	3
[computer.operating_system]1	3
[computer.operating_system]00	3
[computer.operating_system] whatsapp	3
[computer.operating_system] vs openbsd	3
[computer.operating_system] vs android	3
[computer.operating_system] virtual machine	3
[computer.operating_system] ubuntu	3
[computer.operating_system] support	3
[computer.operating_system] slim	3
[computer.operating_system] sierra	3
[computer.operating_system] service pack 3	3
[computer.operating_system] service pack 2	3
[computer.operating_system] sdk	3
[computer.operating_system] rtos	3
[computer.operating_system] roms	3
[computer.operating_system] reviews	3
[computer.operating_system] reddit	3
[computer.operating_system] pizza	3
[computer.operating_system] phones	3
[computer.operating_system] mint	3
[computer.operating_system] mate	3
[computer.operating_system] mailing list	3
[computer.operating_system] firewall	3
[computer.operating_system] examples	3
[computer.operating_system] documentation	3
[computer.operating_system] dmg	3
[computer.operating_system] distrowatch	3
[computer.operating_system] distros	3
[computer.operating_system] disk image	3
[computer.operating_system] devices	3
[computer.operating_system] development	3
[computer.operating_system] buy	3
[computer.operating_system] boot disk	3
[computer.operating_system] apk	3
[computer.operating_system] advantages and disadvantages	3
[computer.operating_system] activator	3
[computer.operating_system] academy	3
[computer.operating_system] 8.5	3
[computer.operating_system] 6.2	3
[computer.operating_system] 5	3
[computer.operating_system] 4.0	3
[computer.operating_system] 3.1	3
[computer.operating_system] 3.0	3
vmware [computer.operating_system] not found	2
pengertian [computer.operating_system]	2
microsoft [computer.operating_system]	2
linux [computer.operating_system]	2
lenovo [computer.operating_system]	2
hp [computer.operating_system]	2
explain [computer.operating_system]	2
download [computer.operating_system]	2
[computer.operating_system]ystem	2
[computer.operating_system]y	2
[computer.operating_system]sier	2
[computer.operating_system]sh	2
[computer.operating_system]port	2
[computer.operating_system]phere	2
[computer.operating_system]pad	2
[computer.operating_system]n	2
[computer.operating_system]m	2
[computer.operating_system]l	2
[computer.operating_system]exual	2
[computer.operating_system]ed	2
[computer.operating_system]d	2
[computer.operating_system]an	2
[computer.operating_system]8	2
[computer.operating_system]5	2
[computer.operating_system]2	2
[computer.operating_system]03	2
[computer.operating_system].1 update	2
[computer.operating_system].0	2
[computer.operating_system] скачать	2
[computer.operating_system] xl	2
[computer.operating_system] x	2
[computer.operating_system] windows 7	2
[computer.operating_system] walmart	2
[computer.operating_system] vs windows	2
[computer.operating_system] vs lubuntu	2
[computer.operating_system] vs kali	2
[computer.operating_system] vs freebsd	2
[computer.operating_system] vs arch	2
[computer.operating_system] vpn	2
[computer.operating_system] vmware image	2
[computer.operating_system] version	2
[computer.operating_system] user’s guide	2
[computer.operating_system] updates	2
[computer.operating_system] uefi	2
[computer.operating_system] timestamp	2
[computer.operating_system] synonym	2
[computer.operating_system] stretch	2
[computer.operating_system] stock	2
[computer.operating_system] steam	2
[computer.operating_system] songs	2
[computer.operating_system] solutions	2
[computer.operating_system] shell scripting	2
[computer.operating_system] service pack 1	2
[computer.operating_system] scratch	2
[computer.operating_system] repository	2
[computer.operating_system] raspberry pi 3	2
[computer.operating_system] radio	2
[computer.operating_system] r2 iso	2
[computer.operating_system] r2 download	2
[computer.operating_system] r2	2
[computer.operating_system] ps4	2
[computer.operating_system] ps3	2
[computer.operating_system] protein	2
[computer.operating_system] ppc	2
[computer.operating_system] ports	2
[computer.operating_system] play	2
[computer.operating_system] performance	2
[computer.operating_system] osaka	2
[computer.operating_system] os download	2
[computer.operating_system] offline installer	2
[computer.operating_system] notebook pc	2
[computer.operating_system] not found	2
[computer.operating_system] ng	2
[computer.operating_system] nexus 5	2
[computer.operating_system] mode	2
[computer.operating_system] mobile	2
[computer.operating_system] mirror	2
[computer.operating_system] menu	2
[computer.operating_system] market share	2
[computer.operating_system] lts	2
[computer.operating_system] lt	2
[computer.operating_system] login	2
[computer.operating_system] live usb	2
[computer.operating_system] live	2
[computer.operating_system] lite	2
[computer.operating_system] list	2
[computer.operating_system] linux review	2
[computer.operating_system] license	2
[computer.operating_system] latest version	2
[computer.operating_system] kodi	2
[computer.operating_system] jessie	2
[computer.operating_system] images	2
[computer.operating_system] image	2
[computer.operating_system] hypervisor	2
[computer.operating_system] hosting	2
[computer.operating_system] high sierra	2
[computer.operating_system] hard reset	2
[computer.operating_system] handbook	2
[computer.operating_system] git	2
[computer.operating_system] game	2
[computer.operating_system] full form	2
[computer.operating_system] free	2
[computer.operating_system] for windows 10	2
[computer.operating_system] example	2
[computer.operating_system] equis	2
[computer.operating_system] end of support	2
[computer.operating_system] emulators	2
[computer.operating_system] el capitan	2
[computer.operating_system] dosimetry	2
[computer.operating_system] dos	2
[computer.operating_system] docker	2
[computer.operating_system] design	2
[computer.operating_system] deals	2
[computer.operating_system] controller	2
[computer.operating_system] certification	2
[computer.operating_system] caracteristicas	2
[computer.operating_system] cafe	2
[computer.operating_system] blog	2
[computer.operating_system] beach	2
[computer.operating_system] background	2
[computer.operating_system] arm	2
[computer.operating_system] arduino	2
[computer.operating_system] architecture	2
[computer.operating_system] android	2
[computer.operating_system] amazon	2
[computer.operating_system] adalah	2
[computer.operating_system] 9	2
[computer.operating_system] 8.1	2
[computer.operating_system] 8	2
[computer.operating_system] 7.3	2
[computer.operating_system] 7 download	2
[computer.operating_system] 64 bit	2
[computer.operating_system] 6.5	2
[computer.operating_system] 6.3	2
[computer.operating_system] 6.1	2
[computer.operating_system] 5 download	2
[computer.operating_system] 4.1	2
[computer.operating_system] 3	2
[computer.operating_system] 2018	2
[computer.operating_system] 2014	2
[computer.operating_system] 2002	2
[computer.operating_system] 2000 download	2
[computer.operating_system] 2.5 download	2
[computer.operating_system] 2.0	2
[computer.operating_system] 2	2
[computer.operating_system] 17.04 review	2
[computer.operating_system] 12.04 download	2
[computer.operating_system] 12.04	2
[computer.operating_system] 12 sp2	2
[computer.operating_system] 11 download	2
[computer.operating_system] 10.3.3	2
[computer.operating_system] 10.3	2
[computer.operating_system] 1.2	2
[computer.operating_system] 1.0	2
z/[computer.operating_system] enterprise edition	1
z/[computer.operating_system]	1
xlube [computer.operating_system] canalhas	1
wincc [computer.operating_system]	1
white [computer.operating_system]	1
whatsapp for [computer.operating_system]	1
what does [computer.operating_system] mean	1
what does [computer.operating_system]	1
what [computer.operating_system] csi	1
what [computer.operating_system]	1
vmware [computer.operating_system]	1
vm workstation [computer.operating_system] not found	1
vl [computer.operating_system]e	1
verix [computer.operating_system] programmers manual	1
ventajas y desventajas de [computer.operating_system]	1
va [computer.operating_system]	1
v-sido [computer.operating_system]	1
v [computer.operating_system] 650	1
v [computer.operating_system] 1100	1
usage [computer.operating_system]s	1
unix [computer.operating_system] topics	1
unix [computer.operating_system] system programmer's manual	1
unix [computer.operating_system] paper topics	1
unix [computer.operating_system] delitracker emulator	1
unix [computer.operating_system]	1
un [computer.operating_system] tres	1
time [computer.operating_system]	1
the structure of [computer.operating_system] dijkstra	1
the sprite [computer.operating_system] pdf	1
the nucleus of [computer.operating_system] review	1
the nucleus of [computer.operating_system]	1
the major advantage [computer.operating_system] is	1
the [computer.operating_system] a programmer's guide	1
tablet market [computer.operating_system]	1
sprite [computer.operating_system]	1
spinlock [computer.operating_system]	1
spin and [computer.operating_system]	1
smart [computer.operating_system]	1
simh [computer.operating_system]	1
share printer different [computer.operating_system]	1
sgminer [computer.operating_system]	1
rc 4000 [computer.operating_system]	1
que es windows [computer.operating_system] fundamentals	1
que es network [computer.operating_system]	1
que es missing [computer.operating_system]	1
que [computer.operating_system] not found	1
que [computer.operating_system]	1
q es missing [computer.operating_system]	1
protection in the [computer.operating_system]	1
porteus [computer.operating_system]	1
plusnet [computer.operating_system] attack	1
palm [computer.operating_system]	1
overview of the [computer.operating_system] development	1
nos launcher [computer.operating_system] download	1
nos [computer.operating_system]	1
nokia [computer.operating_system] duos	1
nec [computer.operating_system]	1
ms [computer.operating_system]	1
moscovia [computer.operating_system] dealer	1
midori cloud [computer.operating_system] ppt	1
midori cloud [computer.operating_system]	1
market [computer.operating_system]s smartphones	1
market [computer.operating_system]s by country	1
market [computer.operating_system]s	1
m[computer.operating_system]match	1
list of [computer.operating_system]	1
linux [computer.operating_system] va_start	1
linux [computer.operating_system] va_list header	1
linux [computer.operating_system] va_args	1
linux [computer.operating_system] va to pa	1
linux [computer.operating_system] synthesis	1
linux [computer.operating_system] permissions	1
linux [computer.operating_system] __va	1
lg g [computer.operating_system]	1
j [computer.operating_system] js	1
j [computer.operating_system] github	1
is junior [computer.operating_system] santos	1
inside [computer.operating_system]	1
inferno [computer.operating_system]	1
ibm surepos ace [computer.operating_system]	1
ibm [computer.operating_system]	1
hyper-v [computer.operating_system] support	1
hyper [computer.operating_system]	1
hydra kernel multiprocessor [computer.operating_system]	1
hogsta [computer.operating_system]	1
hklm [computer.operating_system] nos	1
haskell [computer.operating_system]	1
hala [computer.operating_system] fmi	1
gta [computer.operating_system]	1
github [computer.operating_system]	1
get-vm [computer.operating_system] hyper-v	1
get-vm [computer.operating_system]	1
free [computer.operating_system] upgrade	1
free [computer.operating_system] download for mac	1
free [computer.operating_system] download	1
free [computer.operating_system] alternative	1
free [computer.operating_system]	1
flex [computer.operating_system]	1
fitbit [computer.operating_system]	1
efiniti uxi [computer.operating_system] 200	1
doo [computer.operating_system] csi	1
distrowatch [computer.operating_system]	1
disadvantages of [computer.operating_system]	1
deployment [computer.operating_system]	1
delta [computer.operating_system]	1
dc-unlocker for [computer.operating_system] x	1
data [computer.operating_system]	1
darwin [computer.operating_system]	1
d[computer.operating_system]roo	1
currys [computer.operating_system] world uxbridge	1
ctss – [computer.operating_system]	1
cosmos terminal [computer.operating_system]	1
cosmos [computer.operating_system]	1
commvault linux [computer.operating_system] recovery	1
commodore [computer.operating_system]	1
chakra [computer.operating_system] fermi	1
basic [computer.operating_system] worksheets	1
basic [computer.operating_system] string	1
atari [computer.operating_system] emulator	1
atari [computer.operating_system]	1
asus ux305 [computer.operating_system] world	1
[computer.operating_system]ystem services	1
[computer.operating_system]ys	1
[computer.operating_system]yntax	1
[computer.operating_system]yntactic	1
[computer.operating_system]yn	1
[computer.operating_system]wear	1
[computer.operating_system]us	1
[computer.operating_system]ure	1
[computer.operating_system]umi	1
[computer.operating_system]um plus	1
[computer.operating_system]um	1
[computer.operating_system]uke harada	1
[computer.operating_system]uke	1
[computer.operating_system]u	1
[computer.operating_system]tra	1
[computer.operating_system]tools	1
[computer.operating_system]tol	1
[computer.operating_system]toevsky	1
[computer.operating_system]to	1
[computer.operating_system]tituzione iphone 6	1
[computer.operating_system]tituzione iphone	1
[computer.operating_system]ti	1
[computer.operating_system]thenes	1
[computer.operating_system]teopathy	1
[computer.operating_system]teel sdn bhd	1
[computer.operating_system]tate reticulate venation	1
[computer.operating_system]tate	1
[computer.operating_system]tana	1
[computer.operating_system]tac	1
[computer.operating_system]t wiki	1
[computer.operating_system]soft it services private limited	1
[computer.operating_system]soft	1
[computer.operating_system]si group	1
[computer.operating_system]si brides	1
[computer.operating_system]scmd	1
[computer.operating_system]s storage	1
[computer.operating_system]s sdk	1
[computer.operating_system]s python	1
[computer.operating_system]s pricing	1
[computer.operating_system]s list	1
[computer.operating_system]s jim cooling pdf	1
[computer.operating_system]s innovative market solutions	1
[computer.operating_system]s for mac	1
[computer.operating_system]s endpoint	1
[computer.operating_system]s client	1
[computer.operating_system]s api	1
[computer.operating_system]s (rtos)	1
[computer.operating_system]s	1
[computer.operating_system]rtification	1
[computer.operating_system]rtificate store	1
[computer.operating_system]rtificate manager	1
[computer.operating_system]rtificate authority	1
[computer.operating_system]rmusiq	1
[computer.operating_system]rcam	1
[computer.operating_system]ra	1
[computer.operating_system]r bobber	1
[computer.operating_system]r 1300	1
[computer.operating_system]r	1
[computer.operating_system]prin	1
[computer.operating_system]prey fund	1
[computer.operating_system]prey	1
[computer.operating_system]port 2017	1
[computer.operating_system]pongiae	1
[computer.operating_system]plot	1
[computer.operating_system]play	1
[computer.operating_system]phone	1
[computer.operating_system]pg	1
[computer.operating_system]pecies concept	1
[computer.operating_system]pecies	1
[computer.operating_system]pageserver exploit	1
[computer.operating_system]pageserver	1
[computer.operating_system]pad t08	1
[computer.operating_system]pad not working	1
[computer.operating_system]pad gestures	1
[computer.operating_system]p server	1
[computer.operating_system]p client	1
[computer.operating_system]p	1
[computer.operating_system]ox instagram	1
[computer.operating_system]ource	1
[computer.operating_system]ound shape price	1
[computer.operating_system]ound shape	1
[computer.operating_system]ound moment	1
[computer.operating_system]ound 9000	1
[computer.operating_system]ound 35	1
[computer.operating_system]ound 2	1
[computer.operating_system]ound 1	1
[computer.operating_system]ound	1
[computer.operating_system]ot	1
[computer.operating_system]os	1
[computer.operating_system]orio instagram	1
[computer.operating_system]orio	1
[computer.operating_system]oki	1
[computer.operating_system]ojobobo	1
[computer.operating_system]nvestor relations	1
[computer.operating_system]ntral	1
[computer.operating_system]nternship	1
[computer.operating_system]ntegration bus	1
[computer.operating_system]nstallation manager	1
[computer.operating_system]ng lee	1
[computer.operating_system]ng	1
[computer.operating_system]nfosphere	1
[computer.operating_system]ndia careers	1
[computer.operating_system]ndia	1
[computer.operating_system]mx manual	1
[computer.operating_system]mx 16mb	1
[computer.operating_system]mory diagnostic	1
[computer.operating_system]mo	1
[computer.operating_system]ml	1
[computer.operating_system]mf	1
[computer.operating_system]meals	1
[computer.operating_system]mart	1
[computer.operating_system]manga	1
[computer.operating_system]m-plus v4.6 download	1
[computer.operating_system]m emulator	1
[computer.operating_system]m commands	1
[computer.operating_system]ll phone	1
[computer.operating_system]live	1
[computer.operating_system]ling	1
[computer.operating_system]lication testing	1
[computer.operating_system]lication development	1
[computer.operating_system]lication	1
[computer.operating_system]la	1
[computer.operating_system]j	1
[computer.operating_system]ize	1
[computer.operating_system]iya	1
[computer.operating_system]ivity	1
[computer.operating_system]isto	1
[computer.operating_system]is meaning	1
[computer.operating_system]is	1
[computer.operating_system]ion mapping	1
[computer.operating_system]ing	1
[computer.operating_system]ine learning	1
[computer.operating_system]in	1
[computer.operating_system]il	1
[computer.operating_system]iemo	1
[computer.operating_system]ie annonce	1
[computer.operating_system]ie	1
[computer.operating_system]ics	1
[computer.operating_system]ian crochet	1
[computer.operating_system]ia map	1
[computer.operating_system]ia flag	1
[computer.operating_system]ia currency	1
[computer.operating_system]house	1
[computer.operating_system]hop	1
[computer.operating_system]hinsky	1
[computer.operating_system]hi monster	1
[computer.operating_system]headend setup	1
[computer.operating_system]headend	1
[computer.operating_system]ha sharma	1
[computer.operating_system]ha	1
[computer.operating_system]h	1
[computer.operating_system]fs	1
[computer.operating_system]events	1
[computer.operating_system]es	1
[computer.operating_system]ersion	1
[computer.operating_system]er	1
[computer.operating_system]emus	1
[computer.operating_system]eley	1
[computer.operating_system]el	1
[computer.operating_system]ech	1
[computer.operating_system]ec	1
[computer.operating_system]eal	1
[computer.operating_system]e uf	1
[computer.operating_system]e of colors	1
[computer.operating_system]dinca	1
[computer.operating_system]diamanager	1
[computer.operating_system]dia player for windows 10	1
[computer.operating_system]dia player for mac	1
[computer.operating_system]dia player download	1
[computer.operating_system]dia player classic	1
[computer.operating_system]dia player 12	1
[computer.operating_system]dia player	1
[computer.operating_system]dia creation tool	1
[computer.operating_system]dia center	1
[computer.operating_system]di	1
[computer.operating_system]da postal code	1
[computer.operating_system]da	1
[computer.operating_system]ct r	1
[computer.operating_system]ct	1
[computer.operating_system]covia	1
[computer.operating_system]coin login	1
[computer.operating_system]coin	1
[computer.operating_system]ck	1
[computer.operating_system]cene	1
[computer.operating_system]ce	1
[computer.operating_system]cast	1
[computer.operating_system]cash	1
[computer.operating_system]cars newport oregon	1
[computer.operating_system]cars menu	1
[computer.operating_system]cars lincoln city	1
[computer.operating_system]cars	1
[computer.operating_system]car cooler	1
[computer.operating_system]car book	1
[computer.operating_system]box	1
[computer.operating_system]book	1
[computer.operating_system]bit lessons	1
[computer.operating_system]bit create code	1
[computer.operating_system]bi kanji	1
[computer.operating_system]bi	1
[computer.operating_system]aurs	1
[computer.operating_system]ariables list	1
[computer.operating_system]ariables	1
[computer.operating_system]ara guanche	1
[computer.operating_system]ara	1
[computer.operating_system]anina	1
[computer.operating_system]anin vs pheomelanin	1
[computer.operating_system]anin supplement	1
[computer.operating_system]anin definition	1
[computer.operating_system]anin and pheomelanin are	1
[computer.operating_system]anin	1
[computer.operating_system]am	1
[computer.operating_system]al	1
[computer.operating_system]air	1
[computer.operating_system]aic ipa	1
[computer.operating_system]aic craft	1
[computer.operating_system]aic	1
[computer.operating_system]a manual	1
[computer.operating_system]a for sale	1
[computer.operating_system]_spawn	1
[computer.operating_system]_memalign	1
[computer.operating_system]9 csi stem	1
[computer.operating_system]8 plus	1
[computer.operating_system]7	1
[computer.operating_system]69	1
[computer.operating_system]67	1
[computer.operating_system]62	1
[computer.operating_system]6 reviews	1
[computer.operating_system]6 lemur	1
[computer.operating_system]6 laptops	1
[computer.operating_system]6 galago pro review	1
[computer.operating_system]6 galago pro	1
[computer.operating_system]59a	1
[computer.operating_system]50	1
[computer.operating_system]5 vs k525	1
[computer.operating_system]45	1
[computer.operating_system]4 bit	1
[computer.operating_system]4	1
[computer.operating_system]36 glue	1
[computer.operating_system]36	1
[computer.operating_system]35	1
[computer.operating_system]3 download	1
[computer.operating_system]21c	1
[computer.operating_system]2 sierra	1
[computer.operating_system]2 5w30	1
[computer.operating_system]16	1
[computer.operating_system]10-p2000	1
[computer.operating_system]1+	1
[computer.operating_system]1 emulator	1
[computer.operating_system]1 el capitan	1
[computer.operating_system]1 download	1
[computer.operating_system]1 5w30	1
[computer.operating_system]0w wrist monitor	1
[computer.operating_system]0n	1
[computer.operating_system]0ds	1
[computer.operating_system]04	1
[computer.operating_system]02.1x profile	1
[computer.operating_system]02.1x	1
[computer.operating_system]000	1
[computer.operating_system]00 windows	1
[computer.operating_system]00 raincatcher	1
[computer.operating_system]00 chr review	1
[computer.operating_system]00 chr	1
[computer.operating_system]0 yosemite	1
[computer.operating_system]0 twin otter	1
[computer.operating_system]0 kennel	1
[computer.operating_system]0 download	1
[computer.operating_system]0 andersen windows	1
[computer.operating_system].pdf viewer	1
[computer.operating_system].org login	1
[computer.operating_system].8 whatsapp	1
[computer.operating_system].8	1
[computer.operating_system].6 iso	1
[computer.operating_system].5	1
[computer.operating_system].4.0	1
[computer.operating_system].4	1
[computer.operating_system].3.4	1
[computer.operating_system].3.0	1
[computer.operating_system].2.2 iso	1
[computer.operating_system].2.2	1
[computer.operating_system].1d0	1
[computer.operating_system].1.6 jailbreak	1
[computer.operating_system].1.6	1
[computer.operating_system].1 winuae	1
[computer.operating_system].1 virtualbox	1
[computer.operating_system].1 support	1
[computer.operating_system].1 sdk	1
[computer.operating_system].1 product key	1
[computer.operating_system].1 pro	1
[computer.operating_system].1 iso	1
[computer.operating_system].1 final edition iso download	1
[computer.operating_system].1 final edition download	1
[computer.operating_system].1 final edition classic iso	1
[computer.operating_system].1 final edition classic	1
[computer.operating_system].1 final edition	1
[computer.operating_system].1 emulator	1
[computer.operating_system].1 download	1
[computer.operating_system].1 developer mode	1
[computer.operating_system].1 classic	1
[computer.operating_system].1 apps free download	1
[computer.operating_system].1 activator	1
[computer.operating_system].0.4 iso	1
[computer.operating_system]-virtual city.iso	1
[computer.operating_system]-libre	1
[computer.operating_system]-fr2	1
[computer.operating_system]-86	1
[computer.operating_system]-2.0	1
[computer.operating_system]+70400	1
[computer.operating_system] 開発	1
[computer.operating_system] ダウンロード	1
[computer.operating_system] インストール	1
[computer.operating_system] это	1
[computer.operating_system] обзор	1
[computer.operating_system] команды	1
[computer.operating_system] độ	1
[computer.operating_system] zürich	1
[computer.operating_system] zoo	1
[computer.operating_system] zoning	1
[computer.operating_system] zaubertrank zutaten	1
[computer.operating_system] zaubertrank	1
[computer.operating_system] youtube	1
[computer.operating_system] yosemite	1
[computer.operating_system] xr	1
[computer.operating_system] xposed	1
[computer.operating_system] xp theme	1
[computer.operating_system] xp	1
[computer.operating_system] xkcd	1
[computer.operating_system] xfce	1
[computer.operating_system] xe	1
[computer.operating_system] xbox	1
[computer.operating_system] x86	1
[computer.operating_system] x64	1
[computer.operating_system] x zone	1
[computer.operating_system] x server domain	1
[computer.operating_system] world uxbridge road	1
[computer.operating_system] world uxbridge	1
[computer.operating_system] world ux305	1
[computer.operating_system] workstation download	1
[computer.operating_system] wiz for sale	1
[computer.operating_system] wiz 0.37b11 mame romset	1
[computer.operating_system] wiz	1
[computer.operating_system] with sp2 - vl (english)	1
[computer.operating_system] winuae	1
[computer.operating_system] winery	1
[computer.operating_system] windows kernel	1
[computer.operating_system] windows 10	1
[computer.operating_system] windows	1
[computer.operating_system] wind waker	1
[computer.operating_system] wifi	1
[computer.operating_system] widgets	1
[computer.operating_system] wheezy	1
[computer.operating_system] wedge	1
[computer.operating_system] webmail	1
[computer.operating_system] web store	1
[computer.operating_system] web browser	1
[computer.operating_system] way handshake	1
[computer.operating_system] was formerly known as	1
[computer.operating_system] warp 4.52	1
[computer.operating_system] warehouse	1
[computer.operating_system] wallet	1
[computer.operating_system] vs xubuntu	1
[computer.operating_system] vs space	1
[computer.operating_system] vs sabayon	1
[computer.operating_system] vs puppy linux	1
[computer.operating_system] vs pocket pc	1
[computer.operating_system] vs platform as a service	1
[computer.operating_system] vs opensuse	1
[computer.operating_system] vs omnios	1
[computer.operating_system] vs mythbuntu	1
[computer.operating_system] vs mint	1
[computer.operating_system] vs mingw	1
[computer.operating_system] vs microkernel	1
[computer.operating_system] vs kolibrios	1
[computer.operating_system] vs kde neon	1
[computer.operating_system] vs ios 7	1
[computer.operating_system] vs freertos	1
[computer.operating_system] vs fedora	1
[computer.operating_system] vs docker	1
[computer.operating_system] vs coreos	1
[computer.operating_system] vs containers	1
[computer.operating_system] vs centos 2017	1
[computer.operating_system] vs centos	1
[computer.operating_system] vs [computer.operating_system]	1
[computer.operating_system] vs 3.1	1
[computer.operating_system] vr	1
[computer.operating_system] vps	1
[computer.operating_system] vmware windows	1
[computer.operating_system] vmware server	1
[computer.operating_system] vmware hosting	1
[computer.operating_system] vmware esxi	1
[computer.operating_system] vmware control panel	1
[computer.operating_system] vm	1
[computer.operating_system] virtual com port driver	1
[computer.operating_system] viewer	1
[computer.operating_system] video editing	1
[computer.operating_system] vhd	1
[computer.operating_system] version 6 manual	1
[computer.operating_system] version 5	1
[computer.operating_system] velvet	1
[computer.operating_system] va_list	1
[computer.operating_system] v6	1
[computer.operating_system] v2.0 apps	1
[computer.operating_system] v2.0	1
[computer.operating_system] v2	1
[computer.operating_system] v10.6.8	1
[computer.operating_system] v10.4.5	1
[computer.operating_system] user's guide	1
[computer.operating_system] user guide for windows	1
[computer.operating_system] user guide	1
[computer.operating_system] usb support	1
[computer.operating_system] usb boot	1
[computer.operating_system] usa	1
[computer.operating_system] upgrade	1
[computer.operating_system] update to renew encryption key	1
[computer.operating_system] update to 8	1
[computer.operating_system] update encryption key	1
[computer.operating_system] update download	1
[computer.operating_system] update 3.55 download	1
[computer.operating_system] unlocker osx	1
[computer.operating_system] universe osx	1
[computer.operating_system] universe online osx	1
[computer.operating_system] uninstall	1
[computer.operating_system] ultimate	1
[computer.operating_system] ultima version	1
[computer.operating_system] uhc plugin leak	1
[computer.operating_system] uhc plugin	1
[computer.operating_system] tynix	1
[computer.operating_system] twitch	1
[computer.operating_system] tv uxix eter	1
[computer.operating_system] tutorials	1
[computer.operating_system] tutorial pdf	1
[computer.operating_system] tutorial download software	1
[computer.operating_system] tuner software	1
[computer.operating_system] tuner	1
[computer.operating_system] tumbleweed	1
[computer.operating_system] troubleshooting pdf	1
[computer.operating_system] triton	1
[computer.operating_system] tres	1
[computer.operating_system] transformation	1
[computer.operating_system] tramadol dosage	1
[computer.operating_system] training	1
[computer.operating_system] toto	1
[computer.operating_system] toronto livecd linux	1
[computer.operating_system] toronto	1
[computer.operating_system] toolkit	1
[computer.operating_system] toilet seat	1
[computer.operating_system] toaster	1
[computer.operating_system] to xls	1
[computer.operating_system] to windows 7	1
[computer.operating_system] to unix	1
[computer.operating_system] timestamp to date	1
[computer.operating_system] timer	1
[computer.operating_system] timeless	1
[computer.operating_system] time converter	1
[computer.operating_system] time	1
[computer.operating_system] tickets	1
[computer.operating_system] threads	1
[computer.operating_system] this is not a language	1
[computer.operating_system] therapy	1
[computer.operating_system] themes free	1
[computer.operating_system] thailand	1
[computer.operating_system] thai	1
[computer.operating_system] terrazas lindora	1
[computer.operating_system] terminal dc	1
[computer.operating_system] temporarily unavailable	1
[computer.operating_system] technologies llc	1
[computer.operating_system] technologies	1
[computer.operating_system] tattoo	1
[computer.operating_system] taskspawn	1
[computer.operating_system] tablets	1
[computer.operating_system] tablet	1
[computer.operating_system] systems	1
[computer.operating_system] system v 386	1
[computer.operating_system] system and compressed memory	1
[computer.operating_system] system administrator's guide	1
[computer.operating_system] system	1
[computer.operating_system] sysgo	1
[computer.operating_system] syntax poster	1
[computer.operating_system] swim	1
[computer.operating_system] surface charger	1
[computer.operating_system] surface	1
[computer.operating_system] supported hardware	1
[computer.operating_system] supermarket calgary	1
[computer.operating_system] sunrise	1
[computer.operating_system] study table	1
[computer.operating_system] student	1
[computer.operating_system] stryker	1
[computer.operating_system] store whatsapp download	1
[computer.operating_system] store update	1
[computer.operating_system] store download	1
[computer.operating_system] stop them	1
[computer.operating_system] stickers	1
[computer.operating_system] stick	1
[computer.operating_system] stellaris	1
[computer.operating_system] steem	1
[computer.operating_system] std	1
[computer.operating_system] status	1
[computer.operating_system] standard	1
[computer.operating_system] staff finder	1
[computer.operating_system] ssh	1
[computer.operating_system] sport review	1
[computer.operating_system] sport coupon	1
[computer.operating_system] sport	1
[computer.operating_system] spanish	1
[computer.operating_system] space	1
[computer.operating_system] sp4	1
[computer.operating_system] sp3 download	1
[computer.operating_system] sp3	1
[computer.operating_system] sp2 download	1
[computer.operating_system] sp2	1
[computer.operating_system] sp1	1
[computer.operating_system] soul origin	1
[computer.operating_system] sony	1
[computer.operating_system] songs 2015	1
[computer.operating_system] solitaire	1
[computer.operating_system] software free download	1
[computer.operating_system] software development kit 3.0 download	1
[computer.operating_system] software development kit 3.0	1
[computer.operating_system] software development kit	1
[computer.operating_system] sodyba	1
[computer.operating_system] smartphone	1
[computer.operating_system] slideshare	1
[computer.operating_system] skin	1
[computer.operating_system] sjsu	1
[computer.operating_system] sisyphus	1
[computer.operating_system] sistema operativo	1
[computer.operating_system] sistema	1
[computer.operating_system] significado	1
[computer.operating_system] sign	1
[computer.operating_system] sierra download	1
[computer.operating_system] shot	1
[computer.operating_system] shoes	1
[computer.operating_system] shirts	1
[computer.operating_system] shell	1
[computer.operating_system] shaft	1
[computer.operating_system] setup	1
[computer.operating_system] service pack 6 iso	1
[computer.operating_system] service pack 6	1
[computer.operating_system] server 4	1
[computer.operating_system] server 2012	1
[computer.operating_system] seminar report	1
[computer.operating_system] semaphore	1
[computer.operating_system] selection	1
[computer.operating_system] security	1
[computer.operating_system] sdk 3.0 free download	1
[computer.operating_system] sdk 3.0 download	1
[computer.operating_system] sdk 3.0	1
[computer.operating_system] script	1
[computer.operating_system] screenshots	1
[computer.operating_system] screenshot	1
[computer.operating_system] screen cable	1
[computer.operating_system] screen	1
[computer.operating_system] school calendar	1
[computer.operating_system] schedule	1
[computer.operating_system] sasurji	1
[computer.operating_system] sardar ji	1
[computer.operating_system] sales	1
[computer.operating_system] sai	1
[computer.operating_system] safe mode	1
[computer.operating_system] ryzen	1
[computer.operating_system] rules	1
[computer.operating_system] router	1
[computer.operating_system] root password	1
[computer.operating_system] robot wars ux rom	1
[computer.operating_system] robot wars ux english	1
[computer.operating_system] robot wars ux	1
[computer.operating_system] robot taisen ux download	1
[computer.operating_system] roblox	1
[computer.operating_system] ringtones	1
[computer.operating_system] rice dispenser	1
[computer.operating_system] rice bin	1
[computer.operating_system] review 2017	1
[computer.operating_system] retropie	1
[computer.operating_system] restaurants	1
[computer.operating_system] restaurant	1
[computer.operating_system] reset windows password	1
[computer.operating_system] reset factory default	1
[computer.operating_system] rescue howto	1
[computer.operating_system] rescue	1
[computer.operating_system] requerimientos	1
[computer.operating_system] repair uxbridge	1
[computer.operating_system] release dates	1
[computer.operating_system] release 4	1
[computer.operating_system] release 3.0	1
[computer.operating_system] reinstall	1
[computer.operating_system] regex	1
[computer.operating_system] reference guide	1
[computer.operating_system] recovery tool	1
[computer.operating_system] recovery technology linux	1
[computer.operating_system] recovery	1
[computer.operating_system] real-time operating system	1
[computer.operating_system] r83	1
[computer.operating_system] r2 standard	1
[computer.operating_system] r2 sp2	1
[computer.operating_system] r2 sp1	1
[computer.operating_system] r2 service pack 2	1
[computer.operating_system] r2 product key	1
[computer.operating_system] r2 iso download	1
[computer.operating_system] r2 end of life	1
[computer.operating_system] queue	1
[computer.operating_system] qemu	1
[computer.operating_system] python	1
[computer.operating_system] pxe	1
[computer.operating_system] pulse	1
[computer.operating_system] psx	1
[computer.operating_system] ps3 slim	1
[computer.operating_system] proxy server	1
[computer.operating_system] providers	1
[computer.operating_system] protocol	1
[computer.operating_system] programs	1
[computer.operating_system] programming guide	1
[computer.operating_system] programming	1
[computer.operating_system] profiles	1
[computer.operating_system] professional edition	1
[computer.operating_system] professional	1
[computer.operating_system] processor	1
[computer.operating_system] pro	1
[computer.operating_system] printing	1
[computer.operating_system] pricing	1
[computer.operating_system] price in pakistan	1
[computer.operating_system] precio	1
[computer.operating_system] pram	1
[computer.operating_system] ppc download	1
[computer.operating_system] ppa	1
[computer.operating_system] power bank	1
[computer.operating_system] poster	1
[computer.operating_system] post installation	1
[computer.operating_system] portfolio	1
[computer.operating_system] portal	1
[computer.operating_system] pokemon	1
[computer.operating_system] plugins	1
[computer.operating_system] pleasy	1
[computer.operating_system] plant	1
[computer.operating_system] pl1	1
[computer.operating_system] pkgsrc	1
[computer.operating_system] pixel	1
[computer.operating_system] piercing	1
[computer.operating_system] pico	1
[computer.operating_system] pi	1
[computer.operating_system] photography	1
[computer.operating_system] phone number	1
[computer.operating_system] phone library	1
[computer.operating_system] pharmacy	1
[computer.operating_system] pharmaceuticals	1
[computer.operating_system] personal edition for windows	1
[computer.operating_system] personal edition	1
[computer.operating_system] permissions	1
[computer.operating_system] perfume	1
[computer.operating_system] penguin	1
[computer.operating_system] pedals	1
[computer.operating_system] pe	1
[computer.operating_system] pc	1
[computer.operating_system] patreon	1
[computer.operating_system] pasty	1
[computer.operating_system] password	1
[computer.operating_system] park	1
[computer.operating_system] pants	1
[computer.operating_system] panto	1
[computer.operating_system] panel	1
[computer.operating_system] palette	1
[computer.operating_system] packaging	1
[computer.operating_system] p1166	1
[computer.operating_system] ova	1
[computer.operating_system] outlet	1
[computer.operating_system] ostertag	1
[computer.operating_system] ossendrecht	1
[computer.operating_system] osrs	1
[computer.operating_system] osoite	1
[computer.operating_system] osht fmi	1
[computer.operating_system] oses	1
[computer.operating_system] oscilloscope	1
[computer.operating_system] oscillator	1
[computer.operating_system] oscillating reaction	1
[computer.operating_system] osborne park furniture	1
[computer.operating_system] osborne park	1
[computer.operating_system] osaka japan	1
[computer.operating_system] os update	1
[computer.operating_system] org project opengrok	1
[computer.operating_system] optimized kernel	1
[computer.operating_system] opinie	1
[computer.operating_system] openvpn	1
[computer.operating_system] open source package	1
[computer.operating_system] open air	1
[computer.operating_system] open	1
[computer.operating_system] oneplus one	1
[computer.operating_system] on unix operating system	1
[computer.operating_system] on the beach	1
[computer.operating_system] oil walmart	1
[computer.operating_system] oil	1
[computer.operating_system] of the matter	1
[computer.operating_system] octave	1
[computer.operating_system] oakland	1
[computer.operating_system] o bsd	1
[computer.operating_system] nz	1
[computer.operating_system] nvidia	1
[computer.operating_system] nsw	1
[computer.operating_system] nsswitch.conf	1
[computer.operating_system] nslookup script	1
[computer.operating_system] nslookup path	1
[computer.operating_system] nslookup output	1
[computer.operating_system] nslookup mx	1
[computer.operating_system] nslookup command not found	1
[computer.operating_system] nslookup	1
[computer.operating_system] npm	1
[computer.operating_system] nokia	1
[computer.operating_system] noida	1
[computer.operating_system] nixon	1
[computer.operating_system] nixa	1
[computer.operating_system] newdos	1
[computer.operating_system] new zealand	1
[computer.operating_system] neutrino	1
[computer.operating_system] neustadt dosse 2015	1
[computer.operating_system] neustadt dosse 2014	1
[computer.operating_system] neustadt	1
[computer.operating_system] network programming pdf	1
[computer.operating_system] network ip	1
[computer.operating_system] network config	1
[computer.operating_system] network commands	1
[computer.operating_system] network	1
[computer.operating_system] netflix	1
[computer.operating_system] neo z83-4	1
[computer.operating_system] neo x8-h plus	1
[computer.operating_system] neo x8	1
[computer.operating_system] neo x7	1
[computer.operating_system] neo u9-h	1
[computer.operating_system] neo u1	1
[computer.operating_system] nec	1
[computer.operating_system] near me	1
[computer.operating_system] nat gateway	1
[computer.operating_system] nano	1
[computer.operating_system] names	1
[computer.operating_system] name	1
[computer.operating_system] n	1
[computer.operating_system] musclé d'un coté	1
[computer.operating_system] muscle	1
[computer.operating_system] multiplayer	1
[computer.operating_system] mtg	1
[computer.operating_system] ms88	1
[computer.operating_system] mrv	1
[computer.operating_system] movie maker	1
[computer.operating_system] movie	1
[computer.operating_system] mountain lion	1
[computer.operating_system] motors	1
[computer.operating_system] monitor	1
[computer.operating_system] monaros	1
[computer.operating_system] momentics	1
[computer.operating_system] modules	1
[computer.operating_system] model	1
[computer.operating_system] modbus	1
[computer.operating_system] mobile development	1
[computer.operating_system] missing	1
[computer.operating_system] minecraft pe	1
[computer.operating_system] mib	1
[computer.operating_system] method	1
[computer.operating_system] messages guide	1
[computer.operating_system] message	1
[computer.operating_system] merdeka	1
[computer.operating_system] memtest	1
[computer.operating_system] memory info	1
[computer.operating_system] meetup	1
[computer.operating_system] meaning in hindi	1
[computer.operating_system] mdm	1
[computer.operating_system] mcat	1
[computer.operating_system] mba	1
[computer.operating_system] mavericks	1
[computer.operating_system] mask	1
[computer.operating_system] mark	1
[computer.operating_system] mapping skateboarding	1
[computer.operating_system] manuals	1
[computer.operating_system] mango	1
[computer.operating_system] manaois	1
[computer.operating_system] manager	1
[computer.operating_system] mame romset	1
[computer.operating_system] mall	1
[computer.operating_system] major	1
[computer.operating_system] magazine	1
[computer.operating_system] mace	1
[computer.operating_system] mac	1
[computer.operating_system] lyrics	1
[computer.operating_system] lvm commands	1
[computer.operating_system] luci	1
[computer.operating_system] ltd	1
[computer.operating_system] lotto	1
[computer.operating_system] lookout	1
[computer.operating_system] london	1
[computer.operating_system] loans	1
[computer.operating_system] llc	1
[computer.operating_system] list drives	1
[computer.operating_system] lion	1
[computer.operating_system] linux wiki	1
[computer.operating_system] linux system requirements	1
[computer.operating_system] linux iso download	1
[computer.operating_system] line endings	1
[computer.operating_system] lindora	1
[computer.operating_system] limited	1
[computer.operating_system] light download	1
[computer.operating_system] lifestyle data	1
[computer.operating_system] lifecycle	1
[computer.operating_system] lietuva	1
[computer.operating_system] licence	1
[computer.operating_system] library	1
[computer.operating_system] lg	1
[computer.operating_system] letter of the day	1
[computer.operating_system] lens	1
[computer.operating_system] lede	1
[computer.operating_system] leaves	1
[computer.operating_system] leap 42.2	1
[computer.operating_system] leap	1
[computer.operating_system] layer hole	1
[computer.operating_system] layer definition	1
[computer.operating_system] layer	1
[computer.operating_system] law school pune	1
[computer.operating_system] launcher on android	1
[computer.operating_system] launch	1
[computer.operating_system] latin	1
[computer.operating_system] large	1
[computer.operating_system] laptop	1
[computer.operating_system] lagos	1
[computer.operating_system] kvm	1
[computer.operating_system] kun	1
[computer.operating_system] kostüm	1
[computer.operating_system] kitchens	1
[computer.operating_system] kitchen equipment	1
[computer.operating_system] kickstarter	1
[computer.operating_system] keystone xl	1
[computer.operating_system] keyboard	1
[computer.operating_system] kde	1
[computer.operating_system] julep	1
[computer.operating_system] jobs uk	1
[computer.operating_system] jessie lite	1
[computer.operating_system] jbl	1
[computer.operating_system] java	1
[computer.operating_system] jails	1
[computer.operating_system] jailbreak	1
[computer.operating_system] iso linux	1
[computer.operating_system] iso hazard	1
[computer.operating_system] is needed quizlet	1
[computer.operating_system] is needed	1
[computer.operating_system] iphone	1
[computer.operating_system] ip	1
[computer.operating_system] ios	1
[computer.operating_system] investor relations	1
[computer.operating_system] interview questions	1
[computer.operating_system] interpreter	1
[computer.operating_system] internet packages	1
[computer.operating_system] intel	1
[computer.operating_system] integrity meaning	1
[computer.operating_system] integrity check	1
[computer.operating_system] institute of skill excellence	1
[computer.operating_system] installer	1
[computer.operating_system] installed failed	1
[computer.operating_system] install windows 10	1
[computer.operating_system] install tutorial	1
[computer.operating_system] install packages	1
[computer.operating_system] install dvd	1
[computer.operating_system] information	1
[computer.operating_system] individual	1
[computer.operating_system] indian gooseberry benefits	1
[computer.operating_system] in hawaii	1
[computer.operating_system] in florida	1
[computer.operating_system] in cloud computing	1
[computer.operating_system] img download	1
[computer.operating_system] images download	1
[computer.operating_system] ila alarabiya	1
[computer.operating_system] ifconfig	1
[computer.operating_system] ide	1
[computer.operating_system] icon	1
[computer.operating_system] ibm	1
[computer.operating_system] human resources	1
[computer.operating_system] howling	1
[computer.operating_system] how to start	1
[computer.operating_system] hours	1
[computer.operating_system] hotspot	1
[computer.operating_system] hot dog theme	1
[computer.operating_system] home premium	1
[computer.operating_system] hockey	1
[computer.operating_system] hobbyist	1
[computer.operating_system] hipster	1
[computer.operating_system] high school	1
[computer.operating_system] high disk usage	1
[computer.operating_system] hera	1
[computer.operating_system] helmet	1
[computer.operating_system] hatari	1
[computer.operating_system] hands	1
[computer.operating_system] halla	1
[computer.operating_system] hair	1
[computer.operating_system] guts breath of the wild	1
[computer.operating_system] guts	1
[computer.operating_system] gui programming with wxwidgets	1
[computer.operating_system] grub rescue	1
[computer.operating_system] group	1
[computer.operating_system] green	1
[computer.operating_system] greek mythology	1
[computer.operating_system] greek	1
[computer.operating_system] grecia	1
[computer.operating_system] goreng	1
[computer.operating_system] golang	1
[computer.operating_system] global	1
[computer.operating_system] generator	1
[computer.operating_system] gcc	1
[computer.operating_system] gaming	1
[computer.operating_system] games online	1
[computer.operating_system] games download	1
[computer.operating_system] gabapentin dosage	1
[computer.operating_system] future	1
[computer.operating_system] fusion	1
[computer.operating_system] furuno	1
[computer.operating_system] funding	1
[computer.operating_system] fundamentals	1
[computer.operating_system] fund	1
[computer.operating_system] full monty	1
[computer.operating_system] fritos	1
[computer.operating_system] free tv	1
[computer.operating_system] free download 32 bit	1
[computer.operating_system] frankfurt	1
[computer.operating_system] format disk	1
[computer.operating_system] fork	1
[computer.operating_system] for windows xp	1
[computer.operating_system] for windows 7	1
[computer.operating_system] for vmware	1
[computer.operating_system] for virtual datacenters	1
[computer.operating_system] for students	1
[computer.operating_system] for sap applications 11 sp4	1
[computer.operating_system] for sap applications	1
[computer.operating_system] for sale near me	1
[computer.operating_system] for roku	1
[computer.operating_system] for raspberry pi	1
[computer.operating_system] for pc free download	1
[computer.operating_system] for loop	1
[computer.operating_system] for a personal computer	1
[computer.operating_system] food	1
[computer.operating_system] focus	1
[computer.operating_system] firmware	1
[computer.operating_system] financial uxbridge	1
[computer.operating_system] files	1
[computer.operating_system] fiji	1
[computer.operating_system] fi	1
[computer.operating_system] fermi review	1
[computer.operating_system] feature	1
[computer.operating_system] feather	1
[computer.operating_system] fat	1
[computer.operating_system] fashion online clearance	1
[computer.operating_system] farm	1
[computer.operating_system] facturlinex	1
[computer.operating_system] factory reset	1
[computer.operating_system] faces	1
[computer.operating_system] f200	1
[computer.operating_system] extensions	1
[computer.operating_system] express	1
[computer.operating_system] export contacts	1
[computer.operating_system] explorer	1
[computer.operating_system] exec 8	1
[computer.operating_system] europe	1
[computer.operating_system] etl	1
[computer.operating_system] etc	1
[computer.operating_system] essentials	1
[computer.operating_system] esr	1
[computer.operating_system] erythromycin dosage	1
[computer.operating_system] enterprises	1
[computer.operating_system] enterprise firewall	1
[computer.operating_system] enix	1
[computer.operating_system] english	1
[computer.operating_system] end of life matrix	1
[computer.operating_system] enable ssh	1
[computer.operating_system] emulator ubuntu	1
[computer.operating_system] emulator online	1
[computer.operating_system] emulator mac	1
[computer.operating_system] emulator dos	1
[computer.operating_system] email	1
[computer.operating_system] dvd 10.5.iso	1
[computer.operating_system] dsk	1
[computer.operating_system] drug	1
[computer.operating_system] drix	1
[computer.operating_system] drainage kit	1
[computer.operating_system] drain kit	1
[computer.operating_system] drain	1
[computer.operating_system] download iso image	1
[computer.operating_system] dosyası açma	1
[computer.operating_system] dossier	1
[computer.operating_system] dosportseasy	1
[computer.operating_system] doskoku	1
[computer.operating_system] doska.ru	1
[computer.operating_system] dos 6.22	1
[computer.operating_system] dogs	1
[computer.operating_system] doe	1
[computer.operating_system] dmg download	1
[computer.operating_system] distro	1
[computer.operating_system] district office	1
[computer.operating_system] distance learning	1
[computer.operating_system] disk images	1
[computer.operating_system] disk cleanup	1
[computer.operating_system] disk	1
[computer.operating_system] discount	1
[computer.operating_system] discontinued	1
[computer.operating_system] directory services	1
[computer.operating_system] digit pin	1
[computer.operating_system] dictionary	1
[computer.operating_system] device center windows 7	1
[computer.operating_system] device center windows 10	1
[computer.operating_system] device center 64 bit	1
[computer.operating_system] device center	1
[computer.operating_system] development pdf	1
[computer.operating_system] development companies	1
[computer.operating_system] developer suite	1
[computer.operating_system] developer	1
[computer.operating_system] desktop software	1
[computer.operating_system] desktop applications pdf	1
[computer.operating_system] desktop applications	1
[computer.operating_system] desktop 6.0 download	1
[computer.operating_system] desk	1
[computer.operating_system] designer	1
[computer.operating_system] descargar	1
[computer.operating_system] depletion	1
[computer.operating_system] defender	1
[computer.operating_system] default root password	1
[computer.operating_system] dedicated per region fee	1
[computer.operating_system] deactivation	1
[computer.operating_system] de maig	1
[computer.operating_system] day	1
[computer.operating_system] data	1
[computer.operating_system] cycle	1
[computer.operating_system] cyber doo series	1
[computer.operating_system] cutlery	1
[computer.operating_system] current	1
[computer.operating_system] curl	1
[computer.operating_system] crimper	1
[computer.operating_system] credit card	1
[computer.operating_system] cream	1
[computer.operating_system] crash	1
[computer.operating_system] craigslist	1
[computer.operating_system] course	1
[computer.operating_system] coupons	1
[computer.operating_system] coupon code	1
[computer.operating_system] coupon	1
[computer.operating_system] costa rica menu	1
[computer.operating_system] costa rica	1
[computer.operating_system] corporation osaka	1
[computer.operating_system] convert xlsx to csv	1
[computer.operating_system] convert xls to csv	1
[computer.operating_system] control center	1
[computer.operating_system] container	1
[computer.operating_system] constellation	1
[computer.operating_system] console	1
[computer.operating_system] connector	1
[computer.operating_system] connect to pc	1
[computer.operating_system] connect enterprise edition	1
[computer.operating_system] connect	1
[computer.operating_system] condition	1
[computer.operating_system] concepts	1
[computer.operating_system] computers	1
[computer.operating_system] computer accessories & service	1
[computer.operating_system] computer academy	1
[computer.operating_system] compiler	1
[computer.operating_system] compatibility card	1
[computer.operating_system] comparison	1
[computer.operating_system] companies	1
[computer.operating_system] commercial	1
[computer.operating_system] command to boot from usb	1
[computer.operating_system] command reference	1
[computer.operating_system] command line reference	1
[computer.operating_system] command	1
[computer.operating_system] combi oven	1
[computer.operating_system] color computer	1
[computer.operating_system] college	1
[computer.operating_system] code	1
[computer.operating_system] cobol jobs	1
[computer.operating_system] cobol	1
[computer.operating_system] club breath of the wild	1
[computer.operating_system] club	1
[computer.operating_system] climbing	1
[computer.operating_system] cli commands	1
[computer.operating_system] cli	1
[computer.operating_system] cinnamon vs mate	1
[computer.operating_system] cinemas	1
[computer.operating_system] chicago	1
[computer.operating_system] cheetah iso download	1
[computer.operating_system] checker	1
[computer.operating_system] charges	1
[computer.operating_system] charger	1
[computer.operating_system] changeover	1
[computer.operating_system] change hostname	1
[computer.operating_system] cern	1
[computer.operating_system] cdma	1
[computer.operating_system] cd key	1
[computer.operating_system] cd	1
[computer.operating_system] ccie	1
[computer.operating_system] cauldron	1
[computer.operating_system] catheter insertion	1
[computer.operating_system] catheter icd 10	1
[computer.operating_system] catheter cpt	1
[computer.operating_system] catheter	1
[computer.operating_system] cassandra download	1
[computer.operating_system] cassandra	1
[computer.operating_system] caseosa	1
[computer.operating_system] cartoon	1
[computer.operating_system] carabineros	1
[computer.operating_system] canvas	1
[computer.operating_system] cannot run correctly	1
[computer.operating_system] canada	1
[computer.operating_system] can't open this page	1
[computer.operating_system] cables ltd	1
[computer.operating_system] caanoo	1
[computer.operating_system] buy uk	1
[computer.operating_system] business model	1
[computer.operating_system] bundle	1
[computer.operating_system] builder	1
[computer.operating_system] budgie	1
[computer.operating_system] bsod windows 10	1
[computer.operating_system] bsod	1
[computer.operating_system] brushes	1
[computer.operating_system] bronx	1
[computer.operating_system] bridge	1
[computer.operating_system] brewery	1
[computer.operating_system] bregenz	1
[computer.operating_system] breath of the wild	1
[computer.operating_system] bravia	1
[computer.operating_system] box	1
[computer.operating_system] bootable usb	1
[computer.operating_system] book	1
[computer.operating_system] blue lion download	1
[computer.operating_system] blue lion	1
[computer.operating_system] bit games	1
[computer.operating_system] bit buy	1
[computer.operating_system] bit block editor	1
[computer.operating_system] bit	1
[computer.operating_system] billing	1
[computer.operating_system] bilder	1
[computer.operating_system] bible	1
[computer.operating_system] benefits	1
[computer.operating_system] beginners guide	1
[computer.operating_system] bay village	1
[computer.operating_system] bay	1
[computer.operating_system] battery	1
[computer.operating_system] basics	1
[computer.operating_system] bar	1
[computer.operating_system] band	1
[computer.operating_system] ban	1
[computer.operating_system] bags	1
[computer.operating_system] baden	1
[computer.operating_system] baar	1
[computer.operating_system] australia	1
[computer.operating_system] aur	1
[computer.operating_system] asterix	1
[computer.operating_system] ascii	1
[computer.operating_system] as pets	1
[computer.operating_system] arthropedix	1
[computer.operating_system] art	1
[computer.operating_system] aroma wiki	1
[computer.operating_system] aroma	1
[computer.operating_system] arch linux	1
[computer.operating_system] approved	1
[computer.operating_system] application	1
[computer.operating_system] app store	1
[computer.operating_system] app for desktop	1
[computer.operating_system] app download	1
[computer.operating_system] apollo	1
[computer.operating_system] apis for semaphores	1
[computer.operating_system] apis for messages	1
[computer.operating_system] api	1
[computer.operating_system] aper	1
[computer.operating_system] animal	1
[computer.operating_system] android apps	1
[computer.operating_system] and walk-through	1
[computer.operating_system] and unix	1
[computer.operating_system] and fun	1
[computer.operating_system] and don'ts	1
[computer.operating_system] and co	1
[computer.operating_system] and cheese	1
[computer.operating_system] analytics	1
[computer.operating_system] amoxicillin dosage	1
[computer.operating_system] amiga	1
[computer.operating_system] amd	1
[computer.operating_system] alunos erraram	1
[computer.operating_system] alt-tab task switching	1
[computer.operating_system] allinonehomeschool 7th	1
[computer.operating_system] allinonehomeschool 6th	1
[computer.operating_system] allinonehomeschool 4th	1
[computer.operating_system] alienware	1
[computer.operating_system] airport	1
[computer.operating_system] agreement	1
[computer.operating_system] adventures	1
[computer.operating_system] advantages	1
[computer.operating_system] administration tools	1
[computer.operating_system] acquisition llc	1
[computer.operating_system] acer root@localhost	1
[computer.operating_system] acer remove	1
[computer.operating_system] accounting	1
[computer.operating_system] accent	1
[computer.operating_system] 954	1
[computer.operating_system] 9.10 download	1
[computer.operating_system] 9.10	1
[computer.operating_system] 9 download	1
[computer.operating_system] 880 r magnum	1
[computer.operating_system] 880 magnum	1
[computer.operating_system] 87	1
[computer.operating_system] 86	1
[computer.operating_system] 855i	1
[computer.operating_system] 8520	1
[computer.operating_system] 84	1
[computer.operating_system] 839	1
[computer.operating_system] 80386	1
[computer.operating_system] 802.11	1
[computer.operating_system] 800 infinity speakers	1
[computer.operating_system] 800 etec	1
[computer.operating_system] 8.4	1
[computer.operating_system] 8.3	1
[computer.operating_system] 8.2	1
[computer.operating_system] 8.10 luna serena download	1
[computer.operating_system] 8.10 luna serena	1
[computer.operating_system] 8.10 download	1
[computer.operating_system] 8.1.2	1
[computer.operating_system] 8.1.1	1
[computer.operating_system] 8.1 download	1
[computer.operating_system] 8.0 infocenter	1
[computer.operating_system] 8.0 download iso	1
[computer.operating_system] 8.0 download	1
[computer.operating_system] 8.0	1
[computer.operating_system] 7.7.1	1
[computer.operating_system] 7.2	1
[computer.operating_system] 7.1.4 iso download	1
[computer.operating_system] 7.1.4	1
[computer.operating_system] 7.1.1	1
[computer.operating_system] 7.1 download	1
[computer.operating_system] 7.0 download	1
[computer.operating_system] 7 iso	1
[computer.operating_system] 7 disable firewall	1
[computer.operating_system] 7 definitive	1
[computer.operating_system] 7 change hostname	1
[computer.operating_system] 68k	1
[computer.operating_system] 653	1
[computer.operating_system] 6.8統合アップデートv1 1	1
[computer.operating_system] 6.22	1
[computer.operating_system] 6.0 iso download	1
[computer.operating_system] 6.0 download	1
[computer.operating_system] 6.0	1
[computer.operating_system] 6 review	1
[computer.operating_system] 6 license key	1
[computer.operating_system] 6 download	1
[computer.operating_system] 5w30	1
[computer.operating_system] 5.9	1
[computer.operating_system] 5.8	1
[computer.operating_system] 5.2	1
[computer.operating_system] 5.10 end of life	1
[computer.operating_system] 5.10	1
[computer.operating_system] 5.0.7 iso download	1
[computer.operating_system] 5.0.7	1
[computer.operating_system] 5.0.1	1
[computer.operating_system] 5.0	1
[computer.operating_system] 5 wikipedia	1
[computer.operating_system] 5 review	1
[computer.operating_system] 5 r3	1
[computer.operating_system] 464 roms	1
[computer.operating_system] 464 plus	1
[computer.operating_system] 464 games	1
[computer.operating_system] 464 ebay	1
[computer.operating_system] 464	1
[computer.operating_system] 42.3	1
[computer.operating_system] 4.81	1
[computer.operating_system] 4.78	1
[computer.operating_system] 4.46 download	1
[computer.operating_system] 4.14	1
[computer.operating_system] 4.12	1
[computer.operating_system] 4.10.2 for windows	1
[computer.operating_system] 4.10.2	1
[computer.operating_system] 4.1 iso	1
[computer.operating_system] 4.1 final edition	1
[computer.operating_system] 4.0 download	1
[computer.operating_system] 4 sp4	1
[computer.operating_system] 4 sp3	1
[computer.operating_system] 4 download	1
[computer.operating_system] 32 download	1
[computer.operating_system] 32 bit download	1
[computer.operating_system] 32 bit	1
[computer.operating_system] 3.9 download	1
[computer.operating_system] 3.9	1
[computer.operating_system] 3.51	1
[computer.operating_system] 3.5	1
[computer.operating_system] 3.3 manual	1
[computer.operating_system] 3.3 download	1
[computer.operating_system] 3.3 disk image	1
[computer.operating_system] 3.2.2	1
[computer.operating_system] 3.1 installer download	1
[computer.operating_system] 3.1 installer	1
[computer.operating_system] 3.0 apps	1
[computer.operating_system] 3 manual	1
[computer.operating_system] 26	1
[computer.operating_system] 25	1
[computer.operating_system] 2016 essentials	1
[computer.operating_system] 2016 download	1
[computer.operating_system] 2015 songs	1
[computer.operating_system] 2014 songs	1
[computer.operating_system] 2014 movies	1
[computer.operating_system] 2013	1
[computer.operating_system] 2012 r2	1
[computer.operating_system] 2012	1
[computer.operating_system] 2008 r2	1
[computer.operating_system] 2008	1
[computer.operating_system] 2005 specs	1
[computer.operating_system] 2005 product key	1
[computer.operating_system] 2005 iso free download	1
[computer.operating_system] 2005 iso	1
[computer.operating_system] 2005 download	1
[computer.operating_system] 2005 dell	1
[computer.operating_system] 2005	1
[computer.operating_system] 2004	1
[computer.operating_system] 2003	1
[computer.operating_system] 2000s songs	1
[computer.operating_system] 2000 serial number	1
[computer.operating_system] 2000 serial	1
[computer.operating_system] 2000 pro download	1
[computer.operating_system] 2000 pro	1
[computer.operating_system] 2000 iso	1
[computer.operating_system] 2.5.3	1
[computer.operating_system] 2.5 manual	1
[computer.operating_system] 2.5 atr	1
[computer.operating_system] 2.5	1
[computer.operating_system] 2.3	1
[computer.operating_system] 2.24	1
[computer.operating_system] 2.2	1
[computer.operating_system] 2.1	1
[computer.operating_system] 2.08 operating system	1
[computer.operating_system] 2.0.8 download	1
[computer.operating_system] 2.0 download	1
[computer.operating_system] 2 download	1
[computer.operating_system] 18.2	1
[computer.operating_system] 18.1	1
[computer.operating_system] 18	1
[computer.operating_system] 17.6	1
[computer.operating_system] 17.10	1
[computer.operating_system] 1631	1
[computer.operating_system] 16.10	1
[computer.operating_system] 16.04 review	1
[computer.operating_system] 16	1
[computer.operating_system] 15mm review	1
[computer.operating_system] 15mm firefly	1
[computer.operating_system] 15mm	1
[computer.operating_system] 14.2	1
[computer.operating_system] 14.04 download	1
[computer.operating_system] 134 cc	1
[computer.operating_system] 1331 unsupported (void)	1
[computer.operating_system] 1331 unsupported	1
[computer.operating_system] 1331	1
[computer.operating_system] 13.2	1
[computer.operating_system] 1200 evo	1
[computer.operating_system] 12.00 free download	1
[computer.operating_system] 12 iso download	1
[computer.operating_system] 12 download	1
[computer.operating_system] 12 administration pdf	1
[computer.operating_system] 12	1
[computer.operating_system] 11mm review	1
[computer.operating_system] 11mm	1
[computer.operating_system] 11i v3	1
[computer.operating_system] 11.31 end of life	1
[computer.operating_system] 11.04 download	1
[computer.operating_system] 11 sp4	1
[computer.operating_system] 11 sp3	1
[computer.operating_system] 11 iso free download	1
[computer.operating_system] 11 beta 3	1
[computer.operating_system] 11 beta 2	1
[computer.operating_system] 11 beta	1
[computer.operating_system] 1099 software	1
[computer.operating_system] 1099 forms	1
[computer.operating_system] 107c	1
[computer.operating_system] 10/27 knife	1
[computer.operating_system] 10/27	1
[computer.operating_system] 10.7.5 download	1
[computer.operating_system] 10.7.5 (11g63)	1
[computer.operating_system] 10.7.5	1
[computer.operating_system] 10.7	1
[computer.operating_system] 10.6	1
[computer.operating_system] 10.5.4 9e25 retail	1
[computer.operating_system] 10.4	1
[computer.operating_system] 10.3.4	1
[computer.operating_system] 10.3.2	1
[computer.operating_system] 10.11	1
[computer.operating_system] 10.10 iso download	1
[computer.operating_system] 10.10	1
[computer.operating_system] 10.1	1
[computer.operating_system] 10.04 iso	1
[computer.operating_system] 10.04 (lucid lynx)	1
[computer.operating_system] 10.04	1
[computer.operating_system] 10 whatsapp	1
[computer.operating_system] 10 update	1
[computer.operating_system] 10 download	1
[computer.operating_system] 1.6	1
[computer.operating_system] 1.5	1
[computer.operating_system] 1.4	1
[computer.operating_system] 1.3	1
[computer.operating_system] 1.13	1
[computer.operating_system] 1	1
[computer.operating_system] 0w20	1
[computer.operating_system] 0.4.5	1
[computer.operating_system] 0.37b11 mame romset free download	1
[computer.operating_system] 0.37b11 mame romset	1
[computer.operating_system] 0.37b11 mame roms	1
[computer.operating_system] (xmb)	1
[computer.operating_system] (windows pe)	1
[computer.operating_system] (ros) the complete reference	1
[computer.operating_system] (ros)	1
[computer.operating_system] (rhapsody)	1
[computer.operating_system] (q-dos)	1
[computer.operating_system] (fat32)	1
