[cricket.cricket_player]	1019
[cricket.cricket_player] wife	483
[cricket.cricket_player] twitter	375
[cricket.cricket_player] age	317
[cricket.cricket_player] cricinfo	282
[cricket.cricket_player] family	226
[cricket.cricket_player] height	206
[cricket.cricket_player] facebook	169
[cricket.cricket_player] bowling	157
[cricket.cricket_player] ipl	155
[cricket.cricket_player] wiki	145
[cricket.cricket_player] profile	119
[cricket.cricket_player] instagram	117
[cricket.cricket_player] batting	109
[cricket.cricket_player] cricketer	108
[cricket.cricket_player] career	104
[cricket.cricket_player] cricket	103
[cricket.cricket_player] son	97
[cricket.cricket_player] net worth	92
[cricket.cricket_player] house	80
[cricket.cricket_player] cricbuzz	70
[cricket.cricket_player] stats	69
[cricket.cricket_player] news	65
[cricket.cricket_player] images	54
[cricket.cricket_player] youtube	50
[cricket.cricket_player] height in feet	45
[cricket.cricket_player] biography	45
[cricket.cricket_player] daughter	43
[cricket.cricket_player] linkedin	40
[cricket.cricket_player] actor	40
[cricket.cricket_player] death	39
[cricket.cricket_player] book	36
[cricket.cricket_player] photos	34
[cricket.cricket_player] injury	34
[cricket.cricket_player] wedding	32
[cricket.cricket_player] record	32
[cricket.cricket_player] father	31
[cricket.cricket_player] caste	31
[cricket.cricket_player] salary	30
[cricket.cricket_player] marriage	30
[cricket.cricket_player] archive	29
[cricket.cricket_player] retirement	28
[cricket.cricket_player] cricket academy	27
[cricket.cricket_player] obituary	26
[cricket.cricket_player] brother	25
[cricket.cricket_player] md	23
[cricket.cricket_player] cricket archive	23
[cricket.cricket_player] wife name	22
[cricket.cricket_player] parents	21
[cricket.cricket_player] sister	20
[cricket.cricket_player] school	20
[cricket.cricket_player] quotes	20
[cricket.cricket_player] ipl 2017	20
[cricket.cricket_player] funeral	20
[cricket.cricket_player] bat	20
[cricket.cricket_player] england	18
[cricket.cricket_player] interview	17
[cricket.cricket_player] photo	16
[cricket.cricket_player] married	15
[cricket.cricket_player] cricket career	15
[cricket.cricket_player] bowling speed	15
[cricket.cricket_player] bowling action	15
[cricket.cricket_player] movie	14
[cricket.cricket_player] hat trick	14
[cricket.cricket_player] video	13
[cricket.cricket_player] song	13
[cricket.cricket_player] latest news	13
[cricket.cricket_player] kkr	13
[cricket.cricket_player] football	13
[cricket.cricket_player] catch	13
[cricket.cricket_player] cancer	13
[cricket.cricket_player] coach	12
[cricket.cricket_player] wickets	11
[cricket.cricket_player] now	11
[cricket.cricket_player] commentator	11
[cricket.cricket_player] books	11
[cricket.cricket_player] baby	11
[cricket.cricket_player] 2017	11
[cricket.cricket_player] trophy	10
[cricket.cricket_player] test record	10
[cricket.cricket_player] singer	10
[cricket.cricket_player] player	10
[cricket.cricket_player] nz	10
[cricket.cricket_player] khan	10
[cricket.cricket_player] indian cricketer	10
[cricket.cricket_player] foundation	10
[cricket.cricket_player] attorney	10
[cricket.cricket_player] wife photos	9
[cricket.cricket_player] wife photo	9
[cricket.cricket_player] west indies	9
[cricket.cricket_player] surrey	9
[cricket.cricket_player] speed	9
[cricket.cricket_player] photography	9
[cricket.cricket_player] partner	9
[cricket.cricket_player] girlfriend	9
[cricket.cricket_player] first wife	9
[cricket.cricket_player] education	9
[cricket.cricket_player] artist	9
[cricket.cricket_player]on	8
[cricket.cricket_player] jr	8
[cricket.cricket_player] golf	8
[cricket.cricket_player] family tree	8
[cricket.cricket_player] bowling video	8
[cricket.cricket_player] autograph	8
[cricket.cricket_player] author	8
[cricket.cricket_player]son	7
[cricket.cricket_player] wikipedia	7
[cricket.cricket_player] songs	7
[cricket.cricket_player] son name	7
[cricket.cricket_player] somerset	7
[cricket.cricket_player] psl	7
[cricket.cricket_player] oval	7
[cricket.cricket_player] image	7
[cricket.cricket_player] grave	7
[cricket.cricket_player] fastest ball	7
[cricket.cricket_player] died	7
[cricket.cricket_player] bangladesh	7
[cricket.cricket_player] academy	7
[cricket.cricket_player] south africa	6
[cricket.cricket_player] six	6
[cricket.cricket_player] records	6
[cricket.cricket_player] play cricket	6
[cricket.cricket_player] pakistani cricketer	6
[cricket.cricket_player] nickname	6
[cricket.cricket_player] lawyer	6
[cricket.cricket_player] ipl 2016	6
[cricket.cricket_player] fielding	6
[cricket.cricket_player] father name	6
[cricket.cricket_player] dance	6
[cricket.cricket_player] csk	6
[cricket.cricket_player] commentary	6
[cricket.cricket_player] comedian	6
[cricket.cricket_player] cause of death	6
[cricket.cricket_player] baseball	6
[cricket.cricket_player] afl	6
[cricket.cricket_player]head	5
[cricket.cricket_player] young	5
[cricket.cricket_player] wife age	5
[cricket.cricket_player] tour	5
[cricket.cricket_player] tattoo	5
[cricket.cricket_player] sussex	5
[cricket.cricket_player] stand	5
[cricket.cricket_player] sons	5
[cricket.cricket_player] pub	5
[cricket.cricket_player] pics	5
[cricket.cricket_player] pic	5
[cricket.cricket_player] mother	5
[cricket.cricket_player] mma	5
[cricket.cricket_player] middlesex	5
[cricket.cricket_player] ireland	5
[cricket.cricket_player] ias	5
[cricket.cricket_player] husband	5
[cricket.cricket_player] helmet	5
[cricket.cricket_player] coaching	5
[cricket.cricket_player] centuries	5
[cricket.cricket_player] birthday	5
[cricket.cricket_player] beard	5
[cricket.cricket_player] award	5
[cricket.cricket_player] autobiography	5
[cricket.cricket_player] australia	5
[cricket.cricket_player] 10 wickets	5
[cricket.cricket_player]i	4
[cricket.cricket_player]er	4
[cricket.cricket_player]all	4
[cricket.cricket_player] videos	4
[cricket.cricket_player] testimonial	4
[cricket.cricket_player] speech	4
[cricket.cricket_player] soccer	4
[cricket.cricket_player] ringtone	4
[cricket.cricket_player] realtor	4
[cricket.cricket_player] rcb	4
[cricket.cricket_player] perth	4
[cricket.cricket_player] pakistan	4
[cricket.cricket_player] odi career	4
[cricket.cricket_player] new zealand	4
[cricket.cricket_player] naat	4
[cricket.cricket_player] music	4
[cricket.cricket_player] model	4
[cricket.cricket_player] ips	4
[cricket.cricket_player] in ipl 2017	4
[cricket.cricket_player] hockey	4
[cricket.cricket_player] high school	4
[cricket.cricket_player] hairstyle	4
[cricket.cricket_player] footballer	4
[cricket.cricket_player] family photos	4
[cricket.cricket_player] family photo	4
[cricket.cricket_player] england coach	4
[cricket.cricket_player] director	4
[cricket.cricket_player] daughters	4
[cricket.cricket_player] cycling	4
[cricket.cricket_player] cricketer career	4
[cricket.cricket_player] cricket umpire	4
[cricket.cricket_player] brothers	4
[cricket.cricket_player] boxing	4
[cricket.cricket_player] bowling videos	4
[cricket.cricket_player] best bowling	4
[cricket.cricket_player] bbc	4
[cricket.cricket_player] basketball	4
[cricket.cricket_player]ton	3
[cricket.cricket_player]r	3
[cricket.cricket_player]man	3
[cricket.cricket_player]ll	3
[cricket.cricket_player]ley	3
[cricket.cricket_player]en	3
[cricket.cricket_player]ard	3
[cricket.cricket_player]'s nickname	3
[cricket.cricket_player] zimbabwe	3
[cricket.cricket_player] writer	3
[cricket.cricket_player] wine	3
[cricket.cricket_player] wife pics	3
[cricket.cricket_player] wicketkeeper	3
[cricket.cricket_player] west indies cricketer	3
[cricket.cricket_player] wallpapers	3
[cricket.cricket_player] vs shane warne	3
[cricket.cricket_player] vs india	3
[cricket.cricket_player] vegan	3
[cricket.cricket_player] vancouver	3
[cricket.cricket_player] umpire	3
[cricket.cricket_player] trophy 2016	3
[cricket.cricket_player] tennis	3
[cricket.cricket_player] tallone	3
[cricket.cricket_player] statue	3
[cricket.cricket_player] shah	3
[cricket.cricket_player] scientist	3
[cricket.cricket_player] racing	3
[cricket.cricket_player] podcast	3
[cricket.cricket_player] on sachin	3
[cricket.cricket_player] nottinghamshire	3
[cricket.cricket_player] movies	3
[cricket.cricket_player] moeen ali	3
[cricket.cricket_player] mlb	3
[cricket.cricket_player] mla	3
[cricket.cricket_player] marriage photos	3
[cricket.cricket_player] last match	3
[cricket.cricket_player] lancashire	3
[cricket.cricket_player] kolpak	3
[cricket.cricket_player] kent	3
[cricket.cricket_player] indian	3
[cricket.cricket_player] india coach	3
[cricket.cricket_player] india	3
[cricket.cricket_player] hat	3
[cricket.cricket_player] hands	3
[cricket.cricket_player] gate	3
[cricket.cricket_player] film	3
[cricket.cricket_player] fb	3
[cricket.cricket_player] facts	3
[cricket.cricket_player] ducks	3
[cricket.cricket_player] dentist	3
[cricket.cricket_player] dead	3
[cricket.cricket_player] daughter name	3
[cricket.cricket_player] dailymotion	3
[cricket.cricket_player] dad	3
[cricket.cricket_player] current teams	3
[cricket.cricket_player] cricket player	3
[cricket.cricket_player] cricket bat	3
[cricket.cricket_player] cricket academy fees	3
[cricket.cricket_player] contact details	3
[cricket.cricket_player] consulting	3
[cricket.cricket_player] century	3
[cricket.cricket_player] centre	3
[cricket.cricket_player] car	3
[cricket.cricket_player] bristol	3
[cricket.cricket_player] bradford	3
[cricket.cricket_player] bodyline	3
[cricket.cricket_player] bjp	3
[cricket.cricket_player] big bash	3
[cricket.cricket_player] batting average	3
[cricket.cricket_player] agent	3
[cricket.cricket_player] 300	3
[cricket.cricket_player] 247	3
[cricket.cricket_player] 175	3
wikipedia [cricket.cricket_player]	2
dr [cricket.cricket_player]	2
cricketer [cricket.cricket_player]	2
christopher [cricket.cricket_player]	2
[cricket.cricket_player]side	2
[cricket.cricket_player]ie	2
[cricket.cricket_player]house	2
[cricket.cricket_player]ett	2
[cricket.cricket_player]an	2
[cricket.cricket_player]'s wife	2
[cricket.cricket_player] yorkshire	2
[cricket.cricket_player] world record	2
[cricket.cricket_player] west indies cricket	2
[cricket.cricket_player] wedding pictures	2
[cricket.cricket_player] wedding pic	2
[cricket.cricket_player] website	2
[cricket.cricket_player] way	2
[cricket.cricket_player] waterloo	2
[cricket.cricket_player] warwickshire	2
[cricket.cricket_player] walk	2
[cricket.cricket_player] vs virat kohli	2
[cricket.cricket_player] vs pakistan	2
[cricket.cricket_player] vs kohli	2
[cricket.cricket_player] vs imran khan	2
[cricket.cricket_player] viv richards	2
[cricket.cricket_player] umd	2
[cricket.cricket_player] ukip	2
[cricket.cricket_player] trophy 2017	2
[cricket.cricket_player] trophy 2015	2
[cricket.cricket_player] transport	2
[cricket.cricket_player] toronto	2
[cricket.cricket_player] tnpl	2
[cricket.cricket_player] this is your life	2
[cricket.cricket_player] texas	2
[cricket.cricket_player] test wickets	2
[cricket.cricket_player] test career	2
[cricket.cricket_player] teacher	2
[cricket.cricket_player] tattoos	2
[cricket.cricket_player] tamil	2
[cricket.cricket_player] t20	2
[cricket.cricket_player] suite	2
[cricket.cricket_player] story	2
[cricket.cricket_player] stephen fry	2
[cricket.cricket_player] stance	2
[cricket.cricket_player] sri lanka	2
[cricket.cricket_player] speaking tamil	2
[cricket.cricket_player] snapchat	2
[cricket.cricket_player] sky	2
[cricket.cricket_player] singer wife	2
[cricket.cricket_player] signature	2
[cricket.cricket_player] show	2
[cricket.cricket_player] shayari	2
[cricket.cricket_player] sharma	2
[cricket.cricket_player] sachin tendulkar	2
[cricket.cricket_player] run out	2
[cricket.cricket_player] rugby league	2
[cricket.cricket_player] rugby	2
[cricket.cricket_player] room mcg	2
[cricket.cricket_player] rolls royce	2
[cricket.cricket_player] return	2
[cricket.cricket_player] restaurant	2
[cricket.cricket_player] residence	2
[cricket.cricket_player] remax	2
[cricket.cricket_player] religion	2
[cricket.cricket_player] real estate	2
[cricket.cricket_player] raf	2
[cricket.cricket_player] pwc	2
[cricket.cricket_player] psychiatrist	2
[cricket.cricket_player] pronunciation	2
[cricket.cricket_player] producer	2
[cricket.cricket_player] poet	2
[cricket.cricket_player] pll	2
[cricket.cricket_player] player profile	2
[cricket.cricket_player] pictures	2
[cricket.cricket_player] phone number	2
[cricket.cricket_player] personal life	2
[cricket.cricket_player] perkins	2
[cricket.cricket_player] pdf	2
[cricket.cricket_player] pakistan coach	2
[cricket.cricket_player] painter	2
[cricket.cricket_player] oxford	2
[cricket.cricket_player] oval albert park	2
[cricket.cricket_player] on dhoni	2
[cricket.cricket_player] ohio state	2
[cricket.cricket_player] nrl	2
[cricket.cricket_player] new look	2
[cricket.cricket_player] nationality	2
[cricket.cricket_player] name meaning in urdu	2
[cricket.cricket_player] museum	2
[cricket.cricket_player] ms	2
[cricket.cricket_player] motors	2
[cricket.cricket_player] mint	2
[cricket.cricket_player] microsoft	2
[cricket.cricket_player] michael holding	2
[cricket.cricket_player] memorial service	2
[cricket.cricket_player] memes	2
[cricket.cricket_player] maui	2
[cricket.cricket_player] liverpool	2
[cricket.cricket_player] leicestershire	2
[cricket.cricket_player] lacrosse	2
[cricket.cricket_player] kohli	2
[cricket.cricket_player] knighted	2
[cricket.cricket_player] kerala	2
[cricket.cricket_player] junior	2
[cricket.cricket_player] journalist	2
[cricket.cricket_player] jewellery	2
[cricket.cricket_player] islam	2
[cricket.cricket_player] ipl team	2
[cricket.cricket_player] ipl price	2
[cricket.cricket_player] ipl career	2
[cricket.cricket_player] iowa	2
[cricket.cricket_player] in pakistan	2
[cricket.cricket_player] in ipl	2
[cricket.cricket_player] imran khan	2
[cricket.cricket_player] imdb	2
[cricket.cricket_player] icc	2
[cricket.cricket_player] honda	2
[cricket.cricket_player] hindu	2
[cricket.cricket_player] highlights	2
[cricket.cricket_player] height feet	2
[cricket.cricket_player] heart attack	2
[cricket.cricket_player] health	2
[cricket.cricket_player] hampshire	2
[cricket.cricket_player] grandson	2
[cricket.cricket_player] goal	2
[cricket.cricket_player] glamorgan	2
[cricket.cricket_player] gf	2
[cricket.cricket_player] funny	2
[cricket.cricket_player] full name	2
[cricket.cricket_player] flintoff	2
[cricket.cricket_player] fishing	2
[cricket.cricket_player] fiance	2
[cricket.cricket_player] farm	2
[cricket.cricket_player] family pictures	2
[cricket.cricket_player] family background	2
[cricket.cricket_player] eye	2
[cricket.cricket_player] essex	2
[cricket.cricket_player] english cricketer	2
[cricket.cricket_player] england cricketer	2
[cricket.cricket_player] england cricket	2
[cricket.cricket_player] engagement	2
[cricket.cricket_player] documentary	2
[cricket.cricket_player] dj	2
[cricket.cricket_player] dies	2
[cricket.cricket_player] debut	2
[cricket.cricket_player] death date	2
[cricket.cricket_player] dds	2
[cricket.cricket_player] daughter wedding	2
[cricket.cricket_player] dancer	2
[cricket.cricket_player] cup	2
[cricket.cricket_player] cricketer player	2
[cricket.cricket_player] cricketarchive	2
[cricket.cricket_player] cricket game	2
[cricket.cricket_player] cricket coaching	2
[cricket.cricket_player] cricket academy address	2
[cricket.cricket_player] credit suisse	2
[cricket.cricket_player] cpa	2
[cricket.cricket_player] county	2
[cricket.cricket_player] contact no	2
[cricket.cricket_player] comments	2
[cricket.cricket_player] column	2
[cricket.cricket_player] chef	2
[cricket.cricket_player] cbre	2
[cricket.cricket_player] catches	2
[cricket.cricket_player] calgary	2
[cricket.cricket_player] bridge	2
[cricket.cricket_player] born	2
[cricket.cricket_player] bodybuilder	2
[cricket.cricket_player] blog	2
[cricket.cricket_player] blackpool	2
[cricket.cricket_player] birmingham	2
[cricket.cricket_player] biodata	2
[cricket.cricket_player] batting video	2
[cricket.cricket_player] batting coach	2
[cricket.cricket_player] barrister	2
[cricket.cricket_player] bar	2
[cricket.cricket_player] bangladesh cricket	2
[cricket.cricket_player] band	2
[cricket.cricket_player] ball of the century	2
[cricket.cricket_player] award 2017	2
[cricket.cricket_player] award 2015	2
[cricket.cricket_player] australian cricketer	2
[cricket.cricket_player] asu	2
[cricket.cricket_player] articles	2
[cricket.cricket_player] art	2
[cricket.cricket_player] arsenal	2
[cricket.cricket_player] architects	2
[cricket.cricket_player] and sons	2
[cricket.cricket_player] and hashim amla	2
[cricket.cricket_player] adelaide	2
[cricket.cricket_player] address	2
[cricket.cricket_player] actress	2
[cricket.cricket_player] achievements	2
[cricket.cricket_player] accountant	2
[cricket.cricket_player] 222	2
[cricket.cricket_player] 2016	2
[cricket.cricket_player] 2015	2
[cricket.cricket_player] 2003 world cup	2
[cricket.cricket_player] 1981	2
[cricket.cricket_player] 171	2
[cricket.cricket_player] 145	2
[cricket.cricket_player] 111	2
[cricket.cricket_player] & co	2
[cricket.cricket_player] & associates	2
zoe and [cricket.cricket_player]	1
william [cricket.cricket_player] ventura county	1
william [cricket.cricket_player] ventura ca	1
william [cricket.cricket_player] ventura	1
william [cricket.cricket_player] md	1
william [cricket.cricket_player] jr	1
who is [cricket.cricket_player] mother	1
what happened to [cricket.cricket_player]	1
the [cricket.cricket_player] story	1
sri lankan cricketer [cricket.cricket_player]	1
sir [cricket.cricket_player] trail	1
sir [cricket.cricket_player]	1
shivpal [cricket.cricket_player]	1
shahid [cricket.cricket_player] project syndicate	1
shahid [cricket.cricket_player] profile	1
shahid [cricket.cricket_player] institute of public policy	1
shahid [cricket.cricket_player] books	1
shahid [cricket.cricket_player] articles	1
poet [cricket.cricket_player]	1
pictures of [cricket.cricket_player]	1
pics of [cricket.cricket_player]	1
photos of [cricket.cricket_player] images	1
peter [cricket.cricket_player]	1
percy [cricket.cricket_player]	1
paul [cricket.cricket_player]	1
nathan lyon [cricket.cricket_player]	1
muhammad [cricket.cricket_player]	1
mrs [cricket.cricket_player] grave	1
michael [cricket.cricket_player]	1
melanie [cricket.cricket_player] rhys [cricket.cricket_player]	1
maurice [cricket.cricket_player]	1
maharaja [cricket.cricket_player] youtube	1
maharaja [cricket.cricket_player] necklace	1
maharaja [cricket.cricket_player] biography	1
lords [cricket.cricket_player]	1
leslie [cricket.cricket_player] ca	1
leslie [cricket.cricket_player]	1
leopold [cricket.cricket_player]	1
ken [cricket.cricket_player]	1
justice [cricket.cricket_player]	1
harold [cricket.cricket_player]	1
elizabeth gloster [cricket.cricket_player]	1
dr v [cricket.cricket_player]	1
dr [cricket.cricket_player] midland tx	1
dr [cricket.cricket_player] faisalabad	1
dr [cricket.cricket_player] dermatologist	1
don [cricket.cricket_player]	1
digvijaysinhji [cricket.cricket_player]	1
dean honan [cricket.cricket_player]	1
dean [cricket.cricket_player] global	1
darren [cricket.cricket_player]	1
daniel [cricket.cricket_player]	1
charles taze [cricket.cricket_player]	1
charles cuthbert [cricket.cricket_player]	1
bristol energy [cricket.cricket_player]	1
blake [cricket.cricket_player] vic firth	1
ask bearders [cricket.cricket_player]	1
arjun [cricket.cricket_player]	1
address of [cricket.cricket_player]	1
[cricket.cricket_player]za age	1
[cricket.cricket_player]za	1
[cricket.cricket_player]yers	1
[cricket.cricket_player]yce	1
[cricket.cricket_player]y daley	1
[cricket.cricket_player]y	1
[cricket.cricket_player]weth	1
[cricket.cricket_player]water	1
[cricket.cricket_player]wani	1
[cricket.cricket_player]up	1
[cricket.cricket_player]tt	1
[cricket.cricket_player]ton singer	1
[cricket.cricket_player]to	1
[cricket.cricket_player]tan	1
[cricket.cricket_player]sville	1
[cricket.cricket_player]stone	1
[cricket.cricket_player]ston	1
[cricket.cricket_player]son trail	1
[cricket.cricket_player]son trade	1
[cricket.cricket_player]son stats	1
[cricket.cricket_player]son parents	1
[cricket.cricket_player]son height	1
[cricket.cricket_player]son contract	1
[cricket.cricket_player]son bella thorne	1
[cricket.cricket_player]son author	1
[cricket.cricket_player]son age	1
[cricket.cricket_player]son aberdeen	1
[cricket.cricket_player]sey	1
[cricket.cricket_player]sen	1
[cricket.cricket_player]s wife	1
[cricket.cricket_player]s watch	1
[cricket.cricket_player]s vice	1
[cricket.cricket_player]s stanford	1
[cricket.cricket_player]s restaurant palmerston north	1
[cricket.cricket_player]s nose	1
[cricket.cricket_player]s milwaukee	1
[cricket.cricket_player]s mail on sunday	1
[cricket.cricket_player]s m. dirado	1
[cricket.cricket_player]s kiwi kitchen	1
[cricket.cricket_player]s haken	1
[cricket.cricket_player]s guitar	1
[cricket.cricket_player]s facebook	1
[cricket.cricket_player]s cricket	1
[cricket.cricket_player]s baseball	1
[cricket.cricket_player]s art	1
[cricket.cricket_player]s 90210	1
[cricket.cricket_player]rence	1
[cricket.cricket_player]rance	1
[cricket.cricket_player]ows	1
[cricket.cricket_player]on tasmania	1
[cricket.cricket_player]on reconstruction	1
[cricket.cricket_player]on quotes	1
[cricket.cricket_player]on nfl	1
[cricket.cricket_player]on football	1
[cricket.cricket_player]on fifa 17	1
[cricket.cricket_player]on dollar coin	1
[cricket.cricket_player]on definition	1
[cricket.cricket_player]on bank	1
[cricket.cricket_player]on artist	1
[cricket.cricket_player]on afl	1
[cricket.cricket_player]old	1
[cricket.cricket_player]oe	1
[cricket.cricket_player]o	1
[cricket.cricket_player]nt mcmorrow true care review	1
[cricket.cricket_player]nt mcmorrow true care	1
[cricket.cricket_player]nt mcmorrow trinity	1
[cricket.cricket_player]nt mcmorrow tour	1
[cricket.cricket_player]nt mcmorrow lyrics	1
[cricket.cricket_player]nt mcmorrow higher love	1
[cricket.cricket_player]nt mcmorrow get low	1
[cricket.cricket_player]nt mcmorrow	1
[cricket.cricket_player]nt	1
[cricket.cricket_player]nson	1
[cricket.cricket_player]nfeld	1
[cricket.cricket_player]neck	1
[cricket.cricket_player]ne md	1
[cricket.cricket_player]ne attorney	1
[cricket.cricket_player]ne	1
[cricket.cricket_player]n yale	1
[cricket.cricket_player]n and garden	1
[cricket.cricket_player]n	1
[cricket.cricket_player]mann	1
[cricket.cricket_player]m	1
[cricket.cricket_player]ll wrestling	1
[cricket.cricket_player]ll performance center	1
[cricket.cricket_player]les	1
[cricket.cricket_player]lane	1
[cricket.cricket_player]l	1
[cricket.cricket_player]ington	1
[cricket.cricket_player]in	1
[cricket.cricket_player]illow	1
[cricket.cricket_player]ill	1
[cricket.cricket_player]iford	1
[cricket.cricket_player]ies	1
[cricket.cricket_player]ien wikipedia	1
[cricket.cricket_player]ien wife	1
[cricket.cricket_player]ien bio	1
[cricket.cricket_player]ien	1
[cricket.cricket_player]idie	1
[cricket.cricket_player]iday	1
[cricket.cricket_player]id	1
[cricket.cricket_player]hurst	1
[cricket.cricket_player]head actor	1
[cricket.cricket_player]hday meme	1
[cricket.cricket_player]hday cake	1
[cricket.cricket_player]hday	1
[cricket.cricket_player]ham	1
[cricket.cricket_player]goe	1
[cricket.cricket_player]gham new milford ct	1
[cricket.cricket_player]gham	1
[cricket.cricket_player]ford	1
[cricket.cricket_player]foot	1
[cricket.cricket_player]field	1
[cricket.cricket_player]ey	1
[cricket.cricket_player]esque lyrics	1
[cricket.cricket_player]ert hall	1
[cricket.cricket_player]ert	1
[cricket.cricket_player]ersgill	1
[cricket.cricket_player]ern south bend	1
[cricket.cricket_player]ern	1
[cricket.cricket_player]ering bodybuilder	1
[cricket.cricket_player]ering	1
[cricket.cricket_player]er moreland hills	1
[cricket.cricket_player]er md	1
[cricket.cricket_player]er dead	1
[cricket.cricket_player]ens	1
[cricket.cricket_player]en geils jr	1
[cricket.cricket_player]en facebook	1
[cricket.cricket_player]en clematis	1
[cricket.cricket_player]en cars	1
[cricket.cricket_player]en abp	1
[cricket.cricket_player]efract kpmg	1
[cricket.cricket_player]e-hadley	1
[cricket.cricket_player]e percussion	1
[cricket.cricket_player]e morgan stanley	1
[cricket.cricket_player]e jockey guild	1
[cricket.cricket_player]e guernsey	1
[cricket.cricket_player]e facebook	1
[cricket.cricket_player]e deutsche bank	1
[cricket.cricket_player]e concord foods	1
[cricket.cricket_player]e chef	1
[cricket.cricket_player]e cambridge	1
[cricket.cricket_player]e calgary	1
[cricket.cricket_player]e accountant	1
[cricket.cricket_player]der	1
[cricket.cricket_player]cki	1
[cricket.cricket_player]ck	1
[cricket.cricket_player]cheid	1
[cricket.cricket_player]by	1
[cricket.cricket_player]bent	1
[cricket.cricket_player]an iitb	1
[cricket.cricket_player]am	1
[cricket.cricket_player]all youtube	1
[cricket.cricket_player]all wiki	1
[cricket.cricket_player]all wife	1
[cricket.cricket_player]all western union	1
[cricket.cricket_player]all twitter	1
[cricket.cricket_player]all thread	1
[cricket.cricket_player]all periodontist	1
[cricket.cricket_player]all fcb	1
[cricket.cricket_player]all and vicki pipe	1
[cricket.cricket_player]all all the stations	1
[cricket.cricket_player]all age	1
[cricket.cricket_player]ah	1
[cricket.cricket_player]a	1
[cricket.cricket_player]-venter	1
[cricket.cricket_player]-desrosiers	1
[cricket.cricket_player]-craig senior	1
[cricket.cricket_player]-craig net worth	1
[cricket.cricket_player]-craig contact details	1
[cricket.cricket_player]-craig	1
[cricket.cricket_player]'s test cricket	1
[cricket.cricket_player]'s test batting average	1
[cricket.cricket_player]'s son	1
[cricket.cricket_player]'s nephew	1
[cricket.cricket_player]'s fastest ball	1
[cricket.cricket_player]'s average	1
[cricket.cricket_player] zimmerman	1
[cricket.cricket_player] zimbabwe cricket	1
[cricket.cricket_player] zealand cricketer	1
[cricket.cricket_player] zargar	1
[cricket.cricket_player] zaidi	1
[cricket.cricket_player] yuvraj singh	1
[cricket.cricket_player] yousufi quotes	1
[cricket.cricket_player] yousufi books	1
[cricket.cricket_player] yousufi	1
[cricket.cricket_player] your face is a mess	1
[cricket.cricket_player] yorkshire cricketer	1
[cricket.cricket_player] yorkshire cricket	1
[cricket.cricket_player] yeah yeah	1
[cricket.cricket_player] yaw age	1
[cricket.cricket_player] yaw	1
[cricket.cricket_player] wwe	1
[cricket.cricket_player] wrestling	1
[cricket.cricket_player] wrestler	1
[cricket.cricket_player] worswick	1
[cricket.cricket_player] worst over	1
[cricket.cricket_player] worsley	1
[cricket.cricket_player] world cup 2017	1
[cricket.cricket_player] world cup	1
[cricket.cricket_player] world class cricket	1
[cricket.cricket_player] world bank	1
[cricket.cricket_player] woodley	1
[cricket.cricket_player] wolverhampton	1
[cricket.cricket_player] wjxt age	1
[cricket.cricket_player] wisden auction	1
[cricket.cricket_player] wisden	1
[cricket.cricket_player] winnipeg	1
[cricket.cricket_player] winery	1
[cricket.cricket_player] wimbledon	1
[cricket.cricket_player] willesden	1
[cricket.cricket_player] wife wendy	1
[cricket.cricket_player] wife rebecca	1
[cricket.cricket_player] wife pic	1
[cricket.cricket_player] wife india	1
[cricket.cricket_player] wide	1
[cricket.cricket_player] wicket keeping	1
[cricket.cricket_player] who dares wins	1
[cricket.cricket_player] whispering death	1
[cricket.cricket_player] whelan twitter	1
[cricket.cricket_player] whelan	1
[cricket.cricket_player] wh ireland	1
[cricket.cricket_player] wetherspoons leeds	1
[cricket.cricket_player] wetherspoons	1
[cricket.cricket_player] westpac	1
[cricket.cricket_player] westerra	1
[cricket.cricket_player] west indian cricketer	1
[cricket.cricket_player] welwyn	1
[cricket.cricket_player] wedding photos	1
[cricket.cricket_player] wealth	1
[cricket.cricket_player] wcco	1
[cricket.cricket_player] wca	1
[cricket.cricket_player] way parking	1
[cricket.cricket_player] way manchester	1
[cricket.cricket_player] way hull	1
[cricket.cricket_player] wattoo	1
[cricket.cricket_player] watershed	1
[cricket.cricket_player] wallpaper	1
[cricket.cricket_player] waiheke	1
[cricket.cricket_player] wahl	1
[cricket.cricket_player] waffle	1
[cricket.cricket_player] vs zaheer khan	1
[cricket.cricket_player] vs tendulkar	1
[cricket.cricket_player] vs sehwag	1
[cricket.cricket_player] vs sachin	1
[cricket.cricket_player] vs murali	1
[cricket.cricket_player] vs flintoff	1
[cricket.cricket_player] vs don bradman	1
[cricket.cricket_player] vs dhoni	1
[cricket.cricket_player] vs dennis lillee	1
[cricket.cricket_player] vs brett lee	1
[cricket.cricket_player] vs australia	1
[cricket.cricket_player] vs aamir sohail	1
[cricket.cricket_player] voice	1
[cricket.cricket_player] vodafone	1
[cricket.cricket_player] virgin media	1
[cricket.cricket_player] virat kohli tweet	1
[cricket.cricket_player] virat kohli	1
[cricket.cricket_player] vine	1
[cricket.cricket_player] victoria	1
[cricket.cricket_player] vicbar	1
[cricket.cricket_player] vicar	1
[cricket.cricket_player] vic metro	1
[cricket.cricket_player] vernon philander	1
[cricket.cricket_player] venmo	1
[cricket.cricket_player] vampire	1
[cricket.cricket_player] va	1
[cricket.cricket_player] utc	1
[cricket.cricket_player] uss	1
[cricket.cricket_player] usmani	1
[cricket.cricket_player] usf	1
[cricket.cricket_player] up minister	1
[cricket.cricket_player] unsw	1
[cricket.cricket_player] university of ulster	1
[cricket.cricket_player] university of melbourne	1
[cricket.cricket_player] university of dayton	1
[cricket.cricket_player] union sc	1
[cricket.cricket_player] unimelb	1
[cricket.cricket_player] underarm youtube	1
[cricket.cricket_player] underarm bowling incident	1
[cricket.cricket_player] unc	1
[cricket.cricket_player] unbreakable kimmy schmidt	1
[cricket.cricket_player] umpire news	1
[cricket.cricket_player] uk	1
[cricket.cricket_player] ufc	1
[cricket.cricket_player] ucla	1
[cricket.cricket_player] uc davis	1
[cricket.cricket_player] uc berkeley	1
[cricket.cricket_player] uae	1
[cricket.cricket_player] uab	1
[cricket.cricket_player] twin	1
[cricket.cricket_player] tv show	1
[cricket.cricket_player] tudor millennium	1
[cricket.cricket_player] tuck	1
[cricket.cricket_player] trust	1
[cricket.cricket_player] trucks	1
[cricket.cricket_player] trucking	1
[cricket.cricket_player] trophy winner	1
[cricket.cricket_player] trophy wiki	1
[cricket.cricket_player] trophy 2017 winner	1
[cricket.cricket_player] trophy 2017 under 14	1
[cricket.cricket_player] trophy 2017 stats	1
[cricket.cricket_player] trophy 2016-17	1
[cricket.cricket_player] trophy 2016 winner	1
[cricket.cricket_player] trophy 2016 17 results	1
[cricket.cricket_player] trophy 2015-16	1
[cricket.cricket_player] trophy 2014	1
[cricket.cricket_player] trophy 2013	1
[cricket.cricket_player] trophy 1995	1
[cricket.cricket_player] trinidad	1
[cricket.cricket_player] tring	1
[cricket.cricket_player] trevelyan wiki	1
[cricket.cricket_player] trevelyan walking	1
[cricket.cricket_player] trevelyan quotes	1
[cricket.cricket_player] trevelyan lectures	1
[cricket.cricket_player] trevelyan history of england	1
[cricket.cricket_player] trevelyan	1
[cricket.cricket_player] tree surgery	1
[cricket.cricket_player] tree surgeon	1
[cricket.cricket_player] transport study	1
[cricket.cricket_player] trail	1
[cricket.cricket_player] tournament	1
[cricket.cricket_player] toulon	1
[cricket.cricket_player] tottenham	1
[cricket.cricket_player] toowoomba	1
[cricket.cricket_player] tool	1
[cricket.cricket_player] tony	1
[cricket.cricket_player] toes	1
[cricket.cricket_player] to javed miandad	1
[cricket.cricket_player] tn	1
[cricket.cricket_player] tms	1
[cricket.cricket_player] tmc	1
[cricket.cricket_player] titanic	1
[cricket.cricket_player] timecop	1
[cricket.cricket_player] thunder bay	1
[cricket.cricket_player] thigpen	1
[cricket.cricket_player] theo walcott	1
[cricket.cricket_player] theme song mp3 download	1
[cricket.cricket_player] theme	1
[cricket.cricket_player] the toll	1
[cricket.cricket_player] the times	1
[cricket.cricket_player] the outfield height	1
[cricket.cricket_player] the outfield	1
[cricket.cricket_player] the lost world	1
[cricket.cricket_player] the guardian	1
[cricket.cricket_player] the english castle	1
[cricket.cricket_player] the bradman of spin	1
[cricket.cricket_player] texas nfl	1
[cricket.cricket_player] testmasters	1
[cricket.cricket_player] testimony	1
[cricket.cricket_player] test stats	1
[cricket.cricket_player] test scores	1
[cricket.cricket_player] tesla	1
[cricket.cricket_player] terrace	1
[cricket.cricket_player] tennis player	1
[cricket.cricket_player] telugu	1
[cricket.cricket_player] teen mom	1
[cricket.cricket_player] ted talk	1
[cricket.cricket_player] technique	1
[cricket.cricket_player] team	1
[cricket.cricket_player] tcs	1
[cricket.cricket_player] tazim	1
[cricket.cricket_player] taylor	1
[cricket.cricket_player] tasmania	1
[cricket.cricket_player] tang	1
[cricket.cricket_player] talksport	1
[cricket.cricket_player] taekwondo	1
[cricket.cricket_player] t shirt	1
[cricket.cricket_player] sydney weekender	1
[cricket.cricket_player] swimming opening times	1
[cricket.cricket_player] sweets	1
[cricket.cricket_player] sweet shop	1
[cricket.cricket_player] swansea	1
[cricket.cricket_player] svitolina	1
[cricket.cricket_player] sustainability	1
[cricket.cricket_player] sussex ccc	1
[cricket.cricket_player] susie emburey	1
[cricket.cricket_player] suresh raina	1
[cricket.cricket_player] sunshine tour	1
[cricket.cricket_player] sunquest	1
[cricket.cricket_player] sunderland swimming timetable	1
[cricket.cricket_player] sunderland number	1
[cricket.cricket_player] sunbury	1
[cricket.cricket_player] sumon	1
[cricket.cricket_player] sultani	1
[cricket.cricket_player] suite trent bridge	1
[cricket.cricket_player] suit	1
[cricket.cricket_player] study group	1
[cricket.cricket_player] studentship	1
[cricket.cricket_player] strictly	1
[cricket.cricket_player] stretching	1
[cricket.cricket_player] street gordon	1
[cricket.cricket_player] strategic investment group	1
[cricket.cricket_player] stories	1
[cricket.cricket_player] store	1
[cricket.cricket_player] steria	1
[cricket.cricket_player] stellar recruitment	1
[cricket.cricket_player] statistics	1
[cricket.cricket_player] statement	1
[cricket.cricket_player] state park	1
[cricket.cricket_player] state farm	1
[cricket.cricket_player] starc	1
[cricket.cricket_player] stand wankhede	1
[cricket.cricket_player] stand oval	1
[cricket.cricket_player] stand gate no 3	1
[cricket.cricket_player] stand entry	1
[cricket.cricket_player] stadium contact	1
[cricket.cricket_player] stadium arima	1
[cricket.cricket_player] stadium address	1
[cricket.cricket_player] stadium	1
[cricket.cricket_player] srk	1
[cricket.cricket_player] sri lanka coach	1
[cricket.cricket_player] squash	1
[cricket.cricket_player] square new orleans	1
[cricket.cricket_player] square	1
[cricket.cricket_player] spurs	1
[cricket.cricket_player] sports travel	1
[cricket.cricket_player] sports ground	1
[cricket.cricket_player] sports bar	1
[cricket.cricket_player] sports	1
[cricket.cricket_player] spiritualism	1
[cricket.cricket_player] spirit club	1
[cricket.cricket_player] sp satara	1
[cricket.cricket_player] southport	1
[cricket.cricket_player] southampton	1
[cricket.cricket_player] south african cricketer	1
[cricket.cricket_player] soundgarden	1
[cricket.cricket_player] sorake	1
[cricket.cricket_player] sook park	1
[cricket.cricket_player] song download	1
[cricket.cricket_player] son's wedding	1
[cricket.cricket_player] son of rauf lala	1
[cricket.cricket_player] son golf	1
[cricket.cricket_player] solicitors llandrindod	1
[cricket.cricket_player] solicitors	1
[cricket.cricket_player] solicitor	1
[cricket.cricket_player] softball	1
[cricket.cricket_player] sofifa	1
[cricket.cricket_player] social club	1
[cricket.cricket_player] snr	1
[cricket.cricket_player] smallville	1
[cricket.cricket_player] slow	1
[cricket.cricket_player] slo brew	1
[cricket.cricket_player] slo	1
[cricket.cricket_player] sledge	1
[cricket.cricket_player] skyhook	1
[cricket.cricket_player] skanska	1
[cricket.cricket_player] six sixes	1
[cricket.cricket_player] sioux falls	1
[cricket.cricket_player] singing	1
[cricket.cricket_player] singh	1
[cricket.cricket_player] singer songs list	1
[cricket.cricket_player] singer images	1
[cricket.cricket_player] singer biography	1
[cricket.cricket_player] signed shirt	1
[cricket.cricket_player] siddiqui	1
[cricket.cricket_player] short stories	1
[cricket.cricket_player] shore ultra screen	1
[cricket.cricket_player] shore tickets	1
[cricket.cricket_player] shore movies	1
[cricket.cricket_player] shore mequon wi	1
[cricket.cricket_player] shore	1
[cricket.cricket_player] shop	1
[cricket.cricket_player] shoot	1
[cricket.cricket_player] shield	1
[cricket.cricket_player] sheikh	1
[cricket.cricket_player] sheet music	1
[cricket.cricket_player] sharks	1
[cricket.cricket_player] shanghai	1
[cricket.cricket_player] shane warne	1
[cricket.cricket_player] shamim	1
[cricket.cricket_player] shakoor rana	1
[cricket.cricket_player] shahrukh khan mother	1
[cricket.cricket_player] shahrukh khan	1
[cricket.cricket_player] shahrukh	1
[cricket.cricket_player] seven great monarchies	1
[cricket.cricket_player] sermons	1
[cricket.cricket_player] sentence	1
[cricket.cricket_player] sehwag	1
[cricket.cricket_player] secunderabad telangana	1
[cricket.cricket_player] second wife	1
[cricket.cricket_player] scottsdale	1
[cricket.cricket_player] scoring system	1
[cricket.cricket_player] scoring sheets	1
[cricket.cricket_player] score cards	1
[cricket.cricket_player] scorchers	1
[cricket.cricket_player] scooter	1
[cricket.cricket_player] school of cricket	1
[cricket.cricket_player] school grangetown	1
[cricket.cricket_player] sc	1
[cricket.cricket_player] saves	1
[cricket.cricket_player] sarfaraz	1
[cricket.cricket_player] sarah caddick	1
[cricket.cricket_player] santa barbara	1
[cricket.cricket_player] sania mirza	1
[cricket.cricket_player] sangakkara	1
[cricket.cricket_player] sandwich	1
[cricket.cricket_player] sandra robinson	1
[cricket.cricket_player] sandhu	1
[cricket.cricket_player] san diego	1
[cricket.cricket_player] samuel	1
[cricket.cricket_player] samantha king	1
[cricket.cricket_player] salon	1
[cricket.cricket_player] salimi	1
[cricket.cricket_player] sales	1
[cricket.cricket_player] saleemi wikipedia	1
[cricket.cricket_player] saleemi 2017	1
[cricket.cricket_player] saleemi	1
[cricket.cricket_player] salary per match	1
[cricket.cricket_player] safeguarding	1
[cricket.cricket_player] runs out	1
[cricket.cricket_player] rules	1
[cricket.cricket_player] rte	1
[cricket.cricket_player] rt	1
[cricket.cricket_player] rps	1
[cricket.cricket_player] royal ascot	1
[cricket.cricket_player] rowing	1
[cricket.cricket_player] roundabout barbados	1
[cricket.cricket_player] roundabout	1
[cricket.cricket_player] room scg	1
[cricket.cricket_player] room dress code	1
[cricket.cricket_player] room	1
[cricket.cricket_player] rockwell group	1
[cricket.cricket_player] rochdale	1
[cricket.cricket_player] robertson foundation	1
[cricket.cricket_player] roadies audition	1
[cricket.cricket_player] road wombwell	1
[cricket.cricket_player] road northampton	1
[cricket.cricket_player] rnli	1
[cricket.cricket_player] rizvi	1
[cricket.cricket_player] rivals	1
[cricket.cricket_player] rio tinto	1
[cricket.cricket_player] rifle	1
[cricket.cricket_player] richardson	1
[cricket.cricket_player] richards	1
[cricket.cricket_player] review	1
[cricket.cricket_player] reverse sweep	1
[cricket.cricket_player] retreat	1
[cricket.cricket_player] retires	1
[cricket.cricket_player] retirement strategy	1
[cricket.cricket_player] retired not out	1
[cricket.cricket_player] retired	1
[cricket.cricket_player] results	1
[cricket.cricket_player] reserve maldon	1
[cricket.cricket_player] reserve	1
[cricket.cricket_player] report	1
[cricket.cricket_player] remora	1
[cricket.cricket_player] remax hallmark	1
[cricket.cricket_player] relationship	1
[cricket.cricket_player] redditch	1
[cricket.cricket_player] reddit	1
[cricket.cricket_player] redblacks	1
[cricket.cricket_player] rebel media	1
[cricket.cricket_player] rebel	1
[cricket.cricket_player] real wife	1
[cricket.cricket_player] re max	1
[cricket.cricket_player] rashid latif	1
[cricket.cricket_player] raquel welch	1
[cricket.cricket_player] rapper	1
[cricket.cricket_player] rap	1
[cricket.cricket_player] rantzen	1
[cricket.cricket_player] raja	1
[cricket.cricket_player] raina	1
[cricket.cricket_player] radio devon	1
[cricket.cricket_player] radio	1
[cricket.cricket_player] radiant living	1
[cricket.cricket_player] racing post	1
[cricket.cricket_player] quran	1
[cricket.cricket_player] quote	1
[cricket.cricket_player] quinnipiac	1
[cricket.cricket_player] queen	1
[cricket.cricket_player] qualification	1
[cricket.cricket_player] quadrant	1
[cricket.cricket_player] qc	1
[cricket.cricket_player] putin	1
[cricket.cricket_player] punuru	1
[cricket.cricket_player] pujara	1
[cricket.cricket_player] publicis	1
[cricket.cricket_player] pub rugby	1
[cricket.cricket_player] pti	1
[cricket.cricket_player] property book	1
[cricket.cricket_player] property	1
[cricket.cricket_player] prize	1
[cricket.cricket_player] primary school barbados	1
[cricket.cricket_player] primary school address	1
[cricket.cricket_player] primary school	1
[cricket.cricket_player] press conference	1
[cricket.cricket_player] premise health	1
[cricket.cricket_player] poverty	1
[cricket.cricket_player] potten end	1
[cricket.cricket_player] post	1
[cricket.cricket_player] portrush	1
[cricket.cricket_player] pope foundation	1
[cricket.cricket_player] policies	1
[cricket.cricket_player] poker	1
[cricket.cricket_player] poetry	1
[cricket.cricket_player] poems	1
[cricket.cricket_player] poem	1
[cricket.cricket_player] podiatry	1
[cricket.cricket_player] png	1
[cricket.cricket_player] please pickup the phone	1
[cricket.cricket_player] player born 1968	1
[cricket.cricket_player] play	1
[cricket.cricket_player] platinum homes	1
[cricket.cricket_player] plane	1
[cricket.cricket_player] plan	1
[cricket.cricket_player] pistons	1
[cricket.cricket_player] pistol	1
[cricket.cricket_player] pippa wedding	1
[cricket.cricket_player] pippa middleton wedding	1
[cricket.cricket_player] pippa	1
[cricket.cricket_player] pink	1
[cricket.cricket_player] pine bluff ar	1
[cricket.cricket_player] pilot	1
[cricket.cricket_player] pigeons	1
[cricket.cricket_player] picture	1
[cricket.cricket_player] physicist	1
[cricket.cricket_player] photographer wikipedia	1
[cricket.cricket_player] photographer	1
[cricket.cricket_player] phoenicia	1
[cricket.cricket_player] phil hughes	1
[cricket.cricket_player] pharmacist	1
[cricket.cricket_player] phantom limb	1
[cricket.cricket_player] pes stats	1
[cricket.cricket_player] perth scorchers	1
[cricket.cricket_player] personal details	1
[cricket.cricket_player] pelham	1
[cricket.cricket_player] peebles	1
[cricket.cricket_player] pediatrician	1
[cricket.cricket_player] peacock	1
[cricket.cricket_player] pavilion wankhede stadium	1
[cricket.cricket_player] pavilion dungog	1
[cricket.cricket_player] pavilion	1
[cricket.cricket_player] paul danquah	1
[cricket.cricket_player] pathan	1
[cricket.cricket_player] pathak	1
[cricket.cricket_player] pastor	1
[cricket.cricket_player] passes away	1
[cricket.cricket_player] passed away	1
[cricket.cricket_player] parrot	1
[cricket.cricket_player] paraguay	1
[cricket.cricket_player] pankaj roy	1
[cricket.cricket_player] paliwal miraj house	1
[cricket.cricket_player] palace	1
[cricket.cricket_player] pakistan cricketer	1
[cricket.cricket_player] paisley	1
[cricket.cricket_player] paintings for sale	1
[cricket.cricket_player] pace	1
[cricket.cricket_player] p&g	1
[cricket.cricket_player] oxford union	1
[cricket.cricket_player] oxford college	1
[cricket.cricket_player] oval south melbourne	1
[cricket.cricket_player] oval runaway bay	1
[cricket.cricket_player] oval queanbeyan	1
[cricket.cricket_player] oval mosman	1
[cricket.cricket_player] oval address	1
[cricket.cricket_player] out	1
[cricket.cricket_player] orthodontics pdf	1
[cricket.cricket_player] orthodontics	1
[cricket.cricket_player] orlando	1
[cricket.cricket_player] origin	1
[cricket.cricket_player] organ	1
[cricket.cricket_player] opticians gorey	1
[cricket.cricket_player] optician	1
[cricket.cricket_player] opera	1
[cricket.cricket_player] opening times	1
[cricket.cricket_player] ontario webcam	1
[cricket.cricket_player] one harvest	1
[cricket.cricket_player] on virat kohli	1
[cricket.cricket_player] on sachin tendulkar	1
[cricket.cricket_player] on rahul dravid	1
[cricket.cricket_player] on kohli	1
[cricket.cricket_player] on form	1
[cricket.cricket_player] on bowling	1
[cricket.cricket_player] on batting	1
[cricket.cricket_player] omaha	1
[cricket.cricket_player] old songs	1
[cricket.cricket_player] oklahoma	1
[cricket.cricket_player] okc	1
[cricket.cricket_player] official twitter	1
[cricket.cricket_player] office address	1
[cricket.cricket_player] office	1
[cricket.cricket_player] off spin	1
[cricket.cricket_player] of patiala	1
[cricket.cricket_player] of parkside	1
[cricket.cricket_player] of mansfield	1
[cricket.cricket_player] oboe	1
[cricket.cricket_player] obituary hendersonville nc	1
[cricket.cricket_player] oakville	1
[cricket.cricket_player] ny yankees	1
[cricket.cricket_player] number	1
[cricket.cricket_player] nudgee	1
[cricket.cricket_player] ntu	1
[cricket.cricket_player] nswrl	1
[cricket.cricket_player] novels list	1
[cricket.cricket_player] novels	1
[cricket.cricket_player] norwest	1
[cricket.cricket_player] northline	1
[cricket.cricket_player] northern trust	1
[cricket.cricket_player] north carolina	1
[cricket.cricket_player] no boundaries	1
[cricket.cricket_player] ninja warrior	1
[cricket.cricket_player] nii	1
[cricket.cricket_player] nift	1
[cricket.cricket_player] niazi	1
[cricket.cricket_player] nhs	1
[cricket.cricket_player] nhai	1
[cricket.cricket_player] nh	1
[cricket.cricket_player] nfl draft	1
[cricket.cricket_player] nfl	1
[cricket.cricket_player] newsreader	1
[cricket.cricket_player] news4jax	1
[cricket.cricket_player] news corp	1
[cricket.cricket_player] news 2017	1
[cricket.cricket_player] newbury	1
[cricket.cricket_player] new york life	1
[cricket.cricket_player] new wife	1
[cricket.cricket_player] new song	1
[cricket.cricket_player] new movie	1
[cricket.cricket_player] never in doubt	1
[cricket.cricket_player] netherlands	1
[cricket.cricket_player] netflix	1
[cricket.cricket_player] netapp	1
[cricket.cricket_player] nephew	1
[cricket.cricket_player] nepal	1
[cricket.cricket_player] neotel	1
[cricket.cricket_player] neena gupta	1
[cricket.cricket_player] nc	1
[cricket.cricket_player] nbn	1
[cricket.cricket_player] nba	1
[cricket.cricket_player] nawab cricket	1
[cricket.cricket_player] native artist	1
[cricket.cricket_player] nationwide	1
[cricket.cricket_player] national cricket stadium	1
[cricket.cricket_player] nashville	1
[cricket.cricket_player] nari contractor	1
[cricket.cricket_player] naqvi	1
[cricket.cricket_player] name ringtone	1
[cricket.cricket_player] name	1
[cricket.cricket_player] nadwi books	1
[cricket.cricket_player] nadwi	1
[cricket.cricket_player] must die	1
[cricket.cricket_player] musician	1
[cricket.cricket_player] muralitharan	1
[cricket.cricket_player] mukhtar profile	1
[cricket.cricket_player] mukhtar	1
[cricket.cricket_player] mughal	1
[cricket.cricket_player] mudgee	1
[cricket.cricket_player] ms bhatt	1
[cricket.cricket_player] mp3 songs	1
[cricket.cricket_player] movie team 5	1
[cricket.cricket_player] movie list	1
[cricket.cricket_player] motown	1
[cricket.cricket_player] motorcycles	1
[cricket.cricket_player] motivation	1
[cricket.cricket_player] moorfields	1
[cricket.cricket_player] mondal	1
[cricket.cricket_player] mohammadi	1
[cricket.cricket_player] mitch rapp books	1
[cricket.cricket_player] miriam richards	1
[cricket.cricket_player] minister	1
[cricket.cricket_player] mildenhall	1
[cricket.cricket_player] mike brearley	1
[cricket.cricket_player] mike atherton	1
[cricket.cricket_player] midland tx	1
[cricket.cricket_player] midland	1
[cricket.cricket_player] middle school	1
[cricket.cricket_player] middle name	1
[cricket.cricket_player] michael slater interview	1
[cricket.cricket_player] michael slater	1
[cricket.cricket_player] miandad	1
[cricket.cricket_player] mi	1
[cricket.cricket_player] mfs	1
[cricket.cricket_player] mets	1
[cricket.cricket_player] merican	1
[cricket.cricket_player] merch	1
[cricket.cricket_player] memorabilia	1
[cricket.cricket_player] membership prices	1
[cricket.cricket_player] meharry	1
[cricket.cricket_player] meeting place	1
[cricket.cricket_player] medical college lahore	1
[cricket.cricket_player] medibank	1
[cricket.cricket_player] mediator	1
[cricket.cricket_player] medal 2017	1
[cricket.cricket_player] medal	1
[cricket.cricket_player] meaning	1
[cricket.cricket_player] md ri	1
[cricket.cricket_player] mcgill	1
[cricket.cricket_player] mcc	1
[cricket.cricket_player] mbe	1
[cricket.cricket_player] mayor	1
[cricket.cricket_player] mayanti	1
[cricket.cricket_player] matthew	1
[cricket.cricket_player] massage sloth	1
[cricket.cricket_player] massage	1
[cricket.cricket_player] mask	1
[cricket.cricket_player] marsh	1
[cricket.cricket_player] marriage photo	1
[cricket.cricket_player] marquee studios	1
[cricket.cricket_player] manulife	1
[cricket.cricket_player] manto	1
[cricket.cricket_player] mansfield ohio	1
[cricket.cricket_player] mann wiki	1
[cricket.cricket_player] mann ipl	1
[cricket.cricket_player] mann cricketer	1
[cricket.cricket_player] mann	1
[cricket.cricket_player] manchester united	1
[cricket.cricket_player] manchester city	1
[cricket.cricket_player] man shake	1
[cricket.cricket_player] man of the series	1
[cricket.cricket_player] malaysia	1
[cricket.cricket_player] magician	1
[cricket.cricket_player] magazine	1
[cricket.cricket_player] mackrell	1
[cricket.cricket_player] lyrics	1
[cricket.cricket_player] luck	1
[cricket.cricket_player] lucas rarities	1
[cricket.cricket_player] lpa	1
[cricket.cricket_player] love story	1
[cricket.cricket_player] love in the wild	1
[cricket.cricket_player] lords	1
[cricket.cricket_player] lord's taverners	1
[cricket.cricket_player] long jump	1
[cricket.cricket_player] long hair	1
[cricket.cricket_player] liton	1
[cricket.cricket_player] lisa harrison	1
[cricket.cricket_player] lionsgate	1
[cricket.cricket_player] lions tour	1
[cricket.cricket_player] lion nathan	1
[cricket.cricket_player] lion	1
[cricket.cricket_player] lindstrom	1
[cricket.cricket_player] linden	1
[cricket.cricket_player] lincoln institute	1
[cricket.cricket_player] lily allen	1
[cricket.cricket_player] lilly	1
[cricket.cricket_player] lights	1
[cricket.cricket_player] lifetime achievement award	1
[cricket.cricket_player] lifetime achievement	1
[cricket.cricket_player] lib dem	1
[cricket.cricket_player] lexus	1
[cricket.cricket_player] lewa	1
[cricket.cricket_player] letter to ab de villiers	1
[cricket.cricket_player] leprechaun	1
[cricket.cricket_player] leicester	1
[cricket.cricket_player] leg over	1
[cricket.cricket_player] leeds menu	1
[cricket.cricket_player] leeds history	1
[cricket.cricket_player] leeds	1
[cricket.cricket_player] lecture 2017	1
[cricket.cricket_player] lecture	1
[cricket.cricket_player] leaves daily telegraph	1
[cricket.cricket_player] learning centre	1
[cricket.cricket_player] leadership	1
[cricket.cricket_player] lawyer brisbane	1
[cricket.cricket_player] launceston	1
[cricket.cricket_player] last words	1
[cricket.cricket_player] last photo	1
[cricket.cricket_player] last match scorecard	1
[cricket.cricket_player] landstar	1
[cricket.cricket_player] landbay	1
[cricket.cricket_player] labour	1
[cricket.cricket_player] kristina	1
[cricket.cricket_player] kp	1
[cricket.cricket_player] kiss during match	1
[cricket.cricket_player] kirkpatrick	1
[cricket.cricket_player] kiran more	1
[cricket.cricket_player] kingsdale	1
[cricket.cricket_player] kimmy schmidt	1
[cricket.cricket_player] kills pigeon	1
[cricket.cricket_player] khurana	1
[cricket.cricket_player] khpalwak	1
[cricket.cricket_player] kevin pietersen	1
[cricket.cricket_player] kerala coach	1
[cricket.cricket_player] kenya	1
[cricket.cricket_player] kentucky	1
[cricket.cricket_player] kendal	1
[cricket.cricket_player] katrina	1
[cricket.cricket_player] kass	1
[cricket.cricket_player] kapil dev	1
[cricket.cricket_player] kansas city	1
[cricket.cricket_player] jupiter	1
[cricket.cricket_player] julius cowdrey	1
[cricket.cricket_player] julie townsend	1
[cricket.cricket_player] jonny bairstow	1
[cricket.cricket_player] jones day	1
[cricket.cricket_player] jokes	1
[cricket.cricket_player] john	1
[cricket.cricket_player] job	1
[cricket.cricket_player] jjb sports	1
[cricket.cricket_player] jjb	1
[cricket.cricket_player] jhu	1
[cricket.cricket_player] jha	1
[cricket.cricket_player] jewelry	1
[cricket.cricket_player] jesus	1
[cricket.cricket_player] jessica taylor wedding	1
[cricket.cricket_player] jersey number	1
[cricket.cricket_player] jehovah's witness	1
[cricket.cricket_player] jeff thomson	1
[cricket.cricket_player] jazz	1
[cricket.cricket_player] jason manford	1
[cricket.cricket_player] jaramy chism	1
[cricket.cricket_player] japan	1
[cricket.cricket_player] janumpally	1
[cricket.cricket_player] james anderson	1
[cricket.cricket_player] jamaica	1
[cricket.cricket_player] jake paul	1
[cricket.cricket_player] jacksonville sharks	1
[cricket.cricket_player] jacksonville fl	1
[cricket.cricket_player] jackie hick	1
[cricket.cricket_player] iv	1
[cricket.cricket_player] italy	1
[cricket.cricket_player] it's all happening	1
[cricket.cricket_player] it works	1
[cricket.cricket_player] istrac	1
[cricket.cricket_player] ism	1
[cricket.cricket_player] island tattoo	1
[cricket.cricket_player] island destinations	1
[cricket.cricket_player] isabella wood	1
[cricket.cricket_player] ipl record	1
[cricket.cricket_player] ipl 6 wickets	1
[cricket.cricket_player] ipl 2017 team	1
[cricket.cricket_player] ipl 2017 price	1
[cricket.cricket_player] ipl 2015	1
[cricket.cricket_player] inverness	1
[cricket.cricket_player] intuit	1
[cricket.cricket_player] insoles	1
[cricket.cricket_player] inside edge	1
[cricket.cricket_player] injury update	1
[cricket.cricket_player] infrastructure australia	1
[cricket.cricket_player] inflexion	1
[cricket.cricket_player] indoor league	1
[cricket.cricket_player] indoor cricket centre	1
[cricket.cricket_player] indiana	1
[cricket.cricket_player] indian wicket keeper	1
[cricket.cricket_player] indian idol	1
[cricket.cricket_player] indian army	1
[cricket.cricket_player] independent laboratory supplies	1
[cricket.cricket_player] independence cup	1
[cricket.cricket_player] income	1
[cricket.cricket_player] in raabta	1
[cricket.cricket_player] in psl 2017	1
[cricket.cricket_player] in ms dhoni movie	1
[cricket.cricket_player] in ipl 2016	1
[cricket.cricket_player] in england	1
[cricket.cricket_player] in cricket	1
[cricket.cricket_player] impressions	1
[cricket.cricket_player] imperial hotel	1
[cricket.cricket_player] imperial	1
[cricket.cricket_player] imi	1
[cricket.cricket_player] ima	1
[cricket.cricket_player] illustrator	1
[cricket.cricket_player] illness	1
[cricket.cricket_player] iii	1
[cricket.cricket_player] ihopkc	1
[cricket.cricket_player] ihop	1
[cricket.cricket_player] icc ranking	1
[cricket.cricket_player] ian botham wife	1
[cricket.cricket_player] ian botham	1
[cricket.cricket_player] hymns	1
[cricket.cricket_player] husband photo	1
[cricket.cricket_player] husband name	1
[cricket.cricket_player] hudl	1
[cricket.cricket_player] hse	1
[cricket.cricket_player] hsbc	1
[cricket.cricket_player] hpa	1
[cricket.cricket_player] howstat	1
[cricket.cricket_player] how fast	1
[cricket.cricket_player] hovingham	1
[cricket.cricket_player] house photos	1
[cricket.cricket_player] hotpress	1
[cricket.cricket_player] hotel	1
[cricket.cricket_player] hotchkiss	1
[cricket.cricket_player] hospital timings	1
[cricket.cricket_player] hospital	1
[cricket.cricket_player] horse	1
[cricket.cricket_player] horoscope	1
[cricket.cricket_player] hooksett	1
[cricket.cricket_player] home address	1
[cricket.cricket_player] home	1
[cricket.cricket_player] holiness pdf	1
[cricket.cricket_player] holiness	1
[cricket.cricket_player] hoburne	1
[cricket.cricket_player] hobbies	1
[cricket.cricket_player] history of ancient egypt pdf	1
[cricket.cricket_player] history of ancient egypt	1
[cricket.cricket_player] history	1
[cricket.cricket_player] hindustan times	1
[cricket.cricket_player] hillsborough	1
[cricket.cricket_player] hill antiques	1
[cricket.cricket_player] highest wicket taker	1
[cricket.cricket_player] highest score in test	1
[cricket.cricket_player] herron todd white	1
[cricket.cricket_player] herodotus	1
[cricket.cricket_player] hendersonville nc	1
[cricket.cricket_player] hendersonville	1
[cricket.cricket_player] height and weight	1
[cricket.cricket_player] head injury video	1
[cricket.cricket_player] hd photo	1
[cricket.cricket_player] hd	1
[cricket.cricket_player] hawthorn	1
[cricket.cricket_player] hawkwood	1
[cricket.cricket_player] hawkes bay	1
[cricket.cricket_player] haulage	1
[cricket.cricket_player] hattrick	1
[cricket.cricket_player] harvard	1
[cricket.cricket_player] hart	1
[cricket.cricket_player] hardship scholarship	1
[cricket.cricket_player] haque	1
[cricket.cricket_player] haq se single	1
[cricket.cricket_player] hampton school	1
[cricket.cricket_player] hampshire fa	1
[cricket.cricket_player] hampshire cricket	1
[cricket.cricket_player] halsey	1
[cricket.cricket_player] hallett	1
[cricket.cricket_player] hall cave hill	1
[cricket.cricket_player] hall	1
[cricket.cricket_player] hair	1
[cricket.cricket_player] h&r block	1
[cricket.cricket_player] gypsy	1
[cricket.cricket_player] gymnasium	1
[cricket.cricket_player] gym	1
[cricket.cricket_player] gws	1
[cricket.cricket_player] guyana	1
[cricket.cricket_player] guy burgess	1
[cricket.cricket_player] guitarist	1
[cricket.cricket_player] guitar	1
[cricket.cricket_player] guardian	1
[cricket.cricket_player] group	1
[cricket.cricket_player] greyhounds	1
[cricket.cricket_player] greyhound trainer	1
[cricket.cricket_player] graduate business school	1
[cricket.cricket_player] got him	1
[cricket.cricket_player] gosden	1
[cricket.cricket_player] gordon greenidge	1
[cricket.cricket_player] gordon	1
[cricket.cricket_player] google	1
[cricket.cricket_player] goode partners	1
[cricket.cricket_player] golfer	1
[cricket.cricket_player] goldman	1
[cricket.cricket_player] gold	1
[cricket.cricket_player] goals	1
[cricket.cricket_player] global underground	1
[cricket.cricket_player] global cricket academy	1
[cricket.cricket_player] glasgow	1
[cricket.cricket_player] gif	1
[cricket.cricket_player] gibbs	1
[cricket.cricket_player] ghost	1
[cricket.cricket_player] ghana	1
[cricket.cricket_player] georgia	1
[cricket.cricket_player] geoffrey boycott	1
[cricket.cricket_player] geo news	1
[cricket.cricket_player] geo	1
[cricket.cricket_player] gc book	1
[cricket.cricket_player] gc	1
[cricket.cricket_player] gates	1
[cricket.cricket_player] gartner	1
[cricket.cricket_player] garage sale	1
[cricket.cricket_player] gangs of wasseypur	1
[cricket.cricket_player] game of thrones	1
[cricket.cricket_player] game change	1
[cricket.cricket_player] gala	1
[cricket.cricket_player] gaekwad	1
[cricket.cricket_player] furniture	1
[cricket.cricket_player] funny face	1
[cricket.cricket_player] fund	1
[cricket.cricket_player] fuad	1
[cricket.cricket_player] freeman	1
[cricket.cricket_player] fred goodall	1
[cricket.cricket_player] france 98	1
[cricket.cricket_player] framingham	1
[cricket.cricket_player] four seasons	1
[cricket.cricket_player] fortune	1
[cricket.cricket_player] forbes	1
[cricket.cricket_player] footy show	1
[cricket.cricket_player] football videos	1
[cricket.cricket_player] flora	1
[cricket.cricket_player] flipper	1
[cricket.cricket_player] flint	1
[cricket.cricket_player] firm	1
[cricket.cricket_player] fingers	1
[cricket.cricket_player] find a grave	1
[cricket.cricket_player] financial services	1
[cricket.cricket_player] films	1
[cricket.cricket_player] film producer	1
[cricket.cricket_player] fight	1
[cricket.cricket_player] fifa	1
[cricket.cricket_player] field	1
[cricket.cricket_player] fiddle	1
[cricket.cricket_player] fes	1
[cricket.cricket_player] federated farmers	1
[cricket.cricket_player] fda	1
[cricket.cricket_player] fasting	1
[cricket.cricket_player] fastest fifty	1
[cricket.cricket_player] fastest century scorecard	1
[cricket.cricket_player] fastest ball speed	1
[cricket.cricket_player] fast bowling tips	1
[cricket.cricket_player] farzana burkey	1
[cricket.cricket_player] farrah abraham	1
[cricket.cricket_player] farmhouse	1
[cricket.cricket_player] farheen	1
[cricket.cricket_player] fans	1
[cricket.cricket_player] fancy dress	1
[cricket.cricket_player] family reasons	1
[cricket.cricket_player] family members	1
[cricket.cricket_player] facebook profile	1
[cricket.cricket_player] fabrications	1
[cricket.cricket_player] eyes	1
[cricket.cricket_player] eye injury video	1
[cricket.cricket_player] eye injury	1
[cricket.cricket_player] exponent	1
[cricket.cricket_player] exeter	1
[cricket.cricket_player] excalibur cricket bat	1
[cricket.cricket_player] everwise	1
[cricket.cricket_player] everton	1
[cricket.cricket_player] everest	1
[cricket.cricket_player] evangelist	1
[cricket.cricket_player] estates ltd	1
[cricket.cricket_player] essendon	1
[cricket.cricket_player] espn	1
[cricket.cricket_player] england is my city	1
[cricket.cricket_player] england debut	1
[cricket.cricket_player] england captain	1
[cricket.cricket_player] england bowling coach	1
[cricket.cricket_player] engineering services ltd	1
[cricket.cricket_player] engineer	1
[cricket.cricket_player] engine repair	1
[cricket.cricket_player] energy matters	1
[cricket.cricket_player] enemy of the state	1
[cricket.cricket_player] end	1
[cricket.cricket_player] embassy	1
[cricket.cricket_player] ellen page	1
[cricket.cricket_player] elite	1
[cricket.cricket_player] elina svitolina	1
[cricket.cricket_player] electrical	1
[cricket.cricket_player] eels	1
[cricket.cricket_player] edwards	1
[cricket.cricket_player] editor	1
[cricket.cricket_player] ecb	1
[cricket.cricket_player] eastern washington university	1
[cricket.cricket_player] durham	1
[cricket.cricket_player] dup	1
[cricket.cricket_player] dundee	1
[cricket.cricket_player] dubstep beatbox	1
[cricket.cricket_player] dublin	1
[cricket.cricket_player] drs	1
[cricket.cricket_player] dropped	1
[cricket.cricket_player] drop	1
[cricket.cricket_player] drive	1
[cricket.cricket_player] dragon	1
[cricket.cricket_player] dpm	1
[cricket.cricket_player] dpd	1
[cricket.cricket_player] douglas	1
[cricket.cricket_player] dop	1
[cricket.cricket_player] doosra	1
[cricket.cricket_player] dominos	1
[cricket.cricket_player] dominic cork	1
[cricket.cricket_player] dog trainer	1
[cricket.cricket_player] dog	1
[cricket.cricket_player] documenta	1
[cricket.cricket_player] doctor	1
[cricket.cricket_player] do	1
[cricket.cricket_player] distinction hotels	1
[cricket.cricket_player] discovers third grade	1
[cricket.cricket_player] dipika pallikal	1
[cricket.cricket_player] dinsmore	1
[cricket.cricket_player] dickson tn	1
[cricket.cricket_player] dhingra biography in hindi	1
[cricket.cricket_player] dhingra	1
[cricket.cricket_player] dfc	1
[cricket.cricket_player] dexter actor	1
[cricket.cricket_player] dexter	1
[cricket.cricket_player] devon malcolm	1
[cricket.cricket_player] design	1
[cricket.cricket_player] denver	1
[cricket.cricket_player] dentist croydon	1
[cricket.cricket_player] dentist ballarat	1
[cricket.cricket_player] dental	1
[cricket.cricket_player] dell	1
[cricket.cricket_player] delhi	1
[cricket.cricket_player] decision	1
[cricket.cricket_player] debut match	1
[cricket.cricket_player] debut century	1
[cricket.cricket_player] debut age	1
[cricket.cricket_player] debate	1
[cricket.cricket_player] death cause	1
[cricket.cricket_player] dead or alive	1
[cricket.cricket_player] dc	1
[cricket.cricket_player] day	1
[cricket.cricket_player] dawson	1
[cricket.cricket_player] davy	1
[cricket.cricket_player] david murray	1
[cricket.cricket_player] daughter's wedding	1
[cricket.cricket_player] darts	1
[cricket.cricket_player] dartmouth	1
[cricket.cricket_player] dare to be great	1
[cricket.cricket_player] danny waugh	1
[cricket.cricket_player] daniel taylor	1
[cricket.cricket_player] dandenong	1
[cricket.cricket_player] dance videos	1
[cricket.cricket_player] daily mail	1
[cricket.cricket_player] dad's army	1
[cricket.cricket_player] cutler	1
[cricket.cricket_player] csun	1
[cricket.cricket_player] csiro	1
[cricket.cricket_player] csi	1
[cricket.cricket_player] crowdfunding	1
[cricket.cricket_player] crowd	1
[cricket.cricket_player] crossfit	1
[cricket.cricket_player] crime patrol	1
[cricket.cricket_player] cricketer wife	1
[cricket.cricket_player] cricketer record	1
[cricket.cricket_player] cricketer photos	1
[cricket.cricket_player] cricketer maestro	1
[cricket.cricket_player] cricketer england	1
[cricket.cricket_player] cricketer death	1
[cricket.cricket_player] cricket wife	1
[cricket.cricket_player] cricket twitter	1
[cricket.cricket_player] cricket tournament 2017	1
[cricket.cricket_player] cricket statistics	1
[cricket.cricket_player] cricket stadium	1
[cricket.cricket_player] cricket south africa	1
[cricket.cricket_player] cricket records	1
[cricket.cricket_player] cricket contract	1
[cricket.cricket_player] cricket coach	1
[cricket.cricket_player] cricket club	1
[cricket.cricket_player] cricket centre underwood	1
[cricket.cricket_player] cricket centre canberra	1
[cricket.cricket_player] cricket centre	1
[cricket.cricket_player] cricket ball	1
[cricket.cricket_player] cricket australia	1
[cricket.cricket_player] cricket academy pune	1
[cricket.cricket_player] cricket academy phone number	1
[cricket.cricket_player] cricket academy mumbai	1
[cricket.cricket_player] cricket academy kolkata	1
[cricket.cricket_player] cricket academy in india	1
[cricket.cricket_player] cricket academy in baroda	1
[cricket.cricket_player] cricket academy hyderabad	1
[cricket.cricket_player] cricket 2005	1
[cricket.cricket_player] cricket 17	1
[cricket.cricket_player] cricket 14	1
[cricket.cricket_player] cramp	1
[cricket.cricket_player] craig instagram	1
[cricket.cricket_player] craig	1
[cricket.cricket_player] cpl	1
[cricket.cricket_player] courtney walsh	1
[cricket.cricket_player] county team	1
[cricket.cricket_player] country life	1
[cricket.cricket_player] counterpunch	1
[cricket.cricket_player] councillor	1
[cricket.cricket_player] costume	1
[cricket.cricket_player] cornrows	1
[cricket.cricket_player] cork	1
[cricket.cricket_player] cordant	1
[cricket.cricket_player] contract	1
[cricket.cricket_player] constituency	1
[cricket.cricket_player] conservative	1
[cricket.cricket_player] conor murray	1
[cricket.cricket_player] confectionery	1
[cricket.cricket_player] concourse	1
[cricket.cricket_player] compton	1
[cricket.cricket_player] community centre	1
[cricket.cricket_player] comment	1
[cricket.cricket_player] comedy	1
[cricket.cricket_player] comeback	1
[cricket.cricket_player] come back	1
[cricket.cricket_player] columbus ohio	1
[cricket.cricket_player] columbia	1
[cricket.cricket_player] collingwood	1
[cricket.cricket_player] coldplay	1
[cricket.cricket_player] coin	1
[cricket.cricket_player] cogress	1
[cricket.cricket_player] coffee	1
[cricket.cricket_player] cocktail	1
[cricket.cricket_player] cockatoo	1
[cricket.cricket_player] coaching style	1
[cricket.cricket_player] club	1
[cricket.cricket_player] clothing store	1
[cricket.cricket_player] clothing	1
[cricket.cricket_player] close castleton	1
[cricket.cricket_player] clip	1
[cricket.cricket_player] clayton oliver	1
[cricket.cricket_player] clay high school	1
[cricket.cricket_player] civic voice	1
[cricket.cricket_player] cipla	1
[cricket.cricket_player] cibc	1
[cricket.cricket_player] church	1
[cricket.cricket_player] chowdhury	1
[cricket.cricket_player] children's library	1
[cricket.cricket_player] childhood	1
[cricket.cricket_player] chicken	1
[cricket.cricket_player] chess	1
[cricket.cricket_player] chennai	1
[cricket.cricket_player] chelmsford	1
[cricket.cricket_player] cheena songs	1
[cricket.cricket_player] cheena chita chola	1
[cricket.cricket_player] cheena	1
[cricket.cricket_player] cheema	1
[cricket.cricket_player] chasing shadows	1
[cricket.cricket_player] charity	1
[cricket.cricket_player] chanderpaul run out	1
[cricket.cricket_player] championship 2017	1
[cricket.cricket_player] champions trophy	1
[cricket.cricket_player] chalo chalo	1
[cricket.cricket_player] challenge shield	1
[cricket.cricket_player] chai wala	1
[cricket.cricket_player] cfl	1
[cricket.cricket_player] century 21	1
[cricket.cricket_player] centre gymnastics	1
[cricket.cricket_player] centenary test	1
[cricket.cricket_player] celebrations	1
[cricket.cricket_player] cbs	1
[cricket.cricket_player] caught in the middle	1
[cricket.cricket_player] catch video	1
[cricket.cricket_player] catch gif	1
[cricket.cricket_player] casualty	1
[cricket.cricket_player] castle pictures	1
[cricket.cricket_player] castle in ireland	1
[cricket.cricket_player] castle	1
[cricket.cricket_player] cast	1
[cricket.cricket_player] cartoon	1
[cricket.cricket_player] cars	1
[cricket.cricket_player] carrier	1
[cricket.cricket_player] car wash	1
[cricket.cricket_player] captain	1
[cricket.cricket_player] canaan nh	1
[cricket.cricket_player] camping	1
[cricket.cricket_player] cambridge	1
[cricket.cricket_player] calypso	1
[cricket.cricket_player] cafe menu	1
[cricket.cricket_player] cafe	1
[cricket.cricket_player] cadwalader	1
[cricket.cricket_player] cabinet	1
[cricket.cricket_player] ca	1
[cricket.cricket_player] c	1
[cricket.cricket_player] butt	1
[cricket.cricket_player] bundaberg	1
[cricket.cricket_player] builders kendal	1
[cricket.cricket_player] bucknell	1
[cricket.cricket_player] btn	1
[cricket.cricket_player] bt	1
[cricket.cricket_player] brylcreem	1
[cricket.cricket_player] bruce reid	1
[cricket.cricket_player] brother name	1
[cricket.cricket_player] brother in law	1
[cricket.cricket_player] broken jaw	1
[cricket.cricket_player] broadway	1
[cricket.cricket_player] british nutritions	1
[cricket.cricket_player] bristol city council	1
[cricket.cricket_player] brighton mi	1
[cricket.cricket_player] brick	1
[cricket.cricket_player] brian mcmillan	1
[cricket.cricket_player] brexit	1
[cricket.cricket_player] brandywine conservancy	1
[cricket.cricket_player] brands	1
[cricket.cricket_player] brahmin	1
[cricket.cricket_player] bradford city	1
[cricket.cricket_player] bpl	1
[cricket.cricket_player] bp3	1
[cricket.cricket_player] boyfriend	1
[cricket.cricket_player] boxrec	1
[cricket.cricket_player] bowling youtube	1
[cricket.cricket_player] bowling for india	1
[cricket.cricket_player] bowling dailymotion	1
[cricket.cricket_player] bowling coach	1
[cricket.cricket_player] bowler	1
[cricket.cricket_player] boulder	1
[cricket.cricket_player] booth	1
[cricket.cricket_player] book signing	1
[cricket.cricket_player] book of mormon	1
[cricket.cricket_player] bolton	1
[cricket.cricket_player] bollywood	1
[cricket.cricket_player] bodyline tv series	1
[cricket.cricket_player] bodyline quote	1
[cricket.cricket_player] bodybuilding	1
[cricket.cricket_player] bobby moore	1
[cricket.cricket_player] boats	1
[cricket.cricket_player] bmw	1
[cricket.cricket_player] blue train	1
[cricket.cricket_player] blp	1
[cricket.cricket_player] bjj	1
[cricket.cricket_player] bitcoin	1
[cricket.cricket_player] birmingham league	1
[cricket.cricket_player] biografia	1
[cricket.cricket_player] bio	1
[cricket.cricket_player] bikini	1
[cricket.cricket_player] bijoy cricbuzz	1
[cricket.cricket_player] bijoy	1
[cricket.cricket_player] big brother	1
[cricket.cricket_player] bhilai	1
[cricket.cricket_player] bewafa	1
[cricket.cricket_player] best fielding	1
[cricket.cricket_player] best catch	1
[cricket.cricket_player] bermuda	1
[cricket.cricket_player] berlin	1
[cricket.cricket_player] benton	1
[cricket.cricket_player] benji botham	1
[cricket.cricket_player] benidorm	1
[cricket.cricket_player] benefit year	1
[cricket.cricket_player] benefit	1
[cricket.cricket_player] ben stokes	1
[cricket.cricket_player] beggars	1
[cricket.cricket_player] before	1
[cricket.cricket_player] bedfordshire	1
[cricket.cricket_player] beatbox wiki	1
[cricket.cricket_player] beamery	1
[cricket.cricket_player] beachcombers	1
[cricket.cricket_player] bdo	1
[cricket.cricket_player] bbl	1
[cricket.cricket_player] bayan	1
[cricket.cricket_player] batting videos	1
[cricket.cricket_player] bat weight	1
[cricket.cricket_player] bat drop	1
[cricket.cricket_player] barnsley	1
[cricket.cricket_player] barnsby	1
[cricket.cricket_player] barbados	1
[cricket.cricket_player] bangladeshi cricketer	1
[cricket.cricket_player] banbury	1
[cricket.cricket_player] bananas	1
[cricket.cricket_player] banana diet	1
[cricket.cricket_player] ban	1
[cricket.cricket_player] back to mine	1
[cricket.cricket_player] azb	1
[cricket.cricket_player] axa	1
[cricket.cricket_player] award wiki	1
[cricket.cricket_player] award 3 times winner	1
[cricket.cricket_player] award 2016	1
[cricket.cricket_player] award 2014	1
[cricket.cricket_player] awan	1
[cricket.cricket_player] average	1
[cricket.cricket_player] autograph bat	1
[cricket.cricket_player] autocar	1
[cricket.cricket_player] australian actor	1
[cricket.cricket_player] australia coach	1
[cricket.cricket_player] auctions	1
[cricket.cricket_player] auction	1
[cricket.cricket_player] attorneys	1
[cricket.cricket_player] attorney yadkinville nc	1
[cricket.cricket_player] attorney cleveland	1
[cricket.cricket_player] atlanta	1
[cricket.cricket_player] athens ga	1
[cricket.cricket_player] ata	1
[cricket.cricket_player] astronomy	1
[cricket.cricket_player] aston university	1
[cricket.cricket_player] associates	1
[cricket.cricket_player] ashok dinda	1
[cricket.cricket_player] ashington	1
[cricket.cricket_player] ashcroft	1
[cricket.cricket_player] ary news	1
[cricket.cricket_player] arm wrestling	1
[cricket.cricket_player] arjun tendulkar	1
[cricket.cricket_player] arizona	1
[cricket.cricket_player] arca	1
[cricket.cricket_player] arabic	1
[cricket.cricket_player] appointed england coach	1
[cricket.cricket_player] apple	1
[cricket.cricket_player] anu	1
[cricket.cricket_player] antiques roadshow	1
[cricket.cricket_player] ansari	1
[cricket.cricket_player] annual	1
[cricket.cricket_player] and yuvraj singh	1
[cricket.cricket_player] and virat kohli	1
[cricket.cricket_player] and vinoo mankad	1
[cricket.cricket_player] and vinod kambli	1
[cricket.cricket_player] and umar akmal	1
[cricket.cricket_player] and steve waugh	1
[cricket.cricket_player] and shivangi joshi	1
[cricket.cricket_player] and shikhar dhawan	1
[cricket.cricket_player] and shane warne	1
[cricket.cricket_player] and sarfaraz khan	1
[cricket.cricket_player] and sanath jayasuriya	1
[cricket.cricket_player] and sagarika	1
[cricket.cricket_player] and sachin tendulkar	1
[cricket.cricket_player] and russell crowe	1
[cricket.cricket_player] and ravindra jadeja	1
[cricket.cricket_player] and ravi shastri	1
[cricket.cricket_player] and pragyan ojha brothers	1
[cricket.cricket_player] and parveen babi	1
[cricket.cricket_player] and messi	1
[cricket.cricket_player] and melissa marsh	1
[cricket.cricket_player] and mashoom singha	1
[cricket.cricket_player] and masaba gupta	1
[cricket.cricket_player] and masaba	1
[cricket.cricket_player] and manoj tiwary	1
[cricket.cricket_player] and lisa christie	1
[cricket.cricket_player] and lata	1
[cricket.cricket_player] and kerry mcgregor	1
[cricket.cricket_player] and jayalalitha	1
[cricket.cricket_player] and his wife	1
[cricket.cricket_player] and guggu gill movies	1
[cricket.cricket_player] and desmond haynes	1
[cricket.cricket_player] and david miller	1
[cricket.cricket_player] and darren sammy	1
[cricket.cricket_player] and company	1
[cricket.cricket_player] and carlos brathwaite are brothers	1
[cricket.cricket_player] and augusta of saxe-gotha	1
[cricket.cricket_player] and associates	1
[cricket.cricket_player] and ajinkya rahane	1
[cricket.cricket_player] ancient history	1
[cricket.cricket_player] amrita arora	1
[cricket.cricket_player] amit mishra	1
[cricket.cricket_player] amazon prime	1
[cricket.cricket_player] amazon	1
[cricket.cricket_player] all time xi	1
[cricket.cricket_player] all out cricket	1
[cricket.cricket_player] alice liddell	1
[cricket.cricket_player] alex tudor	1
[cricket.cricket_player] alam	1
[cricket.cricket_player] aib	1
[cricket.cricket_player] ahmedabad	1
[cricket.cricket_player] age rte	1
[cricket.cricket_player] after dinner speaker	1
[cricket.cricket_player] african cricketer	1
[cricket.cricket_player] afghanistan	1
[cricket.cricket_player] adventure	1
[cricket.cricket_player] adrian durham	1
[cricket.cricket_player] admiral	1
[cricket.cricket_player] adidas	1
[cricket.cricket_player] adecco	1
[cricket.cricket_player] actor biography	1
[cricket.cricket_player] action	1
[cricket.cricket_player] acapella	1
[cricket.cricket_player] academy karachi	1
[cricket.cricket_player] academy admission fees	1
[cricket.cricket_player] about dhoni	1
[cricket.cricket_player] abid poetry	1
[cricket.cricket_player] abid books	1
[cricket.cricket_player] abc	1
[cricket.cricket_player] abb	1
[cricket.cricket_player] aap	1
[cricket.cricket_player] a cricketer	1
[cricket.cricket_player] a call to prayer	1
[cricket.cricket_player] 99	1
[cricket.cricket_player] 98 scorecard	1
[cricket.cricket_player] 98	1
[cricket.cricket_player] 90210	1
[cricket.cricket_player] 9 wickets scorecard	1
[cricket.cricket_player] 8-15	1
[cricket.cricket_player] 8 for 19	1
[cricket.cricket_player] 7 wickets	1
[cricket.cricket_player] 7 20	1
[cricket.cricket_player] 6 wickets	1
[cricket.cricket_player] 6 sixes	1
[cricket.cricket_player] 501	1
[cricket.cricket_player] 500	1
[cricket.cricket_player] 5 sixes to yuvraj	1
[cricket.cricket_player] 5 sixes scorecard	1
[cricket.cricket_player] 4x4	1
[cricket.cricket_player] 499	1
[cricket.cricket_player] 437	1
[cricket.cricket_player] 405	1
[cricket.cricket_player] 400	1
[cricket.cricket_player] 4 wickets in an over	1
[cricket.cricket_player] 380	1
[cricket.cricket_player] 374	1
[cricket.cricket_player] 366 scorecard	1
[cricket.cricket_player] 364	1
[cricket.cricket_player] 340	1
[cricket.cricket_player] 337	1
[cricket.cricket_player] 336 scorecard	1
[cricket.cricket_player] 336	1
[cricket.cricket_player] 333	1
[cricket.cricket_player] 313	1
[cricket.cricket_player] 310	1
[cricket.cricket_player] 303	1
[cricket.cricket_player] 302 vs england	1
[cricket.cricket_player] 302	1
[cricket.cricket_player] 299 scorecard	1
[cricket.cricket_player] 290	1
[cricket.cricket_player] 275	1
[cricket.cricket_player] 264	1
[cricket.cricket_player] 262	1
[cricket.cricket_player] 258	1
[cricket.cricket_player] 237	1
[cricket.cricket_player] 232	1
[cricket.cricket_player] 224	1
[cricket.cricket_player] 222 scorecard	1
[cricket.cricket_player] 219	1
[cricket.cricket_player] 214	1
[cricket.cricket_player] 212	1
[cricket.cricket_player] 209	1
[cricket.cricket_player] 203	1
[cricket.cricket_player] 2017 stats	1
[cricket.cricket_player] 201	1
[cricket.cricket_player] 2001	1
[cricket.cricket_player] 200	1
[cricket.cricket_player] 1994 shot	1
[cricket.cricket_player] 1994	1
[cricket.cricket_player] 1992 world cup	1
[cricket.cricket_player] 1990	1
[cricket.cricket_player] 1989 ashes	1
[cricket.cricket_player] 1983 world cup	1
[cricket.cricket_player] 1983	1
[cricket.cricket_player] 1982	1
[cricket.cricket_player] 1966	1
[cricket.cricket_player] 1947	1
[cricket.cricket_player] 194	1
[cricket.cricket_player] 18f	1
[cricket.cricket_player] 189	1
[cricket.cricket_player] 188	1
[cricket.cricket_player] 185 not out	1
[cricket.cricket_player] 180	1
[cricket.cricket_player] 178	1
[cricket.cricket_player] 174	1
[cricket.cricket_player] 172	1
[cricket.cricket_player] 165 scorecard	1
[cricket.cricket_player] 162	1
[cricket.cricket_player] 16 wickets	1
[cricket.cricket_player] 159	1
[cricket.cricket_player] 158	1
[cricket.cricket_player] 156	1
[cricket.cricket_player] 147	1
[cricket.cricket_player] 141	1
[cricket.cricket_player] 128	1
[cricket.cricket_player] 10 wickets scorecard	1
[cricket.cricket_player] 10 for 10	1
[cricket.cricket_player] & son ltd opening times	1
