[government.political_district]	750
[government.political_district] map	309
[government.political_district] weather	107
[government.political_district] candidates	78
[government.political_district] race	46
[government.political_district] hotels	44
[government.political_district] election results	42
[government.political_district] demographics	38
[government.political_district] news	34
[government.political_district] polls	33
[government.political_district] election	30
[government.political_district] population	28
[government.political_district] zip code	27
[government.political_district] restaurants	27
[government.political_district] airport	26
[government.political_district] flag	25
[government.political_district] 2016	25
[government.political_district] state university	24
[government.political_district] university	23
[government.political_district] results	18
[government.political_district] tourism	17
[government.political_district] time	17
[government.political_district] dmv	17
[government.political_district] mp	16
[government.political_district] real estate	14
[government.political_district] jobs	14
[government.political_district] representative	13
electoral [government.political_district]	12
[government.political_district] state fair	12
[government.political_district] postal code	12
[government.political_district] mpp	12
[government.political_district] capital	12
[government.political_district] 2014	12
[government.political_district] time zone	11
[government.political_district] secretary of state	10
[government.political_district] lottery	10
[government.political_district] beaches	10
federal [government.political_district]	9
[government.political_district] zoo	9
[government.political_district] police	9
[government.political_district] college	9
[government.political_district] primary	8
[government.political_district] poll	8
[government.political_district] hospital	8
[government.political_district] football	8
[government.political_district] congressman	8
[government.political_district] riding	7
[government.political_district] postcode	7
[government.political_district] post office	7
[government.political_district] ndp	7
[government.political_district] map 2012	7
[government.political_district] fc	7
[government.political_district] craigslist	7
[government.political_district] court records	7
[government.political_district] things to do	6
[government.political_district] station	6
[government.political_district] special election	6
[government.political_district] police department	6
[government.political_district] genealogy	6
[government.political_district] debate	6
[government.political_district] cities	6
[government.political_district] canada	6
[government.political_district] school	5
[government.political_district] riding map	5
[government.political_district] mall	5
[government.political_district] london	5
[government.political_district] library	5
[government.political_district] gis	5
[government.political_district] election 2014	5
[government.political_district] currency	5
[government.political_district] colleges	5
[government.political_district] city	5
[government.political_district] candidates 2016	5
[government.political_district] beach	5
[government.political_district] baseball	5
[government.political_district] apartments	5
[government.political_district] 2015	5
[government.political_district] 2012	5
west [government.political_district]	4
region [government.political_district]	4
[government.political_district] zip codes	4
[government.political_district] webcam	4
[government.political_district] sun	4
[government.political_district] square	4
[government.political_district] soccer	4
[government.political_district] sheriff	4
[government.political_district] rugby	4
[government.political_district] redistricting	4
[government.political_district] quebec	4
[government.political_district] property search	4
[government.political_district] primary results	4
[government.political_district] power	4
[government.political_district] obituaries	4
[government.political_district] minimum wage	4
[government.political_district] houses for sale	4
[government.political_district] history	4
[government.political_district] high school	4
[government.political_district] gerrymandering	4
[government.political_district] game and fish	4
[government.political_district] ca	4
[government.political_district] ballot	4
[government.political_district] assessor	4
[government.political_district] 2018	4
[government.political_district] works	3
[government.political_district] state	3
[government.political_district] shops	3
[government.political_district] sheriff's office	3
[government.political_district] river	3
[government.political_district] republican committee	3
[government.political_district] republican	3
[government.political_district] provincial riding	3
[government.political_district] provincial liberal association	3
[government.political_district] post	3
[government.political_district] pnp	3
[government.political_district] planning	3
[government.political_district] pin code	3
[government.political_district] parks	3
[government.political_district] park	3
[government.political_district] palace	3
[government.political_district] ohio	3
[government.political_district] newspaper	3
[government.political_district] museum	3
[government.political_district] mla	3
[government.political_district] market	3
[government.political_district] list	3
[government.political_district] language	3
[government.political_district] jail	3
[government.political_district] institute of technology	3
[government.political_district] hotel	3
[government.political_district] homes for sale	3
[government.political_district] herald	3
[government.political_district] free zone	3
[government.political_district] election results 2015	3
[government.political_district] department of revenue	3
[government.political_district] crime	3
[government.political_district] county	3
[government.political_district] congress	3
[government.political_district] clerk of court	3
[government.political_district] by zip code	3
new [government.political_district] map	2
municipal [government.political_district]	2
halifax [government.political_district]	2
[government.political_district]siders	2
[government.political_district]o	2
[government.political_district]n	2
[government.political_district]in	2
[government.political_district]field	2
[government.political_district]a	2
[government.political_district] wikipedia	2
[government.political_district] wiki	2
[government.political_district] website	2
[government.political_district] water park	2
[government.political_district] voting	2
[government.political_district] va	2
[government.political_district] usa	2
[government.political_district] united	2
[government.political_district] unemployment	2
[government.political_district] tube	2
[government.political_district] transport	2
[government.political_district] transit	2
[government.political_district] trail	2
[government.political_district] tide times	2
[government.political_district] theatre	2
[government.political_district] theater	2
[government.political_district] tech	2
[government.political_district] taxi	2
[government.political_district] tax assessor	2
[government.political_district] superior court	2
[government.political_district] student loans	2
[government.political_district] state police	2
[government.political_district] state parks	2
[government.political_district] stampede	2
[government.political_district] springs	2
[government.political_district] special election 2017 results	2
[government.political_district] softball	2
[government.political_district] senators	2
[government.political_district] school holidays	2
[government.political_district] ring road	2
[government.political_district] riding results	2
[government.political_district] resorts	2
[government.political_district] republican primary	2
[government.political_district] recount	2
[government.political_district] recorder	2
[government.political_district] race polls	2
[government.political_district] qc canada	2
[government.political_district] pubs	2
[government.political_district] public schools	2
[government.political_district] property records	2
[government.political_district] primary school	2
[government.political_district] port	2
[government.political_district] polytechnic	2
[government.political_district] pc nomination	2
[government.political_district] parking	2
[government.political_district] nsw	2
[government.political_district] nj	2
[government.political_district] national park	2
[government.political_district] movies	2
[government.political_district] md	2
[government.political_district] mapa	2
[government.political_district] ma	2
[government.political_district] lodge	2
[government.political_district] license plate	2
[government.political_district] liberal	2
[government.political_district] leisure centre	2
[government.political_district] league	2
[government.political_district] keys	2
[government.political_district] island	2
[government.political_district] immigration	2
[government.political_district] images	2
[government.political_district] id	2
[government.political_district] hydro	2
[government.political_district] house	2
[government.political_district] honda	2
[government.political_district] hill	2
[government.political_district] high	2
[government.political_district] harry potter	2
[government.political_district] group	2
[government.political_district] gardens	2
[government.political_district] fried chicken	2
[government.political_district] france	2
[government.political_district] for newcomers	2
[government.political_district] football schedule	2
[government.political_district] fires	2
[government.political_district] federal liberal association	2
[government.political_district] federal credit union	2
[government.political_district] fair	2
[government.political_district] facts	2
[government.political_district] emploi	2
[government.political_district] electorate division	2
[government.political_district] elections	2
[government.political_district] election office	2
[government.political_district] election 2016	2
[government.political_district] early years centre	2
[government.political_district] directions	2
[government.political_district] department of education	2
[government.political_district] democratic primary	2
[government.political_district] delegates	2
[government.political_district] courthouse	2
[government.political_district] court	2
[government.political_district] conservative association	2
[government.political_district] conservative	2
[government.political_district] congressional candidates	2
[government.political_district] code	2
[government.political_district] coast	2
[government.political_district] clinic	2
[government.political_district] climate	2
[government.political_district] city zoo	2
[government.political_district] city weather	2
[government.political_district] cinema	2
[government.political_district] camping	2
[government.political_district] bridge	2
[government.political_district] boundaries	2
[government.political_district] bmv	2
[government.political_district] blues	2
[government.political_district] blue cross	2
[government.political_district] beach hotel	2
[government.political_district] bank	2
[government.political_district] band	2
[government.political_district] area	2
[government.political_district] aquarium	2
[government.political_district] apartments for rent	2
[government.political_district] adventure	2
[government.political_district] administration	2
[government.political_district] accommodation	2
[government.political_district] 2012 map	2
[government.political_district] 2010	2
[government.political_district] 2009 results	2
[government.political_district] 2009	2
[government.political_district] 2	2
yukon federal [government.political_district]	1
winterthur [government.political_district] switzerland	1
wills [government.political_district]	1
wide bay [government.political_district] practice	1
who is the representative from [government.political_district]	1
west [government.political_district] race	1
west [government.political_district] poll	1
west [government.political_district] map	1
west [government.political_district] candidates 2016	1
west [government.political_district] candidates	1
wentworth [government.political_district] vehicles	1
wentworth [government.political_district] services	1
vancouver island [government.political_district]	1
uttar [government.political_district] result	1
us representative [government.political_district] illinois	1
u.s. congress in [government.political_district]	1
to the inhabitants of the [government.political_district]	1
tiramisu santiago [government.political_district]	1
thornhill [government.political_district]	1
state [government.political_district]	1
special areas [government.political_district]	1
south [government.political_district]	1
representative from [government.political_district]	1
remax [government.political_district]	1
reidsville [government.political_district] vehicle	1
register of wills-probate [government.political_district] washington dc	1
region [government.political_district] wikipedia	1
pune district [government.political_district]	1
probate [government.political_district] county	1
pinpilinpausha santiago [government.political_district] chile	1
pinpilinpausha santiago [government.political_district]	1
physiographic [government.political_district]	1
physical [government.political_district]	1
ottawa west [government.political_district]	1
north [government.political_district] map	1
north [government.political_district]	1
ni assembly [government.political_district]	1
newfoundland and [government.political_district] map	1
newfoundland and [government.political_district] boundaries commission	1
nepean carleton [government.political_district]	1
nepean [government.political_district]	1
municipal [government.political_district] greenview alberta	1
municipal [government.political_district] alberta	1
mp [government.political_district]	1
mersea island [government.political_district]	1
map of [government.political_district] brazil	1
lima peru [government.political_district]	1
law [government.political_district] county	1
las condes [government.political_district] chile	1
history of the [government.political_district]	1
halifax regional municipality [government.political_district]	1
greater [government.political_district]	1
galindo santiago providencia [government.political_district]	1
freeman of the [government.political_district]	1
flag of [government.political_district]	1
federal electoral [government.political_district]	1
fairfax [government.political_district] waste	1
eladio santiago [government.political_district]	1
east [government.political_district]	1
democrat [government.political_district]	1
culture of [government.political_district]	1
csiro [government.political_district] entomology canberra	1
commonwealth electoral [government.political_district]	1
cities in [government.political_district]	1
chile [government.political_district] map	1
canning [government.political_district] practice	1
cafe melba santiago [government.political_district]	1
bicentenario park vitacura [government.political_district]	1
aec [government.political_district]	1
acts and resolves of the [government.political_district]	1
[government.political_district]west transitway	1
[government.political_district]w	1
[government.political_district]uncios	1
[government.political_district]town apartments	1
[government.political_district]town	1
[government.political_district]ton schools	1
[government.political_district]ton ohio	1
[government.political_district]ton mn	1
[government.political_district]ton library	1
[government.political_district]ton industries	1
[government.political_district]ton	1
[government.political_district]tapolca strand	1
[government.political_district]tapolca	1
[government.political_district]sonide	1
[government.political_district]ska	1
[government.political_district]side 10k	1
[government.political_district]shire echo	1
[government.political_district]shire	1
[government.political_district]rus	1
[government.political_district]rs	1
[government.political_district]ro	1
[government.political_district]rim tavern	1
[government.political_district]rim	1
[government.political_district]relm	1
[government.political_district]rah	1
[government.political_district]r telescope	1
[government.political_district]r microscope	1
[government.political_district]r game camera	1
[government.political_district]r binoculars	1
[government.political_district]port	1
[government.political_district]polis zoo	1
[government.political_district]polis weather	1
[government.political_district]polis indians	1
[government.political_district]polis	1
[government.political_district]pointe library	1
[government.political_district]pointe	1
[government.political_district]pas	1
[government.political_district]os	1
[government.political_district]olangma	1
[government.political_district]o santos	1
[government.political_district]o beckham	1
[government.political_district]o and juliet movie	1
[government.political_district]o and juliet	1
[government.political_district]ns definition	1
[government.political_district]ns	1
[government.political_district]nden place london	1
[government.political_district]nden place	1
[government.political_district]n war sparta	1
[government.political_district]n war	1
[government.political_district]n tiger	1
[government.political_district]n spelling test	1
[government.political_district]n school holidays	1
[government.political_district]n revolt	1
[government.political_district]n regiment	1
[government.political_district]n public holidays 2017	1
[government.political_district]n oak	1
[government.political_district]n museum	1
[government.political_district]n malamute	1
[government.political_district]n klee kai	1
[government.political_district]n king bed	1
[government.political_district]n husky	1
[government.political_district]n hockey	1
[government.political_district]n gulf	1
[government.political_district]n devil	1
[government.political_district]n curriculum	1
[government.political_district]n civil war	1
[government.political_district]minster attack	1
[government.political_district]minster	1
[government.political_district]lands	1
[government.political_district]i tarana	1
[government.political_district]i egyetem	1
[government.political_district]i	1
[government.political_district]homes	1
[government.political_district]fino	1
[government.political_district]fest	1
[government.political_district]esa	1
[government.political_district]ern wear	1
[government.political_district]ern star	1
[government.political_district]er	1
[government.political_district]dale	1
[government.political_district]cort	1
[government.political_district]ces	1
[government.political_district]bello road	1
[government.political_district]bello mushroom	1
[government.political_district]bello	1
[government.political_district]at	1
[government.political_district]arun	1
[government.political_district]an work	1
[government.political_district]an states	1
[government.political_district]an shirts	1
[government.political_district]an railway	1
[government.political_district]an pizza	1
[government.political_district]an national congress	1
[government.political_district]an islands	1
[government.political_district]an history	1
[government.political_district]an flowers	1
[government.political_district]an constitution	1
[government.political_district]an bbq	1
[government.political_district]an army	1
[government.political_district]an airlines	1
[government.political_district]al policy statement 2013	1
[government.political_district]al policy statement	1
[government.political_district]al plan	1
[government.political_district]al economic development strategy	1
[government.political_district]al council rates	1
[government.political_district]al council	1
[government.political_district]al air plan	1
[government.political_district]a vayntrub	1
[government.political_district]2rio	1
[government.political_district].gouv.fr renouvellement	1
[government.political_district].gouv.fr naturalisation	1
[government.political_district].gouv.fr changement d'adresse	1
[government.political_district] zone	1
[government.political_district] youth council	1
[government.political_district] yorkshire	1
[government.political_district] york	1
[government.political_district] yard	1
[government.political_district] yankees	1
[government.political_district] xl	1
[government.political_district] work permit	1
[government.political_district] woolf	1
[government.political_district] wood school	1
[government.political_district] women's centre	1
[government.political_district] wolaroi school	1
[government.political_district] winery	1
[government.political_district] wine	1
[government.political_district] windows	1
[government.political_district] williams	1
[government.political_district] will hurd	1
[government.political_district] wildfires	1
[government.political_district] wild	1
[government.political_district] whiskey	1
[government.political_district] west	1
[government.political_district] wedding venues	1
[government.political_district] weather radar	1
[government.political_district] water gap	1
[government.political_district] water	1
[government.political_district] ward	1
[government.political_district] wanderers	1
[government.political_district] walmart	1
[government.political_district] walking trail yellowknife	1
[government.political_district] wales	1
[government.political_district] wa	1
[government.political_district] vs mexico	1
[government.political_district] vs chile	1
[government.political_district] voters list	1
[government.political_district] voter list	1
[government.political_district] visual printing	1
[government.political_district] vineyard	1
[government.political_district] ville	1
[government.political_district] villages	1
[government.political_district] village	1
[government.political_district] vikings	1
[government.political_district] veterinary clinic	1
[government.political_district] vet	1
[government.political_district] venture	1
[government.political_district] venezuela	1
[government.political_district] vehicles wentworth nc	1
[government.political_district] vehicles reidsville nc	1
[government.political_district] vehicles melbourne florida	1
[government.political_district] vehicles fairfax va	1
[government.political_district] vec	1
[government.political_district] valley university	1
[government.political_district] valley	1
[government.political_district] valencia	1
[government.political_district] v east kilbride	1
[government.political_district] utah	1
[government.political_district] upcoming events	1
[government.political_district] university school fees	1
[government.political_district] university ranking	1
[government.political_district] university of technology	1
[government.political_district] university masters	1
[government.political_district] university cut off mark	1
[government.political_district] university brazil	1
[government.political_district] university (udesc)	1
[government.political_district] united soccer	1
[government.political_district] united arab emirates	1
[government.political_district] udaipur	1
[government.political_district] tx	1
[government.political_district] twins schedule	1
[government.political_district] twins	1
[government.political_district] tv guide	1
[government.political_district] turnpike	1
[government.political_district] tubing	1
[government.political_district] tribune eagle	1
[government.political_district] trek	1
[government.political_district] treasury	1
[government.political_district] treasurer	1
[government.political_district] travelers	1
[government.political_district] travel guide	1
[government.political_district] transfer station	1
[government.political_district] training	1
[government.political_district] train station	1
[government.political_district] trail map	1
[government.political_district] trail game	1
[government.political_district] track and field	1
[government.political_district] toyota staff	1
[government.political_district] toyota service	1
[government.political_district] toyota hours	1
[government.political_district] toyota	1
[government.political_district] town map	1
[government.political_district] town	1
[government.political_district] towers	1
[government.political_district] tours	1
[government.political_district] tour	1
[government.political_district] to washington dc	1
[government.political_district] to stratford	1
[government.political_district] to santorini	1
[government.political_district] to san francisco	1
[government.political_district] to richmond	1
[government.political_district] to nyc	1
[government.political_district] to luton	1
[government.political_district] to gurdaspur train	1
[government.political_district] to gatwick	1
[government.political_district] to dubai	1
[government.political_district] to cancun	1
[government.political_district] to boston	1
[government.political_district] to barking line	1
[government.political_district] to barcelona train	1
[government.political_district] to barcelona	1
[government.political_district] to anchorage alaska	1
[government.political_district] titans	1
[government.political_district] tipton	1
[government.political_district] tioman	1
[government.political_district] times	1
[government.political_district] timeline	1
[government.political_district] tile	1
[government.political_district] tigers	1
[government.political_district] tide chart	1
[government.political_district] tickets	1
[government.political_district] therme	1
[government.political_district] theme park	1
[government.political_district] the man	1
[government.political_district] the brave	1
[government.political_district] thameslink	1
[government.political_district] texas election	1
[government.political_district] texans	1
[government.political_district] terrorist attack	1
[government.political_district] terminal shuttle	1
[government.political_district] terminal parking	1
[government.political_district] terminal	1
[government.political_district] term dates	1
[government.political_district] tehsil list	1
[government.political_district] teddy bear	1
[government.political_district] technologies	1
[government.political_district] taxis	1
[government.political_district] tax rate	1
[government.political_district] tax maps	1
[government.political_district] tax commission	1
[government.political_district] tax collector	1
[government.political_district] tax auction	1
[government.political_district] tax	1
[government.political_district] tartan	1
[government.political_district] target	1
[government.political_district] taliban	1
[government.political_district] tale cast	1
[government.political_district] tale	1
[government.political_district] sydney map	1
[government.political_district] swindon	1
[government.political_district] surrey	1
[government.political_district] surgery	1
[government.political_district] surfing	1
[government.political_district] supreme court	1
[government.political_district] support fairfax va	1
[government.political_district] support fairfax	1
[government.political_district] supermarket	1
[government.political_district] subway map	1
[government.political_district] suburbs	1
[government.political_district] student loan	1
[government.political_district] student aid	1
[government.political_district] strip	1
[government.political_district] street church	1
[government.political_district] street bridge	1
[government.political_district] street	1
[government.political_district] stock	1
[government.political_district] stitch	1
[government.political_district] steamer	1
[government.political_district] statistical handbook	1
[government.political_district] statesman	1
[government.political_district] state lottery	1
[government.political_district] state football schedule	1
[government.political_district] state flag	1
[government.political_district] state college	1
[government.political_district] state bank	1
[government.political_district] star	1
[government.political_district] stampede 2017	1
[government.political_district] springs weather	1
[government.political_district] sportsman	1
[government.political_district] sports hall of fame	1
[government.political_district] speedway	1
[government.political_district] special general election 2017	1
[government.political_district] special election 2017 polls	1
[government.political_district] special election 2017 poll	1
[government.political_district] special election 2017	1
[government.political_district] special election 2015	1
[government.political_district] spain	1
[government.political_district] songs	1
[government.political_district] song	1
[government.political_district] soccer centre	1
[government.political_district] smokies	1
[government.political_district] slammer	1
[government.political_district] ski	1
[government.political_district] sigla	1
[government.political_district] side	1
[government.political_district] shopping	1
[government.political_district] shoe repair	1
[government.political_district] sheriff's department	1
[government.political_district] shakes	1
[government.political_district] services melbourne fl	1
[government.political_district] services	1
[government.political_district] secretariat office	1
[government.political_district] secretariat address	1
[government.political_district] secondary school	1
[government.political_district] scotland	1
[government.political_district] scotia correctional facility	1
[government.political_district] scotia	1
[government.political_district] schools	1
[government.political_district] school of mines	1
[government.political_district] school of design	1
[government.political_district] school holidays 2017	1
[government.political_district] school details	1
[government.political_district] school calendar	1
[government.political_district] saray	1
[government.political_district] sample ballot	1
[government.political_district] salvaje	1
[government.political_district] salvage	1
[government.political_district] saaq	1
[government.political_district] rush	1
[government.political_district] rs	1
[government.political_district] roughriders	1
[government.political_district] rotana	1
[government.political_district] roof gardens	1
[government.political_district] roll	1
[government.political_district] rockyview alberta	1
[government.political_district] rocks	1
[government.political_district] rockies tickets	1
[government.political_district] rockies schedule	1
[government.political_district] rockies	1
[government.political_district] rockets roster	1
[government.political_district] rockets	1
[government.political_district] roast	1
[government.political_district] roadhouse menu	1
[government.political_district] roadhouse	1
[government.political_district] rmv	1
[government.political_district] river tours	1
[government.political_district] river centre	1
[government.political_district] ring road video	1
[government.political_district] ring road map	1
[government.political_district] rico	1
[government.political_district] reynosa	1
[government.political_district] result	1
[government.political_district] restaurant	1
[government.political_district] resort	1
[government.political_district] representatives	1
[government.political_district] representative new york	1
[government.political_district] repository	1
[government.political_district] registry of deeds	1
[government.political_district] registration	1
[government.political_district] regent	1
[government.political_district] redblacks	1
[government.political_district] red	1
[government.political_district] recycling depot	1
[government.political_district] records fairfax va	1
[government.political_district] records	1
[government.political_district] recorder of deeds	1
[government.political_district] recipe	1
[government.political_district] real estate assessments	1
[government.political_district] razorbacks	1
[government.political_district] rangers	1
[government.political_district] rail	1
[government.political_district] racewall	1
[government.political_district] race 2016	1
[government.political_district] queensland	1
[government.political_district] quebec postal code	1
[government.political_district] que	1
[government.political_district] quays	1
[government.political_district] pyramids	1
[government.political_district] pyar kiya	1
[government.political_district] purchase	1
[government.political_district] punjab recruitment 2017	1
[government.political_district] punjab	1
[government.political_district] publishing	1
[government.political_district] public library	1
[government.political_district] public insurance	1
[government.political_district] public holidays 2015	1
[government.political_district] public holidays	1
[government.political_district] public holiday 2017	1
[government.political_district] property listings	1
[government.political_district] property appraiser	1
[government.political_district] properties	1
[government.political_district] pronunciation	1
[government.political_district] project	1
[government.political_district] progressive conservative	1
[government.political_district] probation office	1
[government.political_district] probation	1
[government.political_district] prison	1
[government.political_district] primary care network	1
[government.political_district] prep hockey	1
[government.political_district] practice fraser northwest	1
[government.political_district] practice brisbane	1
[government.political_district] power corporation	1
[government.political_district] postal	1
[government.political_district] post office timings	1
[government.political_district] portugal	1
[government.political_district] ports electorate division	1
[government.political_district] ports	1
[government.political_district] population 2017	1
[government.political_district] population 2016	1
[government.political_district] population 2015	1
[government.political_district] polls close	1
[government.political_district] polling	1
[government.political_district] political phenomenon	1
[government.political_district] points of interest	1
[government.political_district] plebiscite	1
[government.political_district] plaza	1
[government.political_district] playhouse	1
[government.political_district] plan	1
[government.political_district] plage	1
[government.political_district] place	1
[government.political_district] pla	1
[government.political_district] pizza	1
[government.political_district] pipeline	1
[government.political_district] pharmacy	1
[government.political_district] pet hospital	1
[government.political_district] peru	1
[government.political_district] pension fund	1
[government.political_district] pdl	1
[government.political_district] pc candidate	1
[government.political_district] pc	1
[government.political_district] patriots	1
[government.political_district] pass	1
[government.political_district] paris	1
[government.political_district] parade	1
[government.political_district] palais de justice	1
[government.political_district] palace visit	1
[government.political_district] palace restaurants	1
[government.political_district] oval	1
[government.political_district] optometry	1
[government.political_district] open	1
[government.political_district] ontario early years	1
[government.political_district] ontario	1
[government.political_district] online	1
[government.political_district] olympia	1
[government.political_district] olive	1
[government.political_district] ok	1
[government.political_district] office	1
[government.political_district] of 300	1
[government.political_district] odeon	1
[government.political_district] nz	1
[government.political_district] ny	1
[government.political_district] nw6	1
[government.political_district] now	1
[government.political_district] novelty	1
[government.political_district] noticias	1
[government.political_district] northern lights	1
[government.political_district] north carolina candidates	1
[government.political_district] north	1
[government.political_district] norse	1
[government.political_district] no go zone	1
[government.political_district] nightlife	1
[government.political_district] nh	1
[government.political_district] newspaper obituaries	1
[government.political_district] news now	1
[government.political_district] new york state	1
[government.political_district] nc	1
[government.political_district] natural gas	1
[government.political_district] national school	1
[government.political_district] national parks	1
[government.political_district] national museum	1
[government.political_district] national insurance	1
[government.political_district] national animal	1
[government.political_district] mvd	1
[government.political_district] mva	1
[government.political_district] muslim	1
[government.political_district] museum of archaeology	1
[government.political_district] municipality	1
[government.political_district] municipal association	1
[government.political_district] mugshots	1
[government.political_district] mud pie	1
[government.political_district] mozi	1
[government.political_district] movie theater	1
[government.political_district] movie	1
[government.political_district] mountain	1
[government.political_district] motors	1
[government.political_district] mosque	1
[government.political_district] models	1
[government.political_district] mo	1
[government.political_district] mills	1
[government.political_district] migration office	1
[government.political_district] midwives	1
[government.political_district] mi	1
[government.political_district] mets	1
[government.political_district] metro map	1
[government.political_district] metro	1
[government.political_district] mendoza	1
[government.political_district] men	1
[government.political_district] medical oncology mayo clinic	1
[government.political_district] medical centre	1
[government.political_district] medical	1
[government.political_district] meaning	1
[government.political_district] mayor	1
[government.political_district] mavericks	1
[government.political_district] mathematical notes	1
[government.political_district] mascot	1
[government.political_district] marriage records	1
[government.political_district] marina	1
[government.political_district] map 2014	1
[government.political_district] mansa	1
[government.political_district] manor	1
[government.political_district] man	1
[government.political_district] mall directory	1
[government.political_district] malaysia	1
[government.political_district] makuhari seaside park	1
[government.political_district] majorities	1
[government.political_district] maison a vendre	1
[government.political_district] madsen	1
[government.political_district] madrid	1
[government.political_district] lowes	1
[government.political_district] love island	1
[government.political_district] lotto	1
[government.political_district] loop	1
[government.political_district] lodging	1
[government.political_district] lock	1
[government.political_district] liverpool	1
[government.political_district] live pd	1
[government.political_district] live	1
[government.political_district] little league	1
[government.political_district] liquor store	1
[government.political_district] link	1
[government.political_district] line	1
[government.political_district] lima	1
[government.political_district] lido	1
[government.political_district] liberal riding association	1
[government.political_district] liberal association	1
[government.political_district] lexus	1
[government.political_district] leisure trust	1
[government.political_district] legislation	1
[government.political_district] landmarks	1
[government.political_district] landfill	1
[government.political_district] land claims agreement	1
[government.political_district] lake	1
[government.political_district] lacrosse	1
[government.political_district] kundera	1
[government.political_district] koa	1
[government.political_district] knicks	1
[government.political_district] kingdom	1
[government.political_district] king's lynn	1
[government.political_district] kane	1
[government.political_district] kand	1
[government.political_district] judiciary	1
[government.political_district] jones	1
[government.political_district] jodhpur	1
[government.political_district] job	1
[government.political_district] jazz roster	1
[government.political_district] jazz	1
[government.political_district] japan map	1
[government.political_district] jaipur	1
[government.political_district] jack	1
[government.political_district] italy	1
[government.political_district] island sc	1
[government.political_district] island flooding	1
[government.political_district] island ferry	1
[government.political_district] island closed	1
[government.political_district] is burning	1
[government.political_district] irish	1
[government.political_district] ireland map	1
[government.political_district] ipass	1
[government.political_district] investment authority	1
[government.political_district] intervention	1
[government.political_district] instruments	1
[government.political_district] inn	1
[government.political_district] inmate search	1
[government.political_district] indians schedule	1
[government.political_district] indians	1
[government.political_district] indiana	1
[government.political_district] in the square upcoming events	1
[government.political_district] in the square	1
[government.political_district] in india	1
[government.political_district] illinois zip codes	1
[government.political_district] illinois results	1
[government.political_district] illinois 2016	1
[government.political_district] id center location map	1
[government.political_district] id center	1
[government.political_district] hyundai staff	1
[government.political_district] hyundai	1
[government.political_district] hurricanes	1
[government.political_district] humane society	1
[government.political_district] housing	1
[government.political_district] house hotel	1
[government.political_district] hours	1
[government.political_district] hotel london	1
[government.political_district] hotel barcelona	1
[government.political_district] hospital map	1
[government.political_district] horse trials	1
[government.political_district] horse park	1
[government.political_district] horse and pony	1
[government.political_district] hopital	1
[government.political_district] homeschool collective	1
[government.political_district] home depot	1
[government.political_district] hollywood	1
[government.political_district] holidays	1
[government.political_district] hockey	1
[government.political_district] historical society	1
[government.political_district] hiking	1
[government.political_district] high school of science	1
[government.political_district] high court	1
[government.political_district] hetalia	1
[government.political_district] hematology mayo clinic	1
[government.political_district] heeler	1
[government.political_district] heath ponds	1
[government.political_district] heath	1
[government.political_district] health services	1
[government.political_district] health department	1
[government.political_district] health clinic hours	1
[government.political_district] health centre	1
[government.political_district] health card	1
[government.political_district] health	1
[government.political_district] hat	1
[government.political_district] hastings	1
[government.political_district] hall	1
[government.political_district] gymnastics	1
[government.political_district] gym	1
[government.political_district] gurdwara	1
[government.political_district] greece	1
[government.political_district] governor	1
[government.political_district] government	1
[government.political_district] golf club	1
[government.political_district] gold stock	1
[government.political_district] gold	1
[government.political_district] go station parking	1
[government.political_district] go address	1
[government.political_district] go	1
[government.political_district] gmc	1
[government.political_district] giants	1
[government.political_district] gerrymandered	1
[government.political_district] germany	1
[government.political_district] georgia line	1
[government.political_district] georgia	1
[government.political_district] general hospital	1
[government.political_district] gastroenterology & hepatology mayo clinic	1
[government.political_district] gas service	1
[government.political_district] gas company	1
[government.political_district] garden products	1
[government.political_district] garden	1
[government.political_district] games	1
[government.political_district] game and parks	1
[government.political_district] ga	1
[government.political_district] furniture mart	1
[government.political_district] furniture	1
[government.political_district] fundraising	1
[government.political_district] frq	1
[government.political_district] from 2005	1
[government.political_district] fried chicken coupons	1
[government.political_district] forum	1
[government.political_district] fort and museum	1
[government.political_district] fort	1
[government.political_district] for the arts	1
[government.political_district] for spiritual living	1
[government.political_district] for resilience	1
[government.political_district] for psychological services	1
[government.political_district] for performing arts	1
[government.political_district] for natural medicine	1
[government.political_district] for medical imaging	1
[government.political_district] for living arts	1
[government.political_district] for homeopathy	1
[government.political_district] for health	1
[government.political_district] for global community	1
[government.political_district] for family medicine	1
[government.political_district] for education and training	1
[government.political_district] for disease control	1
[government.political_district] for cosmetic and implant dentistry	1
[government.political_district] for cognitive therapy	1
[government.political_district] football schedule 2017	1
[government.political_district] food court	1
[government.political_district] food	1
[government.political_district] fm	1
[government.political_district] flower	1
[government.political_district] floral emblem	1
[government.political_district] flooding	1
[government.political_district] flames	1
[government.political_district] fixtures	1
[government.political_district] fitness	1
[government.political_district] fishing license	1
[government.political_district] fish and game	1
[government.political_district] fire bans	1
[government.political_district] film	1
[government.political_district] festivals	1
[government.political_district] ferry	1
[government.political_district] ferries	1
[government.political_district] falls	1
[government.political_district] fa 2017	1
[government.political_district] fa	1
[government.political_district] everyman	1
[government.political_district] events	1
[government.political_district] eu4	1
[government.political_district] estancia	1
[government.political_district] es	1
[government.political_district] english school district	1
[government.political_district] england	1
[government.political_district] engineering mayo clinic	1
[government.political_district] energy	1
[government.political_district] endocrinology mayo clinic	1
[government.political_district] end united	1
[government.political_district] end tickets	1
[government.political_district] end theatre	1
[government.political_district] end shows	1
[government.political_district] end musicals	1
[government.political_district] end	1
[government.political_district] elevation	1
[government.political_district] electoral office	1
[government.political_district] electoral divisions	1
[government.political_district] electoral district	1
[government.political_district] elections results	1
[government.political_district] elections 2014	1
[government.political_district] election seats	1
[government.political_district] election results 2014	1
[government.political_district] election results 2013	1
[government.political_district] election results 2010	1
[government.political_district] election candidates	1
[government.political_district] election 2018	1
[government.political_district] election 2015	1
[government.political_district] election 2013	1
[government.political_district] election 2012	1
[government.political_district] edison	1
[government.political_district] economy	1
[government.political_district] eclipse	1
[government.political_district] early voting	1
[government.political_district] ealing	1
[government.political_district] dutch	1
[government.political_district] dunes	1
[government.political_district] duck tolling retriever	1
[government.political_district] dubai	1
[government.political_district] ds divisions	1
[government.political_district] driving school	1
[government.political_district] driver licensing office	1
[government.political_district] drive in	1
[government.political_district] drink	1
[government.political_district] dreaming	1
[government.political_district] dot	1
[government.political_district] dolphins	1
[government.political_district] dolomites	1
[government.political_district] doctors surgery	1
[government.political_district] dnr	1
[government.political_district] division of general practice	1
[government.political_district] districts	1
[government.political_district] district	1
[government.political_district] devils	1
[government.political_district] derby	1
[government.political_district] department of licensing	1
[government.political_district] dental yellowknife	1
[government.political_district] dental	1
[government.political_district] denali	1
[government.political_district] democratic committee	1
[government.political_district] democrat gazette	1
[government.political_district] democrat	1
[government.political_district] dells weather	1
[government.political_district] dells hotels	1
[government.political_district] dells	1
[government.political_district] del f√∫tbol colombiano	1
[government.political_district] definition	1
[government.political_district] defenders	1
[government.political_district] deeds	1
[government.political_district] debt	1
[government.political_district] death records	1
[government.political_district] de brazil	1
[government.political_district] day	1
[government.political_district] dakota	1
[government.political_district] cultural centre	1
[government.political_district] cubs	1
[government.political_district] cruise	1
[government.political_district] crows	1
[government.political_district] crow	1
[government.political_district] crime rate	1
[government.political_district] creeper	1
[government.political_district] credit union	1
[government.political_district] coyotes	1
[government.political_district] courts online	1
[government.political_district] court recruitment 2017	1
[government.political_district] court recruitment 2016	1
[government.political_district] court clerk	1
[government.political_district] county show	1
[government.political_district] county jail	1
[government.political_district] county council	1
[government.political_district] county community college	1
[government.political_district] county clerk	1
[government.political_district] county auditor	1
[government.political_district] country store	1
[government.political_district] councillor	1
[government.political_district] council tax	1
[government.political_district] council jobs	1
[government.political_district] council	1
[government.political_district] cottages	1
[government.political_district] cottage rentals	1
[government.political_district] corporation commission	1
[government.political_district] cornwall	1
[government.political_district] coquimbo	1
[government.political_district] coon kittens	1
[government.political_district] coon cat	1
[government.political_district] coon	1
[government.political_district] constituency youth council	1
[government.political_district] constituency	1
[government.political_district] conservative candidate	1
[government.political_district] congressional race polls	1
[government.political_district] congressional race 2012	1
[government.political_district] congressional race	1
[government.political_district] compromise	1
[government.political_district] community centre	1
[government.political_district] communities	1
[government.political_district] comic con	1
[government.political_district] colony	1
[government.political_district] collision	1
[government.political_district] college of technology	1
[government.political_district] collector	1
[government.political_district] cocktail	1
[government.political_district] coat of arms	1
[government.political_district] cm	1
[government.political_district] clinic yk	1
[government.political_district] ck2	1
[government.political_district] city star	1
[government.political_district] city royals schedule	1
[government.political_district] city royals	1
[government.political_district] city hall	1
[government.political_district] city farm	1
[government.political_district] city council	1
[government.political_district] city chiefs	1
[government.political_district] city ca	1
[government.political_district] citizen	1
[government.political_district] circuit court	1
[government.political_district] cineplex	1
[government.political_district] cidades	1
[government.political_district] chronicle	1
[government.political_district] chiropractic clinic	1
[government.political_district] chiefs	1
[government.political_district] chicken	1
[government.political_district] championship	1
[government.political_district] chamber of commerce	1
[government.political_district] chainsaw massacre	1
[government.political_district] centre	1
[government.political_district] central university	1
[government.political_district] cemetery	1
[government.political_district] cement co	1
[government.political_district] ccap	1
[government.political_district] cavs	1
[government.political_district] cave bath	1
[government.political_district] cave	1
[government.political_district] castle	1
[government.political_district] caste wise population	1
[government.political_district] case net	1
[government.political_district] cars	1
[government.political_district] cardiology mayo clinic	1
[government.political_district] cardinals	1
[government.political_district] car sales	1
[government.political_district] canucks	1
[government.political_district] candidates poll	1
[government.political_district] candidates 2017	1
[government.political_district] candidates 2015	1
[government.political_district] candidates 2014	1
[government.political_district] candidate	1
[government.political_district] canadians	1
[government.political_district] canada hotels	1
[government.political_district] campground	1
[government.political_district] california candidates	1
[government.political_district] cadastral	1
[government.political_district] cab	1
[government.political_district] b√ºrgeramt	1
[government.political_district] by election	1
[government.political_district] by county	1
[government.political_district] by address	1
[government.political_district] buses	1
[government.political_district] burning	1
[government.political_district] burn ban	1
[government.political_district] bull	1
[government.political_district] budget	1
[government.political_district] brt	1
[government.political_district] browns	1
[government.political_district] brown	1
[government.political_district] brom	1
[government.political_district] bridgford	1
[government.political_district] brewery enfield	1
[government.political_district] brewery	1
[government.political_district] braves	1
[government.political_district] brasil	1
[government.political_district] bowling	1
[government.political_district] book	1
[government.political_district] bonds	1
[government.political_district] bombing	1
[government.political_district] bobs	1
[government.political_district] boat lines	1
[government.political_district] board of nursing	1
[government.political_district] boa vista	1
[government.political_district] blue	1
[government.political_district] birth records	1
[government.political_district] birds	1
[government.political_district] bharatpur	1
[government.political_district] beyer	1
[government.political_district] believes	1
[government.political_district] beach weather	1
[government.political_district] beach hotels	1
[government.political_district] basketball	1
[government.political_district] bars	1
[government.political_district] barrie	1
[government.political_district] barmer	1
[government.political_district] barcelona spain	1
[government.political_district] barcelona map	1
[government.political_district] barcelona apartments	1
[government.political_district] barcelona	1
[government.political_district] bar	1
[government.political_district] bandeira	1
[government.political_district] ballet	1
[government.political_district] bali hotel	1
[government.political_district] bagel	1
[government.political_district] badlands	1
[government.political_district] autobus	1
[government.political_district] auditor	1
[government.political_district] atv club	1
[government.political_district] attraction	1
[government.political_district] attack	1
[government.political_district] at work	1
[government.political_district] astros	1
[government.political_district] ark	1
[government.political_district] area code	1
[government.political_district] arctic college	1
[government.political_district] appartement a louer	1
[government.political_district] ap human geography	1
[government.political_district] animal hospital	1
[government.political_district] animal control	1
[government.political_district] and company	1
[government.political_district] and chelsea	1
[government.political_district] and alex	1
[government.political_district] analytical laboratories sydney	1
[government.political_district] alwar	1
[government.political_district] altitude	1
[government.political_district] allergic diseases mayo clinic	1
[government.political_district] alegre	1
[government.political_district] ajmer	1
[government.political_district] airways	1
[government.political_district] airlines office contact	1
[government.political_district] airlines	1
[government.political_district] air show	1
[government.political_district] agency	1
[government.political_district] afghanistan map	1
[government.political_district] afghanistan	1
[government.political_district] aec	1
[government.political_district] accessoires	1
[government.political_district] abbreviation	1
[government.political_district] a&m	1
[government.political_district] 49ers	1
[government.political_district] 4	1
[government.political_district] 3	1
[government.political_district] 2017	1
[government.political_district] 2016 election	1
[government.political_district] 2014 results	1
[government.political_district] 2014 election results	1
[government.political_district] 2012 election results	1
[government.political_district] 12	1
[government.political_district] (islas malvinas)	1
2012 [government.political_district]	1
11th [government.political_district] illinois	1
