[media_common.netflix_genre]	175
[media_common.netflix_genre] movies	33
[media_common.netflix_genre] map	27
[media_common.netflix_genre] flag	25
[media_common.netflix_genre] news	23
[media_common.netflix_genre] definition	22
[media_common.netflix_genre] course	19
[media_common.netflix_genre] app	19
[media_common.netflix_genre]s	18
[media_common.netflix_genre] shows	18
[media_common.netflix_genre]s 2016	15
[media_common.netflix_genre] code	15
[media_common.netflix_genre] classes	15
[media_common.netflix_genre] books	15
[media_common.netflix_genre] time	14
[media_common.netflix_genre] population	14
[media_common.netflix_genre]s on netflix	13
[media_common.netflix_genre]s 2017	13
[media_common.netflix_genre] meaning	13
[media_common.netflix_genre] history	13
[media_common.netflix_genre] schedule	12
[media_common.netflix_genre] music	12
[media_common.netflix_genre] games	12
[media_common.netflix_genre] download	12
[media_common.netflix_genre] 2017	12
[media_common.netflix_genre] songs	11
[media_common.netflix_genre] currency	11
[media_common.netflix_genre] test	10
[media_common.netflix_genre] school	10
[media_common.netflix_genre] youtube	9
[media_common.netflix_genre] near me	9
[media_common.netflix_genre] artists	9
[media_common.netflix_genre]s 2015	8
[media_common.netflix_genre] words	8
[media_common.netflix_genre] weather	8
[media_common.netflix_genre] shoes	8
[media_common.netflix_genre] origin	8
[media_common.netflix_genre] video	7
[media_common.netflix_genre] translator	7
[media_common.netflix_genre] quotes	7
[media_common.netflix_genre] online	7
[media_common.netflix_genre] movies 2016	7
[media_common.netflix_genre] ideas	7
[media_common.netflix_genre] basics	7
[media_common.netflix_genre]s 2014	6
[media_common.netflix_genre] uk	6
[media_common.netflix_genre] to english	6
[media_common.netflix_genre] tips	6
[media_common.netflix_genre] movie	6
[media_common.netflix_genre] lessons	6
[media_common.netflix_genre] learning	6
[media_common.netflix_genre] language	6
[media_common.netflix_genre] india	6
[media_common.netflix_genre] festival	6
[media_common.netflix_genre] classes near me	6
[media_common.netflix_genre] videos	5
[media_common.netflix_genre] translation	5
[media_common.netflix_genre] pdf	5
[media_common.netflix_genre] movies 2017	5
[media_common.netflix_genre] live	5
[media_common.netflix_genre] list	5
[media_common.netflix_genre] jobs	5
[media_common.netflix_genre] holidays	5
[media_common.netflix_genre] genre	5
[media_common.netflix_genre] day	5
[media_common.netflix_genre] capital	5
[media_common.netflix_genre] alphabet	5
[media_common.netflix_genre] airlines	5
[media_common.netflix_genre] wiki	4
[media_common.netflix_genre] visa	4
[media_common.netflix_genre] series	4
[media_common.netflix_genre] radio	4
[media_common.netflix_genre] meme	4
[media_common.netflix_genre] for kids	4
[media_common.netflix_genre] facts	4
[media_common.netflix_genre] express	4
[media_common.netflix_genre] countries	4
[media_common.netflix_genre] characters	4
[media_common.netflix_genre] canada	4
[media_common.netflix_genre] awards	4
[media_common.netflix_genre] asia	4
[media_common.netflix_genre]s to watch	3
[media_common.netflix_genre]s list	3
[media_common.netflix_genre]n countries	3
[media_common.netflix_genre]n	3
[media_common.netflix_genre]ians	3
[media_common.netflix_genre] tv series	3
[media_common.netflix_genre] tricks	3
[media_common.netflix_genre] travel	3
[media_common.netflix_genre] techniques	3
[media_common.netflix_genre] studios	3
[media_common.netflix_genre] song	3
[media_common.netflix_genre] review	3
[media_common.netflix_genre] post	3
[media_common.netflix_genre] phrases	3
[media_common.netflix_genre] number	3
[media_common.netflix_genre] novels	3
[media_common.netflix_genre] names	3
[media_common.netflix_genre] name	3
[media_common.netflix_genre] meaning in hindi	3
[media_common.netflix_genre] magazine	3
[media_common.netflix_genre] logo	3
[media_common.netflix_genre] league	3
[media_common.netflix_genre] jokes	3
[media_common.netflix_genre] in india	3
[media_common.netflix_genre] in hindi	3
[media_common.netflix_genre] images	3
[media_common.netflix_genre] hindi	3
[media_common.netflix_genre] hd	3
[media_common.netflix_genre] gloves	3
[media_common.netflix_genre] garden	3
[media_common.netflix_genre] game	3
[media_common.netflix_genre] courses	3
[media_common.netflix_genre] course in delhi	3
[media_common.netflix_genre] conventions	3
[media_common.netflix_genre] cast	3
[media_common.netflix_genre] authors	3
[media_common.netflix_genre] australia	3
[media_common.netflix_genre] actors	3
best [media_common.netflix_genre]s	2
[media_common.netflix_genre]s meaning	2
[media_common.netflix_genre]n revolution	2
[media_common.netflix_genre]n music	2
[media_common.netflix_genre]n flags	2
[media_common.netflix_genre]n flag	2
[media_common.netflix_genre]n bank	2
[media_common.netflix_genre]making	2
[media_common.netflix_genre]i	2
[media_common.netflix_genre]e	2
[media_common.netflix_genre] writers	2
[media_common.netflix_genre] workout	2
[media_common.netflix_genre] websites	2
[media_common.netflix_genre] weapons	2
[media_common.netflix_genre] u21	2
[media_common.netflix_genre] tv shows	2
[media_common.netflix_genre] tours	2
[media_common.netflix_genre] tools	2
[media_common.netflix_genre] teams	2
[media_common.netflix_genre] syndrome	2
[media_common.netflix_genre] symbol	2
[media_common.netflix_genre] styles	2
[media_common.netflix_genre] statistics	2
[media_common.netflix_genre] stars	2
[media_common.netflix_genre] spoken	2
[media_common.netflix_genre] soccer	2
[media_common.netflix_genre] singers	2
[media_common.netflix_genre] shorts	2
[media_common.netflix_genre] services	2
[media_common.netflix_genre] script	2
[media_common.netflix_genre] rules	2
[media_common.netflix_genre] reference	2
[media_common.netflix_genre] quiz	2
[media_common.netflix_genre] programs	2
[media_common.netflix_genre] proficiency test	2
[media_common.netflix_genre] production companies	2
[media_common.netflix_genre] president	2
[media_common.netflix_genre] ppt	2
[media_common.netflix_genre] posters	2
[media_common.netflix_genre] positions	2
[media_common.netflix_genre] playlist	2
[media_common.netflix_genre] parody	2
[media_common.netflix_genre] park	2
[media_common.netflix_genre] netflix	2
[media_common.netflix_genre] movies on netflix	2
[media_common.netflix_genre] movies 2015	2
[media_common.netflix_genre] moves	2
[media_common.netflix_genre] marvel	2
[media_common.netflix_genre] map quiz	2
[media_common.netflix_genre] lyrics	2
[media_common.netflix_genre] london	2
[media_common.netflix_genre] live stream	2
[media_common.netflix_genre] levels	2
[media_common.netflix_genre] letters	2
[media_common.netflix_genre] legends	2
[media_common.netflix_genre] king	2
[media_common.netflix_genre] instruments	2
[media_common.netflix_genre] in japan	2
[media_common.netflix_genre] in english	2
[media_common.netflix_genre] in australia	2
[media_common.netflix_genre] helmets	2
[media_common.netflix_genre] guide	2
[media_common.netflix_genre] grants	2
[media_common.netflix_genre] girl	2
[media_common.netflix_genre] gear	2
[media_common.netflix_genre] football	2
[media_common.netflix_genre] font	2
[media_common.netflix_genre] film	2
[media_common.netflix_genre] festivals	2
[media_common.netflix_genre] examples	2
[media_common.netflix_genre] example	2
[media_common.netflix_genre] essay	2
[media_common.netflix_genre] dvd	2
[media_common.netflix_genre] duets	2
[media_common.netflix_genre] day 2017	2
[media_common.netflix_genre] dance	2
[media_common.netflix_genre] court	2
[media_common.netflix_genre] course online	2
[media_common.netflix_genre] country	2
[media_common.netflix_genre] comedians	2
[media_common.netflix_genre] comcast	2
[media_common.netflix_genre] clothing	2
[media_common.netflix_genre] cities	2
[media_common.netflix_genre] characteristics	2
[media_common.netflix_genre] channel	2
[media_common.netflix_genre] centre	2
[media_common.netflix_genre] cartoon	2
[media_common.netflix_genre] cafe	2
[media_common.netflix_genre] basic	2
[media_common.netflix_genre] bands	2
[media_common.netflix_genre] awards 2017	2
[media_common.netflix_genre] anime	2
[media_common.netflix_genre] analysis	2
[media_common.netflix_genre] academy	2
[media_common.netflix_genre] 2016	2
where is [media_common.netflix_genre]	1
musica de [media_common.netflix_genre]	1
modern [media_common.netflix_genre]s	1
mix [media_common.netflix_genre]	1
historical dictionary [media_common.netflix_genre] cinema	1
french [media_common.netflix_genre]s	1
[media_common.netflix_genre]very education	1
[media_common.netflix_genre]very channel	1
[media_common.netflix_genre]very	1
[media_common.netflix_genre]ver student loans	1
[media_common.netflix_genre]ver	1
[media_common.netflix_genre]unt tire	1
[media_common.netflix_genre]tv	1
[media_common.netflix_genre]town	1
[media_common.netflix_genre]tone	1
[media_common.netflix_genre]ton wv	1
[media_common.netflix_genre]ton park	1
[media_common.netflix_genre]ton ny	1
[media_common.netflix_genre]ton library	1
[media_common.netflix_genre]ton lento	1
[media_common.netflix_genre]ton beach weather	1
[media_common.netflix_genre]ton beach	1
[media_common.netflix_genre]ton bank	1
[media_common.netflix_genre]ton	1
[media_common.netflix_genre]tic irony	1
[media_common.netflix_genre]tar	1
[media_common.netflix_genre]talent	1
[media_common.netflix_genre]tacks 2	1
[media_common.netflix_genre]tacks	1
[media_common.netflix_genre]scas	1
[media_common.netflix_genre]sca curran	1
[media_common.netflix_genre]sca capaldi	1
[media_common.netflix_genre]s youtube	1
[media_common.netflix_genre]s tv	1
[media_common.netflix_genre]s travel insurance	1
[media_common.netflix_genre]s today	1
[media_common.netflix_genre]s show	1
[media_common.netflix_genre]s radio	1
[media_common.netflix_genre]s park	1
[media_common.netflix_genre]s online	1
[media_common.netflix_genre]s on netflix uk	1
[media_common.netflix_genre]s netflix	1
[media_common.netflix_genre]s near me	1
[media_common.netflix_genre]s music	1
[media_common.netflix_genre]s movie	1
[media_common.netflix_genre]s meme	1
[media_common.netflix_genre]s lyrics	1
[media_common.netflix_genre]s karaoke	1
[media_common.netflix_genre]s jobs	1
[media_common.netflix_genre]s ireland	1
[media_common.netflix_genre]s insurance	1
[media_common.netflix_genre]s inc	1
[media_common.netflix_genre]s in hindi	1
[media_common.netflix_genre]s for toddlers	1
[media_common.netflix_genre]s for sale	1
[media_common.netflix_genre]s for kids	1
[media_common.netflix_genre]s degree	1
[media_common.netflix_genre]s contact	1
[media_common.netflix_genre]s career	1
[media_common.netflix_genre]s bike	1
[media_common.netflix_genre]s bean cobain	1
[media_common.netflix_genre]s based on true stories	1
[media_common.netflix_genre]s bar nyc	1
[media_common.netflix_genre]s association	1
[media_common.netflix_genre]s and science	1
[media_common.netflix_genre]s 80s	1
[media_common.netflix_genre]s 2013	1
[media_common.netflix_genre]s 1960s	1
[media_common.netflix_genre]s (gis)	1
[media_common.netflix_genre]rs	1
[media_common.netflix_genre]reg	1
[media_common.netflix_genre]rd download	1
[media_common.netflix_genre]rd bots	1
[media_common.netflix_genre]rd	1
[media_common.netflix_genre]qiapk	1
[media_common.netflix_genre]qia	1
[media_common.netflix_genre]qi	1
[media_common.netflix_genre]q meaning	1
[media_common.netflix_genre]q	1
[media_common.netflix_genre]proud	1
[media_common.netflix_genre]ora	1
[media_common.netflix_genre]o	1
[media_common.netflix_genre]now	1
[media_common.netflix_genre]nice	1
[media_common.netflix_genre]net hd	1
[media_common.netflix_genre]na jones	1
[media_common.netflix_genre]n women	1
[media_common.netflix_genre]n violet	1
[media_common.netflix_genre]n twist	1
[media_common.netflix_genre]n to english	1
[media_common.netflix_genre]n style	1
[media_common.netflix_genre]n roulette	1
[media_common.netflix_genre]n railway	1
[media_common.netflix_genre]n people	1
[media_common.netflix_genre]n names	1
[media_common.netflix_genre]n instruments	1
[media_common.netflix_genre]n diaspora	1
[media_common.netflix_genre]n design	1
[media_common.netflix_genre]n dance	1
[media_common.netflix_genre]n currency	1
[media_common.netflix_genre]n cupid	1
[media_common.netflix_genre]n culture	1
[media_common.netflix_genre]n black soap	1
[media_common.netflix_genre]n army	1
[media_common.netflix_genre]n american museum dc	1
[media_common.netflix_genre]n american	1
[media_common.netflix_genre]n alphabet	1
[media_common.netflix_genre]n airlines	1
[media_common.netflix_genre]mine	1
[media_common.netflix_genre]mart	1
[media_common.netflix_genre]making redux	1
[media_common.netflix_genre]makers	1
[media_common.netflix_genre]maker burns	1
[media_common.netflix_genre]lord	1
[media_common.netflix_genre]lebanon	1
[media_common.netflix_genre]ky	1
[media_common.netflix_genre]ites	1
[media_common.netflix_genre]ism	1
[media_common.netflix_genre]iq	1
[media_common.netflix_genre]ing locations	1
[media_common.netflix_genre]indo	1
[media_common.netflix_genre]ian wax	1
[media_common.netflix_genre]ian blowout	1
[media_common.netflix_genre]ian bikini	1
[media_common.netflix_genre]i women	1
[media_common.netflix_genre]haven	1
[media_common.netflix_genre]gs	1
[media_common.netflix_genre]ful	1
[media_common.netflix_genre]fire	1
[media_common.netflix_genre]fever	1
[media_common.netflix_genre]fest	1
[media_common.netflix_genre]ese translator	1
[media_common.netflix_genre]ese to english	1
[media_common.netflix_genre]ese spitz	1
[media_common.netflix_genre]ese names	1
[media_common.netflix_genre]ese maple	1
[media_common.netflix_genre]ese food	1
[media_common.netflix_genre]ese	1
[media_common.netflix_genre]ern food near me	1
[media_common.netflix_genre]ern food	1
[media_common.netflix_genre]ern flags	1
[media_common.netflix_genre]ern countries	1
[media_common.netflix_genre]er	1
[media_common.netflix_genre]ek	1
[media_common.netflix_genre]don	1
[media_common.netflix_genre]direct	1
[media_common.netflix_genre]dar	1
[media_common.netflix_genre]cool	1
[media_common.netflix_genre]concert	1
[media_common.netflix_genre]cell	1
[media_common.netflix_genre]c	1
[media_common.netflix_genre]beans	1
[media_common.netflix_genre]ball	1
[media_common.netflix_genre]an women	1
[media_common.netflix_genre]an time	1
[media_common.netflix_genre]an people	1
[media_common.netflix_genre]an names	1
[media_common.netflix_genre]an flags	1
[media_common.netflix_genre]an countries	1
[media_common.netflix_genre]a	1
[media_common.netflix_genre]3s	1
[media_common.netflix_genre]3	1
[media_common.netflix_genre] перевод	1
[media_common.netflix_genre] zones	1
[media_common.netflix_genre] zip code	1
[media_common.netflix_genre] world cup	1
[media_common.netflix_genre] world championship 2017	1
[media_common.netflix_genre] world	1
[media_common.netflix_genre] worksheet	1
[media_common.netflix_genre] works	1
[media_common.netflix_genre] wolf blood	1
[media_common.netflix_genre] wok	1
[media_common.netflix_genre] wives	1
[media_common.netflix_genre] with a twist	1
[media_common.netflix_genre] wine	1
[media_common.netflix_genre] wilson	1
[media_common.netflix_genre] wikipedia	1
[media_common.netflix_genre] wife	1
[media_common.netflix_genre] who starred in purple rain	1
[media_common.netflix_genre] weight classes	1
[media_common.netflix_genre] weekly	1
[media_common.netflix_genre] weekend	1
[media_common.netflix_genre] wedding	1
[media_common.netflix_genre] weapon	1
[media_common.netflix_genre] waterloo	1
[media_common.netflix_genre] watchcartoononline	1
[media_common.netflix_genre] watch online	1
[media_common.netflix_genre] warehouse	1
[media_common.netflix_genre] war	1
[media_common.netflix_genre] wang	1
[media_common.netflix_genre] wallpaper	1
[media_common.netflix_genre] waffles	1
[media_common.netflix_genre] wadala	1
[media_common.netflix_genre] vs portugal	1
[media_common.netflix_genre] vs pakistan	1
[media_common.netflix_genre] vs mma	1
[media_common.netflix_genre] vs chile	1
[media_common.netflix_genre] vs brazil	1
[media_common.netflix_genre] vs	1
[media_common.netflix_genre] vonnegut	1
[media_common.netflix_genre] vimeo	1
[media_common.netflix_genre] vhs	1
[media_common.netflix_genre] version	1
[media_common.netflix_genre] verizon	1
[media_common.netflix_genre] vampire	1
[media_common.netflix_genre] v james	1
[media_common.netflix_genre] v	1
[media_common.netflix_genre] usa	1
[media_common.netflix_genre] unplugged	1
[media_common.netflix_genre] unley	1
[media_common.netflix_genre] typing	1
[media_common.netflix_genre] tutorial	1
[media_common.netflix_genre] trump	1
[media_common.netflix_genre] trucks	1
[media_common.netflix_genre] tropes	1
[media_common.netflix_genre] triple crown	1
[media_common.netflix_genre] tree	1
[media_common.netflix_genre] traveler	1
[media_common.netflix_genre] translation to english	1
[media_common.netflix_genre] translation in hindi	1
[media_common.netflix_genre] transfer	1
[media_common.netflix_genre] training	1
[media_common.netflix_genre] train	1
[media_common.netflix_genre] town	1
[media_common.netflix_genre] tourism	1
[media_common.netflix_genre] tour de france	1
[media_common.netflix_genre] toto	1
[media_common.netflix_genre] tonight	1
[media_common.netflix_genre] today	1
[media_common.netflix_genre] to watch	1
[media_common.netflix_genre] title card	1
[media_common.netflix_genre] time warner cable	1
[media_common.netflix_genre] tickets	1
[media_common.netflix_genre] thriller movies	1
[media_common.netflix_genre] theater	1
[media_common.netflix_genre] the challenge	1
[media_common.netflix_genre] the book	1
[media_common.netflix_genre] the bible	1
[media_common.netflix_genre] the apocalypse	1
[media_common.netflix_genre] terms	1
[media_common.netflix_genre] terbaru	1
[media_common.netflix_genre] tarot	1
[media_common.netflix_genre] tackle	1
[media_common.netflix_genre] synonym	1
[media_common.netflix_genre] symbols	1
[media_common.netflix_genre] syllabus	1
[media_common.netflix_genre] sydney	1
[media_common.netflix_genre] supply	1
[media_common.netflix_genre] suits	1
[media_common.netflix_genre] student	1
[media_common.netflix_genre] story	1
[media_common.netflix_genre] stories	1
[media_common.netflix_genre] stores	1
[media_common.netflix_genre] store near me	1
[media_common.netflix_genre] store	1
[media_common.netflix_genre] stock	1
[media_common.netflix_genre] stepper	1
[media_common.netflix_genre] status	1
[media_common.netflix_genre] stands	1
[media_common.netflix_genre] standings	1
[media_common.netflix_genre] standards male	1
[media_common.netflix_genre] standards	1
[media_common.netflix_genre] spring	1
[media_common.netflix_genre] spinners	1
[media_common.netflix_genre] spinal tap	1
[media_common.netflix_genre] spectrum	1
[media_common.netflix_genre] specials	1
[media_common.netflix_genre] spain	1
[media_common.netflix_genre] southern airlines	1
[media_common.netflix_genre] southeast asia grade 8	1
[media_common.netflix_genre] southeast asia	1
[media_common.netflix_genre] songs 2017	1
[media_common.netflix_genre] software	1
[media_common.netflix_genre] socks	1
[media_common.netflix_genre] slime	1
[media_common.netflix_genre] skyrim	1
[media_common.netflix_genre] sky	1
[media_common.netflix_genre] skates	1
[media_common.netflix_genre] singapore	1
[media_common.netflix_genre] sign in	1
[media_common.netflix_genre] siesta key	1
[media_common.netflix_genre] shows 2017	1
[media_common.netflix_genre] show	1
[media_common.netflix_genre] short stories	1
[media_common.netflix_genre] shark week	1
[media_common.netflix_genre] shark	1
[media_common.netflix_genre] shaka	1
[media_common.netflix_genre] season 43	1
[media_common.netflix_genre] season 42	1
[media_common.netflix_genre] scores	1
[media_common.netflix_genre] school near me	1
[media_common.netflix_genre] saved by the bell	1
[media_common.netflix_genre] sale	1
[media_common.netflix_genre] salary	1
[media_common.netflix_genre] russia	1
[media_common.netflix_genre] rupaul	1
[media_common.netflix_genre] roots	1
[media_common.netflix_genre] rod	1
[media_common.netflix_genre] rocks	1
[media_common.netflix_genre] rock band	1
[media_common.netflix_genre] roast 2017	1
[media_common.netflix_genre] roadies rising	1
[media_common.netflix_genre] roadies	1
[media_common.netflix_genre] rink	1
[media_common.netflix_genre] ringtones	1
[media_common.netflix_genre] revolution 3d	1
[media_common.netflix_genre] revolution	1
[media_common.netflix_genre] revival	1
[media_common.netflix_genre] revealed videos	1
[media_common.netflix_genre] revealed	1
[media_common.netflix_genre] reuben gray	1
[media_common.netflix_genre] results	1
[media_common.netflix_genre] result	1
[media_common.netflix_genre] restaurant unley sa 5061	1
[media_common.netflix_genre] restaurant unley sa	1
[media_common.netflix_genre] restaurant	1
[media_common.netflix_genre] report	1
[media_common.netflix_genre] religion	1
[media_common.netflix_genre] realty	1
[media_common.netflix_genre] rankings	1
[media_common.netflix_genre] radio stations	1
[media_common.netflix_genre] racket	1
[media_common.netflix_genre] racing	1
[media_common.netflix_genre] r	1
[media_common.netflix_genre] queenstown	1
[media_common.netflix_genre] pros	1
[media_common.netflix_genre] pronunciation	1
[media_common.netflix_genre] promo code	1
[media_common.netflix_genre] projects	1
[media_common.netflix_genre] programs list	1
[media_common.netflix_genre] programma	1
[media_common.netflix_genre] products	1
[media_common.netflix_genre] production jobs	1
[media_common.netflix_genre] pride flag	1
[media_common.netflix_genre] pride	1
[media_common.netflix_genre] political map	1
[media_common.netflix_genre] poems	1
[media_common.netflix_genre] podcasts	1
[media_common.netflix_genre] podcast	1
[media_common.netflix_genre] plays	1
[media_common.netflix_genre] players	1
[media_common.netflix_genre] plans	1
[media_common.netflix_genre] piano	1
[media_common.netflix_genre] photography	1
[media_common.netflix_genre] penny dreadful	1
[media_common.netflix_genre] party	1
[media_common.netflix_genre] part 2	1
[media_common.netflix_genre] part 1	1
[media_common.netflix_genre] pants	1
[media_common.netflix_genre] outlaws	1
[media_common.netflix_genre] original movies	1
[media_common.netflix_genre] on youtube	1
[media_common.netflix_genre] on tv today	1
[media_common.netflix_genre] on the river	1
[media_common.netflix_genre] on netflix	1
[media_common.netflix_genre] on double fantasy	1
[media_common.netflix_genre] olympics	1
[media_common.netflix_genre] of william shakespeare	1
[media_common.netflix_genre] of rabindranath tagore	1
[media_common.netflix_genre] of prabhas	1
[media_common.netflix_genre] of narendra modi	1
[media_common.netflix_genre] of mahatma gandhi	1
[media_common.netflix_genre] of london	1
[media_common.netflix_genre] of empires	1
[media_common.netflix_genre] of candle in the wind	1
[media_common.netflix_genre] of another kind	1
[media_common.netflix_genre] odds	1
[media_common.netflix_genre] observer	1
[media_common.netflix_genre] nuts	1
[media_common.netflix_genre] numbers	1
[media_common.netflix_genre] now	1
[media_common.netflix_genre] nordic	1
[media_common.netflix_genre] noir	1
[media_common.netflix_genre] newshour	1
[media_common.netflix_genre] new movies	1
[media_common.netflix_genre] network shows	1
[media_common.netflix_genre] network games	1
[media_common.netflix_genre] network	1
[media_common.netflix_genre] net worth	1
[media_common.netflix_genre] neighbor	1
[media_common.netflix_genre] nation	1
[media_common.netflix_genre] nashville	1
[media_common.netflix_genre] name meaning	1
[media_common.netflix_genre] name generator	1
[media_common.netflix_genre] nagar	1
[media_common.netflix_genre] music 2017	1
[media_common.netflix_genre] museum	1
[media_common.netflix_genre] mtg	1
[media_common.netflix_genre] mp3	1
[media_common.netflix_genre] movies hindi	1
[media_common.netflix_genre] movie download	1
[media_common.netflix_genre] movie 2017	1
[media_common.netflix_genre] movie 2016	1
[media_common.netflix_genre] motivation	1
[media_common.netflix_genre] mix	1
[media_common.netflix_genre] mitchell	1
[media_common.netflix_genre] minor	1
[media_common.netflix_genre] melissa mccarthy	1
[media_common.netflix_genre] medium	1
[media_common.netflix_genre] masterpiece	1
[media_common.netflix_genre] marriage	1
[media_common.netflix_genre] manager tips	1
[media_common.netflix_genre] manager guide	1
[media_common.netflix_genre] manager 2	1
[media_common.netflix_genre] manager	1
[media_common.netflix_genre] made simple	1
[media_common.netflix_genre] machine	1
[media_common.netflix_genre] mac	1
[media_common.netflix_genre] ltd	1
[media_common.netflix_genre] lover	1
[media_common.netflix_genre] love songs	1
[media_common.netflix_genre] loans	1
[media_common.netflix_genre] literacy	1
[media_common.netflix_genre] lighting	1
[media_common.netflix_genre] life	1
[media_common.netflix_genre] license	1
[media_common.netflix_genre] lento lyrics	1
[media_common.netflix_genre] lento letra	1
[media_common.netflix_genre] lento	1
[media_common.netflix_genre] leave	1
[media_common.netflix_genre] learning in english	1
[media_common.netflix_genre] learn in hindi	1
[media_common.netflix_genre] learn	1
[media_common.netflix_genre] laws	1
[media_common.netflix_genre] korean	1
[media_common.netflix_genre] known for her ballads	1
[media_common.netflix_genre] knots	1
[media_common.netflix_genre] knight	1
[media_common.netflix_genre] kitchen cabinets	1
[media_common.netflix_genre] kisscartoon	1
[media_common.netflix_genre] kids shows	1
[media_common.netflix_genre] kids games	1
[media_common.netflix_genre] kids	1
[media_common.netflix_genre] kid full movie	1
[media_common.netflix_genre] kid cast	1
[media_common.netflix_genre] kid 3	1
[media_common.netflix_genre] kid 2	1
[media_common.netflix_genre] kid	1
[media_common.netflix_genre] kayak	1
[media_common.netflix_genre] john adams	1
[media_common.netflix_genre] job in kolkata	1
[media_common.netflix_genre] jewel	1
[media_common.netflix_genre] jerseys	1
[media_common.netflix_genre] jersey	1
[media_common.netflix_genre] jam	1
[media_common.netflix_genre] jackets	1
[media_common.netflix_genre] iz kamakawiwoʻole	1
[media_common.netflix_genre] islands	1
[media_common.netflix_genre] island	1
[media_common.netflix_genre] isis	1
[media_common.netflix_genre] is a defense to negligence	1
[media_common.netflix_genre] ireland	1
[media_common.netflix_genre] iptv	1
[media_common.netflix_genre] iplayer	1
[media_common.netflix_genre] institute	1
[media_common.netflix_genre] india schedule	1
[media_common.netflix_genre] inc	1
[media_common.netflix_genre] in the classroom	1
[media_common.netflix_genre] in spanish	1
[media_common.netflix_genre] in samoa	1
[media_common.netflix_genre] in pakistan	1
[media_common.netflix_genre] in mississippi	1
[media_common.netflix_genre] in indonesia	1
[media_common.netflix_genre] in education	1
[media_common.netflix_genre] in colorado	1
[media_common.netflix_genre] in canada	1
[media_common.netflix_genre] in bihar	1
[media_common.netflix_genre] imdb	1
[media_common.netflix_genre] hunter world	1
[media_common.netflix_genre] hunter	1
[media_common.netflix_genre] how many years old	1
[media_common.netflix_genre] house	1
[media_common.netflix_genre] houghton	1
[media_common.netflix_genre] hotel	1
[media_common.netflix_genre] hostage crisis	1
[media_common.netflix_genre] hoop	1
[media_common.netflix_genre] holy book	1
[media_common.netflix_genre] holiday	1
[media_common.netflix_genre] hit	1
[media_common.netflix_genre] history in tamil	1
[media_common.netflix_genre] high	1
[media_common.netflix_genre] helmet	1
[media_common.netflix_genre] hello	1
[media_common.netflix_genre] hd asia	1
[media_common.netflix_genre] hall of fame	1
[media_common.netflix_genre] guide to movies and videos	1
[media_common.netflix_genre] groups	1
[media_common.netflix_genre] grid girl	1
[media_common.netflix_genre] greg	1
[media_common.netflix_genre] greatness	1
[media_common.netflix_genre] grammar	1
[media_common.netflix_genre] goggles	1
[media_common.netflix_genre] god	1
[media_common.netflix_genre] go login	1
[media_common.netflix_genre] go	1
[media_common.netflix_genre] girl lyrics	1
[media_common.netflix_genre] gifs	1
[media_common.netflix_genre] get out	1
[media_common.netflix_genre] garuda	1
[media_common.netflix_genre] garden nj	1
[media_common.netflix_genre] garden dc	1
[media_common.netflix_genre] game of thrones	1
[media_common.netflix_genre] galaxy	1
[media_common.netflix_genre] frontline	1
[media_common.netflix_genre] freeview	1
[media_common.netflix_genre] free trial	1
[media_common.netflix_genre] founder	1
[media_common.netflix_genre] foundation	1
[media_common.netflix_genre] forum	1
[media_common.netflix_genre] forte	1
[media_common.netflix_genre] formulas	1
[media_common.netflix_genre] formations	1
[media_common.netflix_genre] forces	1
[media_common.netflix_genre] for studying	1
[media_common.netflix_genre] for sale	1
[media_common.netflix_genre] for hello	1
[media_common.netflix_genre] for computer science	1
[media_common.netflix_genre] football team names	1
[media_common.netflix_genre] football scout	1
[media_common.netflix_genre] football mock draft	1
[media_common.netflix_genre] food	1
[media_common.netflix_genre] fonts	1
[media_common.netflix_genre] fnl	1
[media_common.netflix_genre] flight games	1
[media_common.netflix_genre] flea market	1
[media_common.netflix_genre] flags	1
[media_common.netflix_genre] fire island	1
[media_common.netflix_genre] films	1
[media_common.netflix_genre] film noir unexpected connections	1
[media_common.netflix_genre] festival 2017	1
[media_common.netflix_genre] fest	1
[media_common.netflix_genre] femme fatale	1
[media_common.netflix_genre] features	1
[media_common.netflix_genre] fc	1
[media_common.netflix_genre] fate	1
[media_common.netflix_genre] family	1
[media_common.netflix_genre] falls	1
[media_common.netflix_genre] facial	1
[media_common.netflix_genre] eyes	1
[media_common.netflix_genre] eye	1
[media_common.netflix_genre] expo	1
[media_common.netflix_genre] experiments	1
[media_common.netflix_genre] exam papers	1
[media_common.netflix_genre] equipment	1
[media_common.netflix_genre] ensemble	1
[media_common.netflix_genre] energy	1
[media_common.netflix_genre] emporium	1
[media_common.netflix_genre] elements	1
[media_common.netflix_genre] elbow	1
[media_common.netflix_genre] effects	1
[media_common.netflix_genre] dunkirk	1
[media_common.netflix_genre] dubai	1
[media_common.netflix_genre] drawing	1
[media_common.netflix_genre] doraemon	1
[media_common.netflix_genre] dogs	1
[media_common.netflix_genre] dog	1
[media_common.netflix_genre] distributors	1
[media_common.netflix_genre] disneyland	1
[media_common.netflix_genre] dig	1
[media_common.netflix_genre] diet	1
[media_common.netflix_genre] dictionary	1
[media_common.netflix_genre] diaries season 9	1
[media_common.netflix_genre] diaries season 8	1
[media_common.netflix_genre] diaries cast	1
[media_common.netflix_genre] diaries	1
[media_common.netflix_genre] degree	1
[media_common.netflix_genre] defining a film genre	1
[media_common.netflix_genre] deck	1
[media_common.netflix_genre] dc	1
[media_common.netflix_genre] dating sites	1
[media_common.netflix_genre] dating	1
[media_common.netflix_genre] daily show	1
[media_common.netflix_genre] daily	1
[media_common.netflix_genre] cyrillic alphabet	1
[media_common.netflix_genre] culture	1
[media_common.netflix_genre] cruise	1
[media_common.netflix_genre] crossword clue	1
[media_common.netflix_genre] crossword	1
[media_common.netflix_genre] crazy	1
[media_common.netflix_genre] course singapore	1
[media_common.netflix_genre] course prague	1
[media_common.netflix_genre] course oslo	1
[media_common.netflix_genre] course copenhagen	1
[media_common.netflix_genre] course budapest	1
[media_common.netflix_genre] country code	1
[media_common.netflix_genre] costumes	1
[media_common.netflix_genre] corporation case study	1
[media_common.netflix_genre] contra	1
[media_common.netflix_genre] composers	1
[media_common.netflix_genre] company manchester	1
[media_common.netflix_genre] company	1
[media_common.netflix_genre] community	1
[media_common.netflix_genre] comedies	1
[media_common.netflix_genre] colorado	1
[media_common.netflix_genre] colleges	1
[media_common.netflix_genre] coffee	1
[media_common.netflix_genre] codes and conventions	1
[media_common.netflix_genre] clues	1
[media_common.netflix_genre] clubs	1
[media_common.netflix_genre] club	1
[media_common.netflix_genre] classes in pune	1
[media_common.netflix_genre] class	1
[media_common.netflix_genre] city	1
[media_common.netflix_genre] cinema	1
[media_common.netflix_genre] chop	1
[media_common.netflix_genre] charts	1
[media_common.netflix_genre] character	1
[media_common.netflix_genre] channel asia	1
[media_common.netflix_genre] cfl	1
[media_common.netflix_genre] central asia	1
[media_common.netflix_genre] central	1
[media_common.netflix_genre] center	1
[media_common.netflix_genre] catch up	1
[media_common.netflix_genre] catalog	1
[media_common.netflix_genre] cat	1
[media_common.netflix_genre] casting	1
[media_common.netflix_genre] cast 2017	1
[media_common.netflix_genre] cartoons	1
[media_common.netflix_genre] careers	1
[media_common.netflix_genre] caravans	1
[media_common.netflix_genre] cap	1
[media_common.netflix_genre] camera	1
[media_common.netflix_genre] cambridge	1
[media_common.netflix_genre] calories burned	1
[media_common.netflix_genre] calendar	1
[media_common.netflix_genre] cake	1
[media_common.netflix_genre] cafe baner	1
[media_common.netflix_genre] by the sea	1
[media_common.netflix_genre] by nketia	1
[media_common.netflix_genre] brothers	1
[media_common.netflix_genre] boy	1
[media_common.netflix_genre] bowling 2017	1
[media_common.netflix_genre] bowling	1
[media_common.netflix_genre] boots	1
[media_common.netflix_genre] books 2017	1
[media_common.netflix_genre] book	1
[media_common.netflix_genre] boat	1
[media_common.netflix_genre] blog	1
[media_common.netflix_genre] biography	1
[media_common.netflix_genre] betting	1
[media_common.netflix_genre] benefits	1
[media_common.netflix_genre] belts	1
[media_common.netflix_genre] beliefs	1
[media_common.netflix_genre] beer	1
[media_common.netflix_genre] bbq	1
[media_common.netflix_genre] bbc	1
[media_common.netflix_genre] bat	1
[media_common.netflix_genre] baseball	1
[media_common.netflix_genre] bar	1
[media_common.netflix_genre] bangladesh	1
[media_common.netflix_genre] band	1
[media_common.netflix_genre] ball	1
[media_common.netflix_genre] bag	1
[media_common.netflix_genre] backdrops	1
[media_common.netflix_genre] awards 2017 date	1
[media_common.netflix_genre] awards 2001	1
[media_common.netflix_genre] awards 2000	1
[media_common.netflix_genre] awards 1999	1
[media_common.netflix_genre] awards 1998	1
[media_common.netflix_genre] auditions	1
[media_common.netflix_genre] asia schedule	1
[media_common.netflix_genre] artists 2017	1
[media_common.netflix_genre] art	1
[media_common.netflix_genre] arrangements	1
[media_common.netflix_genre] arabic	1
[media_common.netflix_genre] apps free download	1
[media_common.netflix_genre] apps	1
[media_common.netflix_genre] app download	1
[media_common.netflix_genre] antilles	1
[media_common.netflix_genre] and virtual worlds	1
[media_common.netflix_genre] and the world	1
[media_common.netflix_genre] and media studies jobs	1
[media_common.netflix_genre] and media studies	1
[media_common.netflix_genre] and literature	1
[media_common.netflix_genre] and culture	1
[media_common.netflix_genre] and computing	1
[media_common.netflix_genre] and class	1
[media_common.netflix_genre] amos	1
[media_common.netflix_genre] alphabets	1
[media_common.netflix_genre] alexa	1
[media_common.netflix_genre] albums	1
[media_common.netflix_genre] airport	1
[media_common.netflix_genre] address	1
[media_common.netflix_genre] actresses	1
[media_common.netflix_genre] actress	1
[media_common.netflix_genre] action magazine	1
[media_common.netflix_genre] action	1
[media_common.netflix_genre] account	1
[media_common.netflix_genre] academy 2	1
[media_common.netflix_genre] about cheating politician	1
[media_common.netflix_genre] 4s	1
[media_common.netflix_genre] 3d	1
[media_common.netflix_genre] 24	1
[media_common.netflix_genre] 2015	1
[media_common.netflix_genre] 2014	1
[media_common.netflix_genre] 2001	1
[media_common.netflix_genre] 1999	1
[media_common.netflix_genre] 1988	1
[media_common.netflix_genre] 1955	1
