[religion.religious_leadership_jurisdiction]	934
[religion.religious_leadership_jurisdiction] jobs	60
[religion.religious_leadership_jurisdiction] map	54
[religion.religious_leadership_jurisdiction] vacancies	34
[religion.religious_leadership_jurisdiction] safeguarding	31
[religion.religious_leadership_jurisdiction] weather	27
[religion.religious_leadership_jurisdiction] convention	27
[religion.religious_leadership_jurisdiction] education	22
[religion.religious_leadership_jurisdiction] schools	18
[religion.religious_leadership_jurisdiction] news	17
[religion.religious_leadership_jurisdiction] facebook	16
[religion.religious_leadership_jurisdiction] directory	15
[religion.religious_leadership_jurisdiction] canons	15
[religion.religious_leadership_jurisdiction] hotels	13
[religion.religious_leadership_jurisdiction] flag	13
[religion.religious_leadership_jurisdiction] cathedral	13
[religion.religious_leadership_jurisdiction] airport	12
[religion.religious_leadership_jurisdiction] logo	11
[religion.religious_leadership_jurisdiction] archives	11
[religion.religious_leadership_jurisdiction] time	10
[religion.religious_leadership_jurisdiction] clergy	10
[religion.religious_leadership_jurisdiction] youth	9
[religion.religious_leadership_jurisdiction] uk	8
[religion.religious_leadership_jurisdiction] twitter	8
[religion.religious_leadership_jurisdiction] parishes	8
[religion.religious_leadership_jurisdiction] ireland	8
[religion.religious_leadership_jurisdiction] employment	8
[religion.religious_leadership_jurisdiction] address	8
[religion.religious_leadership_jurisdiction] population	7
[religion.religious_leadership_jurisdiction] pa	7
[religion.religious_leadership_jurisdiction] ontario	7
[religion.religious_leadership_jurisdiction] churchyard regulations	7
[religion.religious_leadership_jurisdiction] bishop	7
[religion.religious_leadership_jurisdiction] academy trust	7
[religion.religious_leadership_jurisdiction] zoo	6
[religion.religious_leadership_jurisdiction] wiki	6
[religion.religious_leadership_jurisdiction] website	6
[religion.religious_leadership_jurisdiction] tx	6
[religion.religious_leadership_jurisdiction] staff	6
[religion.religious_leadership_jurisdiction] nj	6
[religion.religious_leadership_jurisdiction] michigan	6
[religion.religious_leadership_jurisdiction] history	6
[religion.religious_leadership_jurisdiction] florida	6
[religion.religious_leadership_jurisdiction] fc	6
[religion.religious_leadership_jurisdiction] england	6
[religion.religious_leadership_jurisdiction] australia	6
[religion.religious_leadership_jurisdiction] university	5
[religion.religious_leadership_jurisdiction] synod	5
[religion.religious_leadership_jurisdiction] south africa	5
[religion.religious_leadership_jurisdiction] school	5
[religion.religious_leadership_jurisdiction] safeguarding training	5
[religion.religious_leadership_jurisdiction] ny	5
[religion.religious_leadership_jurisdiction] ma	5
[religion.religious_leadership_jurisdiction] fl	5
[religion.religious_leadership_jurisdiction] diocese	5
[religion.religious_leadership_jurisdiction] clergy vacancies	5
[religion.religious_leadership_jurisdiction] city	5
[religion.religious_leadership_jurisdiction] bishops	5
catholic [religion.religious_leadership_jurisdiction]	4
[religion.religious_leadership_jurisdiction] timeline	4
[religion.religious_leadership_jurisdiction] scotland	4
[religion.religious_leadership_jurisdiction] pdf	4
[religion.religious_leadership_jurisdiction] new york	4
[religion.religious_leadership_jurisdiction] multi academy trust	4
[religion.religious_leadership_jurisdiction] louisiana	4
[religion.religious_leadership_jurisdiction] list	4
[religion.religious_leadership_jurisdiction] foundation	4
[religion.religious_leadership_jurisdiction] flickr	4
[religion.religious_leadership_jurisdiction] facts	4
[religion.religious_leadership_jurisdiction] cursillo	4
[religion.religious_leadership_jurisdiction] contact	4
[religion.religious_leadership_jurisdiction] california	4
[religion.religious_leadership_jurisdiction] ca	4
[religion.religious_leadership_jurisdiction] bishop search	4
[religion.religious_leadership_jurisdiction] academies trust	4
united [religion.religious_leadership_jurisdiction]	3
trustees of the roman catholic church [religion.religious_leadership_jurisdiction]	3
roman catholic [religion.religious_leadership_jurisdiction]	3
new [religion.religious_leadership_jurisdiction]	3
church of ireland [religion.religious_leadership_jurisdiction]	3
[religion.religious_leadership_jurisdiction] texas	3
[religion.religious_leadership_jurisdiction] state	3
[religion.religious_leadership_jurisdiction] religion	3
[religion.religious_leadership_jurisdiction] pennsylvania	3
[religion.religious_leadership_jurisdiction] oregon	3
[religion.religious_leadership_jurisdiction] nsw	3
[religion.religious_leadership_jurisdiction] new jersey	3
[religion.religious_leadership_jurisdiction] mi	3
[religion.religious_leadership_jurisdiction] mat	3
[religion.religious_leadership_jurisdiction] mass times	3
[religion.religious_leadership_jurisdiction] london	3
[religion.religious_leadership_jurisdiction] league	3
[religion.religious_leadership_jurisdiction] lawsuit	3
[religion.religious_leadership_jurisdiction] language	3
[religion.religious_leadership_jurisdiction] ky	3
[religion.religious_leadership_jurisdiction] jamaica	3
[religion.religious_leadership_jurisdiction] happening	3
[religion.religious_leadership_jurisdiction] football	3
[religion.religious_leadership_jurisdiction] definition	3
[religion.religious_leadership_jurisdiction] currency	3
[religion.religious_leadership_jurisdiction] council	3
[religion.religious_leadership_jurisdiction] clergy directory	3
[religion.religious_leadership_jurisdiction] clergy compensation	3
[religion.religious_leadership_jurisdiction] canada	3
[religion.religious_leadership_jurisdiction] bishop election	3
[religion.religious_leadership_jurisdiction] beaches	3
[religion.religious_leadership_jurisdiction] beach	3
[religion.religious_leadership_jurisdiction] bc	3
[religion.religious_leadership_jurisdiction] barbados	3
[religion.religious_leadership_jurisdiction] annual council	3
[religion.religious_leadership_jurisdiction] alaska	3
[religion.religious_leadership_jurisdiction] airport code	3
titular [religion.religious_leadership_jurisdiction]	2
the roman catholic trusts corporation [religion.religious_leadership_jurisdiction]	2
roman catholic episcopal corporation [religion.religious_leadership_jurisdiction]	2
roman catholic church [religion.religious_leadership_jurisdiction]	2
old [religion.religious_leadership_jurisdiction]	2
mpk [religion.religious_leadership_jurisdiction]	2
history of the [religion.religious_leadership_jurisdiction]	2
foundation of the [religion.religious_leadership_jurisdiction]	2
cursillo [religion.religious_leadership_jurisdiction]	2
catholic charities of the [religion.religious_leadership_jurisdiction]	2
cardinal [religion.religious_leadership_jurisdiction]	2
canons of the [religion.religious_leadership_jurisdiction]	2
anglican [religion.religious_leadership_jurisdiction]	2
[religion.religious_leadership_jurisdiction]i	2
[religion.religious_leadership_jurisdiction] washington	2
[religion.religious_leadership_jurisdiction] vocations	2
[religion.religious_leadership_jurisdiction] vision	2
[religion.religious_leadership_jurisdiction] virginia	2
[religion.religious_leadership_jurisdiction] united kingdom	2
[religion.religious_leadership_jurisdiction] tv guide	2
[religion.religious_leadership_jurisdiction] tourism	2
[religion.religious_leadership_jurisdiction] thy kingdom come	2
[religion.religious_leadership_jurisdiction] things to do	2
[religion.religious_leadership_jurisdiction] standing committee	2
[religion.religious_leadership_jurisdiction] split	2
[religion.religious_leadership_jurisdiction] seminary	2
[religion.religious_leadership_jurisdiction] sd	2
[religion.religious_leadership_jurisdiction] scholarships	2
[religion.religious_leadership_jurisdiction] safeguarding policy	2
[religion.religious_leadership_jurisdiction] rugby	2
[religion.religious_leadership_jurisdiction] restaurants	2
[religion.religious_leadership_jurisdiction] property for sale	2
[religion.religious_leadership_jurisdiction] professional standards	2
[religion.religious_leadership_jurisdiction] priests	2
[religion.religious_leadership_jurisdiction] priest assignments	2
[religion.religious_leadership_jurisdiction] prayer diary	2
[religion.religious_leadership_jurisdiction] poonamallee	2
[religion.religious_leadership_jurisdiction] planning	2
[religion.religious_leadership_jurisdiction] pension plan	2
[religion.religious_leadership_jurisdiction] parish	2
[religion.religious_leadership_jurisdiction] online	2
[religion.religious_leadership_jurisdiction] office	2
[religion.religious_leadership_jurisdiction] of phoenix	2
[religion.religious_leadership_jurisdiction] nv	2
[religion.religious_leadership_jurisdiction] ns	2
[religion.religious_leadership_jurisdiction] nm	2
[religion.religious_leadership_jurisdiction] new zealand	2
[religion.religious_leadership_jurisdiction] new mexico	2
[religion.religious_leadership_jurisdiction] museum	2
[religion.religious_leadership_jurisdiction] ms	2
[religion.religious_leadership_jurisdiction] montreal québec	2
[religion.religious_leadership_jurisdiction] meaning	2
[religion.religious_leadership_jurisdiction] location	2
[religion.religious_leadership_jurisdiction] linkedin	2
[religion.religious_leadership_jurisdiction] kentucky	2
[religion.religious_leadership_jurisdiction] kansas	2
[religion.religious_leadership_jurisdiction] illinois	2
[religion.religious_leadership_jurisdiction] il	2
[religion.religious_leadership_jurisdiction] hotel	2
[religion.religious_leadership_jurisdiction] holidays	2
[religion.religious_leadership_jurisdiction] handbook	2
[religion.religious_leadership_jurisdiction] gym	2
[religion.religious_leadership_jurisdiction] gay	2
[religion.religious_leadership_jurisdiction] gaa	2
[religion.religious_leadership_jurisdiction] france	2
[religion.religious_leadership_jurisdiction] find a person	2
[religion.religious_leadership_jurisdiction] fees	2
[religion.religious_leadership_jurisdiction] fall	2
[religion.religious_leadership_jurisdiction] ct	2
[religion.religious_leadership_jurisdiction] credit union	2
[religion.religious_leadership_jurisdiction] council tax	2
[religion.religious_leadership_jurisdiction] council jobs	2
[religion.religious_leadership_jurisdiction] convention 2015	2
[religion.religious_leadership_jurisdiction] contact number	2
[religion.religious_leadership_jurisdiction] colorado	2
[religion.religious_leadership_jurisdiction] college	2
[religion.religious_leadership_jurisdiction] collective worship	2
[religion.religious_leadership_jurisdiction] co	2
[religion.religious_leadership_jurisdiction] clergy conference	2
[religion.religious_leadership_jurisdiction] catholic	2
[religion.religious_leadership_jurisdiction] castle	2
[religion.religious_leadership_jurisdiction] capital	2
[religion.religious_leadership_jurisdiction] bookstore	2
[religion.religious_leadership_jurisdiction] bookshop	2
[religion.religious_leadership_jurisdiction] beliefs	2
[religion.religious_leadership_jurisdiction] austria	2
[religion.religious_leadership_jurisdiction] army	2
[religion.religious_leadership_jurisdiction] architecture	2
[religion.religious_leadership_jurisdiction] alabama	2
[religion.religious_leadership_jurisdiction] ak	2
[religion.religious_leadership_jurisdiction] airport parking	2
[religion.religious_leadership_jurisdiction] achievements	2
[religion.religious_leadership_jurisdiction] accommodation	2
• anglican synod [religion.religious_leadership_jurisdiction]	1
zus [religion.religious_leadership_jurisdiction]	1
zoo [religion.religious_leadership_jurisdiction]	1
www [religion.religious_leadership_jurisdiction] org uk	1
weather [religion.religious_leadership_jurisdiction]	1
walter grundorf [religion.religious_leadership_jurisdiction]	1
view of the [religion.religious_leadership_jurisdiction]	1
trustees of the roman catholic church [religion.religious_leadership_jurisdiction] v barnes	1
trustees of the [religion.religious_leadership_jurisdiction]	1
trinity center of the [religion.religious_leadership_jurisdiction]	1
titular [religion.religious_leadership_jurisdiction] v. menteri dalam negeri	1
titular [religion.religious_leadership_jurisdiction] address	1
tiger [religion.religious_leadership_jurisdiction]	1
the record [religion.religious_leadership_jurisdiction]	1
the [religion.religious_leadership_jurisdiction] wi	1
the [religion.religious_leadership_jurisdiction] providence ri	1
the [religion.religious_leadership_jurisdiction] non-teaching eba 2012	1
the [religion.religious_leadership_jurisdiction] jobs	1
the [religion.religious_leadership_jurisdiction] inc	1
the [religion.religious_leadership_jurisdiction] corporation sole	1
the [religion.religious_leadership_jurisdiction] a corporation sole	1
the [religion.religious_leadership_jurisdiction]	1
tarnow [religion.religious_leadership_jurisdiction] books	1
st. catherine's [religion.religious_leadership_jurisdiction]	1
st catherine's [religion.religious_leadership_jurisdiction]	1
sec [religion.religious_leadership_jurisdiction]	1
scottish episcopal church [religion.religious_leadership_jurisdiction]	1
safe ministry [religion.religious_leadership_jurisdiction]	1
sacramental records of the roman catholic church [religion.religious_leadership_jurisdiction]	1
royal north shore [religion.religious_leadership_jurisdiction] australia	1
roman catholic trusts corporation [religion.religious_leadership_jurisdiction]	1
roman catholic trust [religion.religious_leadership_jurisdiction]	1
roman catholic church trustees [religion.religious_leadership_jurisdiction] v hadba (2005)	1
roman catholic church trust corporation [religion.religious_leadership_jurisdiction]	1
roman catholic church [religion.religious_leadership_jurisdiction] as trustees for catholic care	1
roman catholic cemeteries [religion.religious_leadership_jurisdiction]	1
roman catholic [religion.religious_leadership_jurisdiction] of syracuse	1
roman catholic [religion.religious_leadership_jurisdiction] of orange	1
roman catholic [religion.religious_leadership_jurisdiction] of burlington	1
roman catholic [religion.religious_leadership_jurisdiction] of brooklyn	1
roman catholic [religion.religious_leadership_jurisdiction] of boise	1
roman catholic [religion.religious_leadership_jurisdiction] of albany	1
roman catholic [religion.religious_leadership_jurisdiction] norway	1
rightmove [religion.religious_leadership_jurisdiction]	1
rc [religion.religious_leadership_jurisdiction] and orkney	1
rc [religion.religious_leadership_jurisdiction]	1
pwr [religion.religious_leadership_jurisdiction]	1
promenady [religion.religious_leadership_jurisdiction]	1
posum [religion.religious_leadership_jurisdiction]	1
portofino serviced apartments berry street [religion.religious_leadership_jurisdiction]	1
porth v [religion.religious_leadership_jurisdiction]	1
pogoda [religion.religious_leadership_jurisdiction]	1
peter slipper [religion.religious_leadership_jurisdiction]	1
oceanarium [religion.religious_leadership_jurisdiction]	1
obi [religion.religious_leadership_jurisdiction]	1
north shore hotel [religion.religious_leadership_jurisdiction]	1
muzeum mazowieckie w [religion.religious_leadership_jurisdiction]	1
michel sabbah the [religion.religious_leadership_jurisdiction]	1
methodist [religion.religious_leadership_jurisdiction] missionary society	1
maga v [religion.religious_leadership_jurisdiction]	1
list of the bishops of the [religion.religious_leadership_jurisdiction]	1
list of closed schools in the [religion.religious_leadership_jurisdiction]	1
list of churches in the [religion.religious_leadership_jurisdiction]	1
lismore blackwater [religion.religious_leadership_jurisdiction]	1
lismore [religion.religious_leadership_jurisdiction]	1
john richardson [religion.religious_leadership_jurisdiction]	1
humanitarian [religion.religious_leadership_jurisdiction]	1
hotels in [religion.religious_leadership_jurisdiction]	1
hotels [religion.religious_leadership_jurisdiction]	1
hotel jasek [religion.religious_leadership_jurisdiction]	1
hotel andersia [religion.religious_leadership_jurisdiction]	1
history of [religion.religious_leadership_jurisdiction]	1
helen may [religion.religious_leadership_jurisdiction]	1
heartshare human services of ny [religion.religious_leadership_jurisdiction]	1
gazeta [religion.religious_leadership_jurisdiction]	1
galeria mm [religion.religious_leadership_jurisdiction]	1
fyi [religion.religious_leadership_jurisdiction]	1
friends supporting the [religion.religious_leadership_jurisdiction]	1
friends of the [religion.religious_leadership_jurisdiction]	1
foundation [religion.religious_leadership_jurisdiction]	1
fort william [religion.religious_leadership_jurisdiction]	1
first bishop of the [religion.religious_leadership_jurisdiction]	1
esgobaeth llanelwy [religion.religious_leadership_jurisdiction]	1
episcopal school for [religion.religious_leadership_jurisdiction]	1
episcopal community services of [religion.religious_leadership_jurisdiction]	1
episcopal [religion.religious_leadership_jurisdiction]	1
enea [religion.religious_leadership_jurisdiction]	1
dominican sisters [religion.religious_leadership_jurisdiction]	1
diocese of the [religion.religious_leadership_jurisdiction]	1
diocesan food service [religion.religious_leadership_jurisdiction] inc	1
derby [religion.religious_leadership_jurisdiction] trust	1
derby [religion.religious_leadership_jurisdiction]	1
david kerr [religion.religious_leadership_jurisdiction]	1
david [religion.religious_leadership_jurisdiction] wales	1
cycle of prayer [religion.religious_leadership_jurisdiction]	1
counseling service of the [religion.religious_leadership_jurisdiction]	1
corporation of the trustees of the [religion.religious_leadership_jurisdiction]	1
cordis [religion.religious_leadership_jurisdiction]	1
continuing [religion.religious_leadership_jurisdiction]	1
consecration of [religion.religious_leadership_jurisdiction]	1
churches in the [religion.religious_leadership_jurisdiction]	1
church of england [religion.religious_leadership_jurisdiction]	1
christian methodist [religion.religious_leadership_jurisdiction] missionary society	1
charities of the [religion.religious_leadership_jurisdiction]	1
chancery office [religion.religious_leadership_jurisdiction] voice only	1
certus [religion.religious_leadership_jurisdiction]	1
catholic cemeteries of the [religion.religious_leadership_jurisdiction] inc	1
catholic cemeteries of the [religion.religious_leadership_jurisdiction]	1
catholic [religion.religious_leadership_jurisdiction] denmark	1
cathedral of christ the light [religion.religious_leadership_jurisdiction]	1
cardinal christoph schonborn [religion.religious_leadership_jurisdiction]	1
cana [religion.religious_leadership_jurisdiction]	1
camp washington [religion.religious_leadership_jurisdiction]	1
camp cross [religion.religious_leadership_jurisdiction]	1
camp capers [religion.religious_leadership_jurisdiction]	1
bulgarian diocese of the [religion.religious_leadership_jurisdiction]	1
bohnert v. [religion.religious_leadership_jurisdiction]	1
bielany [religion.religious_leadership_jurisdiction] 82awskie	1
bentley v. anglican synod [religion.religious_leadership_jurisdiction]	1
asia pacific international college [religion.religious_leadership_jurisdiction] australia	1
arch[religion.religious_leadership_jurisdiction]	1
anglican synod [religion.religious_leadership_jurisdiction] vancouver	1
anglican cathedral [religion.religious_leadership_jurisdiction] ballarat	1
anglican [religion.religious_leadership_jurisdiction] southeast asia	1
amadeus [religion.religious_leadership_jurisdiction]	1
afrykarium [religion.religious_leadership_jurisdiction]	1
african methodist [religion.religious_leadership_jurisdiction] missionary society	1
adoration chapel at [religion.religious_leadership_jurisdiction]	1
a v [religion.religious_leadership_jurisdiction]	1
a parish of the [religion.religious_leadership_jurisdiction] angeles ca	1
[religion.religious_leadership_jurisdiction]yard tour	1
[religion.religious_leadership_jurisdiction]yard tom riddle	1
[religion.religious_leadership_jurisdiction]yard map	1
[religion.religious_leadership_jurisdiction]yard haunted	1
[religion.religious_leadership_jurisdiction]yard harry potter map	1
[religion.religious_leadership_jurisdiction]yard harry potter	1
[religion.religious_leadership_jurisdiction]yard ghost	1
[religion.religious_leadership_jurisdiction]yard	1
[religion.religious_leadership_jurisdiction]ya	1
[religion.religious_leadership_jurisdiction]y's theorem	1
[religion.religious_leadership_jurisdiction]y's pizza coupons	1
[religion.religious_leadership_jurisdiction]y's	1
[religion.religious_leadership_jurisdiction]y moment	1
[religion.religious_leadership_jurisdiction]y matrix	1
[religion.religious_leadership_jurisdiction]y hull	1
[religion.religious_leadership_jurisdiction]y equation	1
[religion.religious_leadership_jurisdiction]y decomposition	1
[religion.religious_leadership_jurisdiction]y	1
[religion.religious_leadership_jurisdiction]weiler	1
[religion.religious_leadership_jurisdiction]trans	1
[religion.religious_leadership_jurisdiction]town	1
[religion.religious_leadership_jurisdiction]shire west riding	1
[religion.religious_leadership_jurisdiction]shire north and east ridings	1
[religion.religious_leadership_jurisdiction]shire and the dales	1
[religion.religious_leadership_jurisdiction]shire	1
[religion.religious_leadership_jurisdiction]s worktops	1
[religion.religious_leadership_jurisdiction]s price list	1
[religion.religious_leadership_jurisdiction]s ma	1
[religion.religious_leadership_jurisdiction]s kitchen doors	1
[religion.religious_leadership_jurisdiction]s flooring	1
[religion.religious_leadership_jurisdiction]s external doors	1
[religion.religious_leadership_jurisdiction]s doors	1
[religion.religious_leadership_jurisdiction]s door handles	1
[religion.religious_leadership_jurisdiction]s bathrooms	1
[religion.religious_leadership_jurisdiction]s	1
[religion.religious_leadership_jurisdiction]pest weather	1
[religion.religious_leadership_jurisdiction]pest song	1
[religion.religious_leadership_jurisdiction]pest lyrics	1
[religion.religious_leadership_jurisdiction]pest hotels	1
[religion.religious_leadership_jurisdiction]pest currency	1
[religion.religious_leadership_jurisdiction]pest baths	1
[religion.religious_leadership_jurisdiction]pest airport	1
[religion.religious_leadership_jurisdiction]pest	1
[religion.religious_leadership_jurisdiction]off theater	1
[religion.religious_leadership_jurisdiction]obakter	1
[religion.religious_leadership_jurisdiction]n women	1
[religion.religious_leadership_jurisdiction]n to english	1
[religion.religious_leadership_jurisdiction]n people	1
[religion.religious_leadership_jurisdiction]n language	1
[religion.religious_leadership_jurisdiction]n flag	1
[religion.religious_leadership_jurisdiction]laka	1
[religion.religious_leadership_jurisdiction]ites	1
[religion.religious_leadership_jurisdiction]ischer volksfreund	1
[religion.religious_leadership_jurisdiction]in cat	1
[religion.religious_leadership_jurisdiction]ian	1
[religion.religious_leadership_jurisdiction]i women	1
[religion.religious_leadership_jurisdiction]gham illinois	1
[religion.religious_leadership_jurisdiction]gham il	1
[religion.religious_leadership_jurisdiction]gham county schools	1
[religion.religious_leadership_jurisdiction]gham county jail	1
[religion.religious_leadership_jurisdiction]gham county	1
[religion.religious_leadership_jurisdiction]gham	1
[religion.religious_leadership_jurisdiction]g worms	1
[religion.religious_leadership_jurisdiction]g meaning	1
[religion.religious_leadership_jurisdiction]g	1
[religion.religious_leadership_jurisdiction]ey woods	1
[religion.religious_leadership_jurisdiction]ey dolmen	1
[religion.religious_leadership_jurisdiction]ey	1
[religion.religious_leadership_jurisdiction]es disease	1
[religion.religious_leadership_jurisdiction]ern united states apa	1
[religion.religious_leadership_jurisdiction]ern united states anglican	1
[religion.religious_leadership_jurisdiction]ern orthodox church crossword	1
[religion.religious_leadership_jurisdiction]ern orthodox church	1
[religion.religious_leadership_jurisdiction]ern christian church crossword	1
[religion.religious_leadership_jurisdiction]ern christian church	1
[religion.religious_leadership_jurisdiction]d	1
[religion.religious_leadership_jurisdiction]celona	1
[religion.religious_leadership_jurisdiction]aya	1
[religion.religious_leadership_jurisdiction]attebesked	1
[religion.religious_leadership_jurisdiction]an rda	1
[religion.religious_leadership_jurisdiction]an kahulugan	1
[religion.religious_leadership_jurisdiction]an for sale	1
[religion.religious_leadership_jurisdiction]an	1
[religion.religious_leadership_jurisdiction]a	1
[religion.religious_leadership_jurisdiction] zip code	1
[religion.religious_leadership_jurisdiction] yukon	1
[religion.religious_leadership_jurisdiction] youth facebook	1
[religion.religious_leadership_jurisdiction] york	1
[religion.religious_leadership_jurisdiction] wyoming	1
[religion.religious_leadership_jurisdiction] ww1	1
[religion.religious_leadership_jurisdiction] wv	1
[religion.religious_leadership_jurisdiction] works	1
[religion.religious_leadership_jurisdiction] women	1
[religion.religious_leadership_jurisdiction] wisconsin	1
[religion.religious_leadership_jurisdiction] windsor	1
[religion.religious_leadership_jurisdiction] wilmington nc	1
[religion.religious_leadership_jurisdiction] wild	1
[religion.religious_leadership_jurisdiction] wi	1
[religion.religious_leadership_jurisdiction] whispers	1
[religion.religious_leadership_jurisdiction] wetter	1
[religion.religious_leadership_jurisdiction] western rite vicariate	1
[religion.religious_leadership_jurisdiction] western rite	1
[religion.religious_leadership_jurisdiction] wendover	1
[religion.religious_leadership_jurisdiction] wedding videos	1
[religion.religious_leadership_jurisdiction] wedding songs	1
[religion.religious_leadership_jurisdiction] wedding	1
[religion.religious_leadership_jurisdiction] webmail	1
[religion.religious_leadership_jurisdiction] watertown ny	1
[religion.religious_leadership_jurisdiction] watertown	1
[religion.religious_leadership_jurisdiction] waterfalls	1
[religion.religious_leadership_jurisdiction] water	1
[religion.religious_leadership_jurisdiction] wardrobe	1
[religion.religious_leadership_jurisdiction] war	1
[religion.religious_leadership_jurisdiction] wales	1
[religion.religious_leadership_jurisdiction] wa	1
[religion.religious_leadership_jurisdiction] vs. ssc	1
[religion.religious_leadership_jurisdiction] vs. collector	1
[religion.religious_leadership_jurisdiction] vs ssc digest	1
[religion.religious_leadership_jurisdiction] vs sassanid empire	1
[religion.religious_leadership_jurisdiction] vs rosario	1
[religion.religious_leadership_jurisdiction] vs roman empire	1
[religion.religious_leadership_jurisdiction] vs chile	1
[religion.religious_leadership_jurisdiction] vs ca digest	1
[religion.religious_leadership_jurisdiction] vs ca	1
[religion.religious_leadership_jurisdiction] vs brazil	1
[religion.religious_leadership_jurisdiction] voice	1
[religion.religious_leadership_jurisdiction] vision prayer	1
[religion.religious_leadership_jurisdiction] vision 2026	1
[religion.religious_leadership_jurisdiction] visa	1
[religion.religious_leadership_jurisdiction] virgin islands	1
[religion.religious_leadership_jurisdiction] village hall	1
[religion.religious_leadership_jurisdiction] village	1
[religion.religious_leadership_jurisdiction] vikings	1
[religion.religious_leadership_jurisdiction] vicar general	1
[religion.religious_leadership_jurisdiction] vic	1
[religion.religious_leadership_jurisdiction] venice	1
[religion.religious_leadership_jurisdiction] vaughan house	1
[religion.religious_leadership_jurisdiction] vatican	1
[religion.religious_leadership_jurisdiction] vancouver bc	1
[religion.religious_leadership_jurisdiction] vacant parishes	1
[religion.religious_leadership_jurisdiction] v. sheffield	1
[religion.religious_leadership_jurisdiction] v. sebelius	1
[religion.religious_leadership_jurisdiction] v national union	1
[religion.religious_leadership_jurisdiction] v lawlor summary	1
[religion.religious_leadership_jurisdiction] v lawlor	1
[religion.religious_leadership_jurisdiction] united	1
[religion.religious_leadership_jurisdiction] unitary development plan	1
[religion.religious_leadership_jurisdiction] under archbishop anthony of san francisco	1
[religion.religious_leadership_jurisdiction] u21	1
[religion.religious_leadership_jurisdiction] twins schedule	1
[religion.religious_leadership_jurisdiction] twins	1
[religion.religious_leadership_jurisdiction] trinidad	1
[religion.religious_leadership_jurisdiction] trenton nj	1
[religion.religious_leadership_jurisdiction] transition	1
[religion.religious_leadership_jurisdiction] training centre	1
[religion.religious_leadership_jurisdiction] train station	1
[religion.religious_leadership_jurisdiction] tractor	1
[religion.religious_leadership_jurisdiction] tower	1
[religion.religious_leadership_jurisdiction] tom riddle	1
[religion.religious_leadership_jurisdiction] tom burns	1
[religion.religious_leadership_jurisdiction] to seychelles	1
[religion.religious_leadership_jurisdiction] to ottawa	1
[religion.religious_leadership_jurisdiction] to london	1
[religion.religious_leadership_jurisdiction] to galway	1
[religion.religious_leadership_jurisdiction] to cape town	1
[religion.religious_leadership_jurisdiction] to berlin	1
[religion.religious_leadership_jurisdiction] to athlone	1
[religion.religious_leadership_jurisdiction] tn	1
[religion.religious_leadership_jurisdiction] timezone	1
[religion.religious_leadership_jurisdiction] time zones	1
[religion.religious_leadership_jurisdiction] thomman	1
[religion.religious_leadership_jurisdiction] thomas	1
[religion.religious_leadership_jurisdiction] the roman catholic church in	1
[religion.religious_leadership_jurisdiction] the month	1
[religion.religious_leadership_jurisdiction] the edge	1
[religion.religious_leadership_jurisdiction] tennessee	1
[religion.religious_leadership_jurisdiction] teachers enterprise bargaining agreement	1
[religion.religious_leadership_jurisdiction] syracuse ny	1
[religion.religious_leadership_jurisdiction] sydney	1
[religion.religious_leadership_jurisdiction] swimming pool	1
[religion.religious_leadership_jurisdiction] swimming	1
[religion.religious_leadership_jurisdiction] sweden	1
[religion.religious_leadership_jurisdiction] supply clergy	1
[religion.religious_leadership_jurisdiction] sunday max	1
[religion.religious_leadership_jurisdiction] summer spectacular 2017	1
[religion.religious_leadership_jurisdiction] summer chapels	1
[religion.religious_leadership_jurisdiction] sultans	1
[religion.religious_leadership_jurisdiction] subway map	1
[religion.religious_leadership_jurisdiction] strip	1
[religion.religious_leadership_jurisdiction] strategy	1
[religion.religious_leadership_jurisdiction] stool chart	1
[religion.religious_leadership_jurisdiction] stock exchange	1
[religion.religious_leadership_jurisdiction] stipend determination 27	1
[religion.religious_leadership_jurisdiction] statutory declaration of freedom	1
[religion.religious_leadership_jurisdiction] state fair	1
[religion.religious_leadership_jurisdiction] stallion	1
[religion.religious_leadership_jurisdiction] stainless steel	1
[religion.religious_leadership_jurisdiction] sri lanka	1
[religion.religious_leadership_jurisdiction] spiritual life center	1
[religion.religious_leadership_jurisdiction] spain	1
[religion.religious_leadership_jurisdiction] southwest florida	1
[religion.religious_leadership_jurisdiction] southern ohio	1
[religion.religious_leadership_jurisdiction] southern cross	1
[religion.religious_leadership_jurisdiction] southern africa	1
[religion.religious_leadership_jurisdiction] southeast florida	1
[religion.religious_leadership_jurisdiction] southeast asia	1
[religion.religious_leadership_jurisdiction] south carolina	1
[religion.religious_leadership_jurisdiction] songs	1
[religion.religious_leadership_jurisdiction] son of pope joan	1
[religion.religious_leadership_jurisdiction] social stress test	1
[religion.religious_leadership_jurisdiction] soccerway	1
[religion.religious_leadership_jurisdiction] soccer	1
[religion.religious_leadership_jurisdiction] sl4 1nj	1
[religion.religious_leadership_jurisdiction] singapore	1
[religion.religious_leadership_jurisdiction] shia	1
[religion.religious_leadership_jurisdiction] seven sacred spaces	1
[religion.religious_leadership_jurisdiction] screening in faith	1
[religion.religious_leadership_jurisdiction] scottish episcopal church	1
[religion.religious_leadership_jurisdiction] school holidays	1
[religion.religious_leadership_jurisdiction] school for ministry	1
[religion.religious_leadership_jurisdiction] scheme of work	1
[religion.religious_leadership_jurisdiction] scarecrow	1
[religion.religious_leadership_jurisdiction] savannah ga	1
[religion.religious_leadership_jurisdiction] savannah	1
[religion.religious_leadership_jurisdiction] sands country park	1
[religion.religious_leadership_jurisdiction] sands beach	1
[religion.religious_leadership_jurisdiction] sands	1
[religion.religious_leadership_jurisdiction] safe church	1
[religion.religious_leadership_jurisdiction] sacramento ca	1
[religion.religious_leadership_jurisdiction] saaq	1
[religion.religious_leadership_jurisdiction] russia	1
[religion.religious_leadership_jurisdiction] rulers	1
[religion.religious_leadership_jurisdiction] rule of life	1
[religion.religious_leadership_jurisdiction] roof tours	1
[religion.religious_leadership_jurisdiction] roman catholic	1
[religion.religious_leadership_jurisdiction] rock	1
[religion.religious_leadership_jurisdiction] roanoke va	1
[religion.religious_leadership_jurisdiction] richard inwood	1
[religion.religious_leadership_jurisdiction] richard atkinson	1
[religion.religious_leadership_jurisdiction] retreat center	1
[religion.religious_leadership_jurisdiction] restaurant	1
[religion.religious_leadership_jurisdiction] remuneration guidelines	1
[religion.religious_leadership_jurisdiction] refresh	1
[religion.religious_leadership_jurisdiction] real estate	1
[religion.religious_leadership_jurisdiction] re plans	1
[religion.religious_leadership_jurisdiction] quora	1
[religion.religious_leadership_jurisdiction] queenstown south africa	1
[religion.religious_leadership_jurisdiction] quarry	1
[religion.religious_leadership_jurisdiction] pub	1
[religion.religious_leadership_jurisdiction] province australia	1
[religion.religious_leadership_jurisdiction] property	1
[religion.religious_leadership_jurisdiction] pride 2017	1
[religion.religious_leadership_jurisdiction] pride	1
[religion.religious_leadership_jurisdiction] press office	1
[religion.religious_leadership_jurisdiction] pre cana	1
[religion.religious_leadership_jurisdiction] prayer calendar	1
[religion.religious_leadership_jurisdiction] pray daily	1
[religion.religious_leadership_jurisdiction] postcode	1
[religion.religious_leadership_jurisdiction] postal service	1
[religion.religious_leadership_jurisdiction] postal code	1
[religion.religious_leadership_jurisdiction] post office	1
[religion.religious_leadership_jurisdiction] post	1
[religion.religious_leadership_jurisdiction] portsmouth parishes	1
[religion.religious_leadership_jurisdiction] poonamallee chennai	1
[religion.religious_leadership_jurisdiction] polling station	1
[religion.religious_leadership_jurisdiction] police	1
[religion.religious_leadership_jurisdiction] place	1
[religion.religious_leadership_jurisdiction] pittsburgh pa	1
[religion.religious_leadership_jurisdiction] pier	1
[religion.religious_leadership_jurisdiction] pension trust	1
[religion.religious_leadership_jurisdiction] pension	1
[religion.religious_leadership_jurisdiction] pathram	1
[religion.religious_leadership_jurisdiction] pastoral center	1
[religion.religious_leadership_jurisdiction] pass	1
[religion.religious_leadership_jurisdiction] partnership program	1
[religion.religious_leadership_jurisdiction] parrish fl	1
[religion.religious_leadership_jurisdiction] parks	1
[religion.religious_leadership_jurisdiction] parking	1
[religion.religious_leadership_jurisdiction] parishes regulation canon	1
[religion.religious_leadership_jurisdiction] parish vacancies	1
[religion.religious_leadership_jurisdiction] parish portal	1
[religion.religious_leadership_jurisdiction] parish newsletter	1
[religion.religious_leadership_jurisdiction] parish directory	1
[religion.religious_leadership_jurisdiction] palin	1
[religion.religious_leadership_jurisdiction] palais de justice	1
[religion.religious_leadership_jurisdiction] orthodontics	1
[religion.religious_leadership_jurisdiction] organists training scheme	1
[religion.religious_leadership_jurisdiction] organ	1
[religion.religious_leadership_jurisdiction] ordinations 2017	1
[religion.religious_leadership_jurisdiction] ordinations	1
[religion.religious_leadership_jurisdiction] opening times	1
[religion.religious_leadership_jurisdiction] open clergy positions	1
[religion.religious_leadership_jurisdiction] online chapel	1
[religion.religious_leadership_jurisdiction] ohio	1
[religion.religious_leadership_jurisdiction] office of aids ministry	1
[religion.religious_leadership_jurisdiction] of tara	1
[religion.religious_leadership_jurisdiction] of st. gregory the illuminator	1
[religion.religious_leadership_jurisdiction] of san diego	1
[religion.religious_leadership_jurisdiction] of raleigh	1
[religion.religious_leadership_jurisdiction] of pittsburgh	1
[religion.religious_leadership_jurisdiction] of orlando	1
[religion.religious_leadership_jurisdiction] of origin	1
[religion.religious_leadership_jurisdiction] of fact	1
[religion.religious_leadership_jurisdiction] of cleveland	1
[religion.religious_leadership_jurisdiction] of calgary	1
[religion.religious_leadership_jurisdiction] of b.c	1
[religion.religious_leadership_jurisdiction] of austin	1
[religion.religious_leadership_jurisdiction] of arlington	1
[religion.religious_leadership_jurisdiction] odeon	1
[religion.religious_leadership_jurisdiction] observer	1
[religion.religious_leadership_jurisdiction] obituaries	1
[religion.religious_leadership_jurisdiction] nyc	1
[religion.religious_leadership_jurisdiction] now	1
[religion.religious_leadership_jurisdiction] novena	1
[religion.religious_leadership_jurisdiction] norway	1
[religion.religious_leadership_jurisdiction] northern ireland	1
[religion.religious_leadership_jurisdiction] nightlife	1
[religion.religious_leadership_jurisdiction] nigeria	1
[religion.religious_leadership_jurisdiction] nh	1
[religion.religious_leadership_jurisdiction] newspaper	1
[religion.religious_leadership_jurisdiction] newsletter	1
[religion.religious_leadership_jurisdiction] new york ny	1
[religion.religious_leadership_jurisdiction] new bishop	1
[religion.religious_leadership_jurisdiction] near me	1
[religion.religious_leadership_jurisdiction] ne jobs	1
[religion.religious_leadership_jurisdiction] nd	1
[religion.religious_leadership_jurisdiction] mustang island	1
[religion.religious_leadership_jurisdiction] music	1
[religion.religious_leadership_jurisdiction] multi-academy trust the	1
[religion.religious_leadership_jurisdiction] multi-academy trust	1
[religion.religious_leadership_jurisdiction] mothers union	1
[religion.religious_leadership_jurisdiction] more	1
[religion.religious_leadership_jurisdiction] moraglia	1
[religion.religious_leadership_jurisdiction] montreal montreal québec	1
[religion.religious_leadership_jurisdiction] mo	1
[religion.religious_leadership_jurisdiction] missionary work	1
[religion.religious_leadership_jurisdiction] missionary society	1
[religion.religious_leadership_jurisdiction] missionary community	1
[religion.religious_leadership_jurisdiction] mint	1
[religion.religious_leadership_jurisdiction] ministry conference 2017	1
[religion.religious_leadership_jurisdiction] minimum wage	1
[religion.religious_leadership_jurisdiction] milwaukee haiti project	1
[religion.religious_leadership_jurisdiction] mills	1
[religion.religious_leadership_jurisdiction] michigan cathedral	1
[religion.religious_leadership_jurisdiction] menu	1
[religion.religious_leadership_jurisdiction] memorial house	1
[religion.religious_leadership_jurisdiction] memorial application form	1
[religion.religious_leadership_jurisdiction] melbourne	1
[religion.religious_leadership_jurisdiction] medical sociology	1
[religion.religious_leadership_jurisdiction] medical centre	1
[religion.religious_leadership_jurisdiction] meath	1
[religion.religious_leadership_jurisdiction] measure 1980	1
[religion.religious_leadership_jurisdiction] matrimony	1
[religion.religious_leadership_jurisdiction] martyn neale	1
[religion.religious_leadership_jurisdiction] mart	1
[religion.religious_leadership_jurisdiction] marriage	1
[religion.religious_leadership_jurisdiction] marc andrus	1
[religion.religious_leadership_jurisdiction] mall	1
[religion.religious_leadership_jurisdiction] malaysia	1
[religion.religious_leadership_jurisdiction] maitland	1
[religion.religious_leadership_jurisdiction] maison a vendre	1
[religion.religious_leadership_jurisdiction] maine	1
[religion.religious_leadership_jurisdiction] lourdes pilgrimage	1
[religion.religious_leadership_jurisdiction] louis xi	1
[religion.religious_leadership_jurisdiction] little rock ar	1
[religion.religious_leadership_jurisdiction] library	1
[religion.religious_leadership_jurisdiction] leisure centre	1
[religion.religious_leadership_jurisdiction] lectionary	1
[religion.religious_leadership_jurisdiction] leaves	1
[religion.religious_leadership_jurisdiction] lay pension trust	1
[religion.religious_leadership_jurisdiction] latest news	1
[religion.religious_leadership_jurisdiction] las vegas nv	1
[religion.religious_leadership_jurisdiction] lakes	1
[religion.religious_leadership_jurisdiction] kolkata west bengal	1
[religion.religious_leadership_jurisdiction] kitchens	1
[religion.religious_leadership_jurisdiction] killarney	1
[religion.religious_leadership_jurisdiction] kenmare	1
[religion.religious_leadership_jurisdiction] kamloops bc	1
[religion.religious_leadership_jurisdiction] ka mandir	1
[religion.religious_leadership_jurisdiction] junior olympics	1
[religion.religious_leadership_jurisdiction] jamaica address	1
[religion.religious_leadership_jurisdiction] jackson ms	1
[religion.religious_leadership_jurisdiction] iz kamakawiwoʻole	1
[religion.religious_leadership_jurisdiction] ixl	1
[religion.religious_leadership_jurisdiction] italy	1
[religion.religious_leadership_jurisdiction] island	1
[religion.religious_leadership_jurisdiction] is my city	1
[religion.religious_leadership_jurisdiction] ireland hotels	1
[religion.religious_leadership_jurisdiction] iowa	1
[religion.religious_leadership_jurisdiction] international school	1
[religion.religious_leadership_jurisdiction] intercessions	1
[religion.religious_leadership_jurisdiction] insurance	1
[religion.religious_leadership_jurisdiction] inc	1
[religion.religious_leadership_jurisdiction] in urdu	1
[religion.religious_leadership_jurisdiction] in pakistan	1
[religion.religious_leadership_jurisdiction] in hindi	1
[religion.religious_leadership_jurisdiction] in egypt	1
[religion.religious_leadership_jurisdiction] human resources	1
[religion.religious_leadership_jurisdiction] hove	1
[religion.religious_leadership_jurisdiction] houses for sale	1
[religion.religious_leadership_jurisdiction] houghton	1
[religion.religious_leadership_jurisdiction] horse fair	1
[religion.religious_leadership_jurisdiction] hopital	1
[religion.religious_leadership_jurisdiction] honey creek	1
[religion.religious_leadership_jurisdiction] homosexuality	1
[religion.religious_leadership_jurisdiction] hippodrome	1
[religion.religious_leadership_jurisdiction] hillside house	1
[religion.religious_leadership_jurisdiction] herald	1
[religion.religious_leadership_jurisdiction] henry viii	1
[religion.religious_leadership_jurisdiction] health north sydney	1
[religion.religious_leadership_jurisdiction] hathaway stock price	1
[religion.religious_leadership_jurisdiction] hathaway stock	1
[religion.religious_leadership_jurisdiction] hathaway share price	1
[religion.religious_leadership_jurisdiction] hathaway	1
[religion.religious_leadership_jurisdiction] hall	1
[religion.religious_leadership_jurisdiction] haiti project	1
[religion.religious_leadership_jurisdiction] haiti	1
[religion.religious_leadership_jurisdiction] grooving	1
[religion.religious_leadership_jurisdiction] greenwich ny	1
[religion.religious_leadership_jurisdiction] greenway	1
[religion.religious_leadership_jurisdiction] green grants	1
[religion.religious_leadership_jurisdiction] grand rapids mi	1
[religion.religious_leadership_jurisdiction] golf club	1
[religion.religious_leadership_jurisdiction] golden age	1
[religion.religious_leadership_jurisdiction] glendale ca	1
[religion.religious_leadership_jurisdiction] gktoday	1
[religion.religious_leadership_jurisdiction] girls	1
[religion.religious_leadership_jurisdiction] georgia	1
[religion.religious_leadership_jurisdiction] geneva and fribourg	1
[religion.religious_leadership_jurisdiction] general hospital	1
[religion.religious_leadership_jurisdiction] genealogy	1
[religion.religious_leadership_jurisdiction] gay marriage	1
[religion.religious_leadership_jurisdiction] gardens	1
[religion.religious_leadership_jurisdiction] gaa twitter	1
[religion.religious_leadership_jurisdiction] gaa carlow	1
[religion.religious_leadership_jurisdiction] ga	1
[religion.religious_leadership_jurisdiction] furniture	1
[religion.religious_leadership_jurisdiction] from the field	1
[religion.religious_leadership_jurisdiction] fresno ca	1
[religion.religious_leadership_jurisdiction] foundation inc	1
[religion.religious_leadership_jurisdiction] fouad twal	1
[religion.religious_leadership_jurisdiction] forum	1
[religion.religious_leadership_jurisdiction] fort worth	1
[religion.religious_leadership_jurisdiction] ford	1
[religion.religious_leadership_jurisdiction] flower festivals	1
[religion.religious_leadership_jurisdiction] floor plan	1
[religion.religious_leadership_jurisdiction] fish and chips	1
[religion.religious_leadership_jurisdiction] fire	1
[religion.religious_leadership_jurisdiction] finance office	1
[religion.religious_leadership_jurisdiction] farmington avenue hartford ct	1
[religion.religious_leadership_jurisdiction] falls sd	1
[religion.religious_leadership_jurisdiction] faithworks	1
[religion.religious_leadership_jurisdiction] expansion	1
[religion.religious_leadership_jurisdiction] events	1
[religion.religious_leadership_jurisdiction] evensong	1
[religion.religious_leadership_jurisdiction] evangelist	1
[religion.religious_leadership_jurisdiction] europe africa	1
[religion.religious_leadership_jurisdiction] episcopal miami fl	1
[religion.religious_leadership_jurisdiction] episcopal church	1
[religion.religious_leadership_jurisdiction] environment commission	1
[religion.religious_leadership_jurisdiction] en anglais	1
[religion.religious_leadership_jurisdiction] employment opportunities	1
[religion.religious_leadership_jurisdiction] emploi	1
[religion.religious_leadership_jurisdiction] empire	1
[religion.religious_leadership_jurisdiction] email	1
[religion.religious_leadership_jurisdiction] eire	1
[religion.religious_leadership_jurisdiction] educational trust	1
[religion.religious_leadership_jurisdiction] educational system	1
[religion.religious_leadership_jurisdiction] education trust	1
[religion.religious_leadership_jurisdiction] education and academies trust	1
[religion.religious_leadership_jurisdiction] economy	1
[religion.religious_leadership_jurisdiction] eastern caribbean and aruba	1
[religion.religious_leadership_jurisdiction] eastern american diocese	1
[religion.religious_leadership_jurisdiction] eagle	1
[religion.religious_leadership_jurisdiction] e bulletin	1
[religion.religious_leadership_jurisdiction] dublin 2	1
[religion.religious_leadership_jurisdiction] dublin 11	1
[religion.religious_leadership_jurisdiction] dublin	1
[religion.religious_leadership_jurisdiction] direct	1
[religion.religious_leadership_jurisdiction] diocesan safeguarding training	1
[religion.religious_leadership_jurisdiction] diocesan safeguarding policy	1
[religion.religious_leadership_jurisdiction] diocesan handbook	1
[religion.religious_leadership_jurisdiction] diocesan appointments	1
[religion.religious_leadership_jurisdiction] diocesan	1
[religion.religious_leadership_jurisdiction] department of religious education	1
[religion.religious_leadership_jurisdiction] department of education	1
[religion.religious_leadership_jurisdiction] democracy	1
[religion.religious_leadership_jurisdiction] de la union	1
[religion.religious_leadership_jurisdiction] dc jobs	1
[religion.religious_leadership_jurisdiction] dc	1
[religion.religious_leadership_jurisdiction] day	1
[religion.religious_leadership_jurisdiction] dac	1
[religion.religious_leadership_jurisdiction] cycle of prayer	1
[religion.religious_leadership_jurisdiction] crystal cathedral	1
[religion.religious_leadership_jurisdiction] crown court	1
[religion.religious_leadership_jurisdiction] croeso	1
[religion.religious_leadership_jurisdiction] cricket	1
[religion.religious_leadership_jurisdiction] coychurch	1
[religion.religious_leadership_jurisdiction] course in christian studies	1
[religion.religious_leadership_jurisdiction] county nj	1
[religion.religious_leadership_jurisdiction] county council	1
[religion.religious_leadership_jurisdiction] country code	1
[religion.religious_leadership_jurisdiction] countries	1
[religion.religious_leadership_jurisdiction] cottages	1
[religion.religious_leadership_jurisdiction] coracle	1
[religion.religious_leadership_jurisdiction] convention 2017	1
[religion.religious_leadership_jurisdiction] contacts	1
[religion.religious_leadership_jurisdiction] constitution	1
[religion.religious_leadership_jurisdiction] constituency	1
[religion.religious_leadership_jurisdiction] consolidated trust act 1994	1
[religion.religious_leadership_jurisdiction] consolidated trust	1
[religion.religious_leadership_jurisdiction] consecration	1
[religion.religious_leadership_jurisdiction] connecticut	1
[religion.religious_leadership_jurisdiction] confirmation	1
[religion.religious_leadership_jurisdiction] conference	1
[religion.religious_leadership_jurisdiction] commission on ministry	1
[religion.religious_leadership_jurisdiction] commercials	1
[religion.religious_leadership_jurisdiction] comments	1
[religion.religious_leadership_jurisdiction] comings and goings	1
[religion.religious_leadership_jurisdiction] colony	1
[religion.religious_leadership_jurisdiction] colleges	1
[religion.religious_leadership_jurisdiction] coat of arms	1
[religion.religious_leadership_jurisdiction] coastal path	1
[religion.religious_leadership_jurisdiction] clergy in motion	1
[religion.religious_leadership_jurisdiction] clergy changes	1
[religion.religious_leadership_jurisdiction] city corporation	1
[religion.religious_leadership_jurisdiction] cinema	1
[religion.religious_leadership_jurisdiction] churches	1
[religion.religious_leadership_jurisdiction] church records	1
[religion.religious_leadership_jurisdiction] church house	1
[religion.religious_leadership_jurisdiction] choir	1
[religion.religious_leadership_jurisdiction] children's liturgy	1
[religion.religious_leadership_jurisdiction] chicago il 60610	1
[religion.religious_leadership_jurisdiction] chicago	1
[religion.religious_leadership_jurisdiction] charleston wv	1
[religion.religious_leadership_jurisdiction] charleston sc	1
[religion.religious_leadership_jurisdiction] chancellor's office	1
[religion.religious_leadership_jurisdiction] centacare	1
[religion.religious_leadership_jurisdiction] cemeteries	1
[religion.religious_leadership_jurisdiction] catholic schools	1
[religion.religious_leadership_jurisdiction] catholic church	1
[religion.religious_leadership_jurisdiction] carnival	1
[religion.religious_leadership_jurisdiction] canoe trip	1
[religion.religious_leadership_jurisdiction] cannons	1
[religion.religious_leadership_jurisdiction] camp weed	1
[religion.religious_leadership_jurisdiction] california convention	1
[religion.religious_leadership_jurisdiction] calendar	1
[religion.religious_leadership_jurisdiction] cafe	1
[religion.religious_leadership_jurisdiction] cabs	1
[religion.religious_leadership_jurisdiction] burned at the stake	1
[religion.religious_leadership_jurisdiction] bulletin	1
[religion.religious_leadership_jurisdiction] budapest	1
[religion.religious_leadership_jurisdiction] broken arrow ok	1
[religion.religious_leadership_jurisdiction] bristol	1
[religion.religious_leadership_jurisdiction] box hill vic	1
[religion.religious_leadership_jurisdiction] boston ma	1
[religion.religious_leadership_jurisdiction] boiled alive	1
[religion.religious_leadership_jurisdiction] board of education	1
[religion.religious_leadership_jurisdiction] board for social responsibility	1
[religion.religious_leadership_jurisdiction] blanket	1
[religion.religious_leadership_jurisdiction] bethlehem south africa	1
[religion.religious_leadership_jurisdiction] berserk	1
[religion.religious_leadership_jurisdiction] bells	1
[religion.religious_leadership_jurisdiction] basketball	1
[religion.religious_leadership_jurisdiction] bareilly	1
[religion.religious_leadership_jurisdiction] barcelona	1
[religion.religious_leadership_jurisdiction] barbara	1
[religion.religious_leadership_jurisdiction] baptism	1
[religion.religious_leadership_jurisdiction] bank	1
[religion.religious_leadership_jurisdiction] bangladesh	1
[religion.religious_leadership_jurisdiction] ballet	1
[religion.religious_leadership_jurisdiction] bakery	1
[religion.religious_leadership_jurisdiction] az	1
[religion.religious_leadership_jurisdiction] auxiliary bishops	1
[religion.religious_leadership_jurisdiction] austin office	1
[religion.religious_leadership_jurisdiction] assemblies	1
[religion.religious_leadership_jurisdiction] ashley sofa	1
[religion.religious_leadership_jurisdiction] arnoul	1
[religion.religious_leadership_jurisdiction] arizona	1
[religion.religious_leadership_jurisdiction] archdeacons	1
[religion.religious_leadership_jurisdiction] appointments	1
[religion.religious_leadership_jurisdiction] appartement a louer	1
[religion.religious_leadership_jurisdiction] apparition	1
[religion.religious_leadership_jurisdiction] ap world history	1
[religion.religious_leadership_jurisdiction] anglican	1
[religion.religious_leadership_jurisdiction] angeles california	1
[religion.religious_leadership_jurisdiction] and st andrews	1
[religion.religious_leadership_jurisdiction] and orkney	1
[religion.religious_leadership_jurisdiction] and newcastle	1
[religion.religious_leadership_jurisdiction] and lismore	1
[religion.religious_leadership_jurisdiction] and leeds	1
[religion.religious_leadership_jurisdiction] and hexham come and see	1
[religion.religious_leadership_jurisdiction] and hexham	1
[religion.religious_leadership_jurisdiction] and acna	1
[religion.religious_leadership_jurisdiction] anchorage	1
[religion.religious_leadership_jurisdiction] alberta	1
[religion.religious_leadership_jurisdiction] albany ny	1
[religion.religious_leadership_jurisdiction] airlines	1
[religion.religious_leadership_jurisdiction] air force	1
[religion.religious_leadership_jurisdiction] agreement	1
[religion.religious_leadership_jurisdiction] afc	1
[religion.religious_leadership_jurisdiction] adventure centre	1
[religion.religious_leadership_jurisdiction] accommodation and conference facilities	1
[religion.religious_leadership_jurisdiction] academy stabbing	1
[religion.religious_leadership_jurisdiction] academy chatham	1
[religion.religious_leadership_jurisdiction] academy	1
[religion.religious_leadership_jurisdiction] academies trust (flat)	1
[religion.religious_leadership_jurisdiction] academies	1
[religion.religious_leadership_jurisdiction] abuse	1
[religion.religious_leadership_jurisdiction] ab	1
[religion.religious_leadership_jurisdiction] a corporation sole	1
[religion.religious_leadership_jurisdiction] 2060	1
[religion.religious_leadership_jurisdiction] 2017	1
[religion.religious_leadership_jurisdiction] 2	1
[religion.religious_leadership_jurisdiction] 1953	1
[religion.religious_leadership_jurisdiction] 10k route	1
[religion.religious_leadership_jurisdiction] 10k	1
[religion.religious_leadership_jurisdiction] - login	1
[religion.religious_leadership_jurisdiction] + linkedin	1
[religion.religious_leadership_jurisdiction] + homosexuality	1
[religion.religious_leadership_jurisdiction] (diocese refugee unit)	1
[religion.religious_leadership_jurisdiction] (diocesan refugee unit)	1
[religion.religious_leadership_jurisdiction] (aquila)	1
[religion.religious_leadership_jurisdiction] & orkney facebook	1
