<dbpedia:Coca-Cola>	1218271
<dbpedia:Kombucha>	898654
<dbpedia:Coffee>	765551
<dbpedia:Tea>	631983
<dbpedia:Pepsi>	589653
<dbpedia:Vodka>	541965
<dbpedia:Whisky>	526288
<dbpedia:Kopi_Luwak>	499175
<dbpedia:Brandy>	472727
<dbpedia:Kefir>	466706
<dbpedia:Bourbon_whiskey>	465207
<dbpedia:Gin>	441784
<dbpedia:Fanta>	400891
<dbpedia:Tequila>	397974
<dbpedia:Scotch_whisky>	395316
<dbpedia:Wine>	386887
<dbpedia:Martini_(cocktail)>	386142
<dbpedia:Green_tea>	373740
<dbpedia:Matcha>	364875
<dbpedia:Moonshine>	358414
<dbpedia:Rum>	351050
<dbpedia:Espresso>	346866
<dbpedia:Mountain_Dew>	343936
<dbpedia:Distillation>	333954
<dbpedia:Dr_Pepper>	332154
<dbpedia:Cognac>	330934
<dbpedia:Guinness>	328290
<dbpedia:Old_Fashioned>	313130
<dbpedia:Soft_drink>	297343
<dbpedia:Carbonated_water>	281767
<dbpedia:Champagne>	277610
<dbpedia:Port_wine>	270769
<dbpedia:Long_Island_Iced_Tea>	251019
<dbpedia:Prosecco>	250880
<dbpedia:Moscow_mule>	249825
<dbpedia:Distilled_water>	242341
<dbpedia:Manhattan_(cocktail)>	241129
<dbpedia:Earl_Grey_tea>	240779
<dbpedia:Mojito>	239561
<dbpedia:Bloody_Mary_(cocktail)>	236230
<dbpedia:Tonic_water>	236138
<dbpedia:Triple_sec>	236109
<dbpedia:Margarita>	234509
<dbpedia:Cappuccino>	233459
<dbpedia:Root_beer>	233034
<dbpedia:Cider>	227753
<dbpedia:White_Russian_(cocktail)>	225148
<dbpedia:Energy_drink>	224778
<dbpedia:Oolong>	219771
<dbpedia:Pu-erh_tea>	219348
<dbpedia:Cocktail>	217994
<dbpedia:Monster_Energy>	211751
<dbpedia:Irn-Bru>	206394
<dbpedia:Negroni>	201761
<dbpedia:Horchata>	198950
<dbpedia:Soy_milk>	198026
<dbpedia:Buckfast_Tonic_Wine>	195861
<dbpedia:Latte>	190788
<dbpedia:Campari>	190694
<dbpedia:5-hour_Energy>	190417
<dbpedia:Mulled_wine>	189923
<dbpedia:Flat_white>	186828
<dbpedia:Diet_Coke>	185521
<dbpedia:Caipirinha>	179325
<dbpedia:Mimosa_(cocktail)>	172166
<dbpedia:Bacardi>	171356
<dbpedia:Amaretto>	168480
<dbpedia:Sangria>	168147
<dbpedia:Masala_chai>	167295
<dbpedia:Cosmopolitan_(cocktail)>	163598
<dbpedia:Almond_milk>	162700
<dbpedia:Vesper_(cocktail)>	162352
<dbpedia:Cointreau>	161582
<dbpedia:Kool-Aid>	160940
<dbpedia:Ginger_beer>	158746
<dbpedia:J%C3%A4germeister>	158464
<dbpedia:Sarsaparilla_(soft_drink)>	156816
<dbpedia:Liqueur>	152637
<dbpedia:Hot_toddy>	150448
<dbpedia:Sambuca>	149488
<dbpedia:Coconut_water>	146536
<dbpedia:Highball>	146390
<dbpedia:Limoncello>	145040
<dbpedia:Gin_and_tonic>	141974
<dbpedia:Turkish_coffee>	141338
<dbpedia:Daiquiri>	140818
<dbpedia:Screwdriver_(cocktail)>	140506
<dbpedia:Tom_Collins>	134804
<dbpedia:Mai_Tai>	133527
<dbpedia:Chartreuse_(liqueur)>	133174
<dbpedia:Lemonade>	132954
<dbpedia:Whiskey_sour>	132382
<dbpedia:White_tea>	128720
<dbpedia:Coconut_milk>	127981
<dbpedia:Lillet>	127477
<dbpedia:Shaken,_not_stirred>	126450
<dbpedia:Cold_brew>	126430
<dbpedia:Rye_whiskey>	125986
<dbpedia:Milo_(drink)>	125806
<dbpedia:Cola>	124699
<dbpedia:Irish_whiskey>	124680
<dbpedia:Cuba_Libre>	123685
<dbpedia:Ginger_ale>	122598
<dbpedia:Arnold_Palmer_(drink)>	120572
<dbpedia:Sparkling_wine>	120129
<dbpedia:Ovaltine>	119849
<dbpedia:Surge_(soft_drink)>	119787
<dbpedia:Fireball_Cinnamon_Whisky>	119762
<dbpedia:Kvass>	119030
<dbpedia:Sidecar_(cocktail)>	118758
<dbpedia:Pabst_Blue_Ribbon>	118755
<dbpedia:Baijiu>	118145
<dbpedia:Coca-Cola_Zero>	117612
<dbpedia:Singapore_Sling>	116391
<dbpedia:Sprite_(soft_drink)>	115604
<dbpedia:Apple_cider>	115469
<dbpedia:Mint_julep>	114471
<dbpedia:Sazerac>	114217
<dbpedia:RC_Cola>	112346
<dbpedia:Grand_Marnier>	111935
<dbpedia:Single_malt_whisky>	109251
<dbpedia:Gimlet_(cocktail)>	109169
<dbpedia:Darjeeling_tea>	109133
<dbpedia:Grog>	107095
<dbpedia:Black_Russian>	105661
<dbpedia:Pisco>	105658
<dbpedia:Chivas_Regal>	105651
<dbpedia:Bellini_(cocktail)>	105343
<dbpedia:Rakia>	104988
<dbpedia:Instant_coffee>	104057
<dbpedia:Rectified_spirit>	103785
<dbpedia:Sex_on_the_Beach>	103779
<dbpedia:Milkshake>	101897
<dbpedia:Tab_(soft_drink)>	99875
<dbpedia:Ramune>	99630
<dbpedia:Tequila_Sunrise_(cocktail)>	98785
<dbpedia:Islay_whisky>	97776
<dbpedia:B-52_(cocktail)>	97739
<dbpedia:Irish_Car_Bomb>	97211
<dbpedia:Arak_(drink)>	97209
<dbpedia:Irish_coffee>	97050
<dbpedia:Grey_Goose_(vodka)>	96650
<dbpedia:Aperol>	96641
<dbpedia:Caff%C3%A8_macchiato>	95482
<dbpedia:Juice>	94474
<dbpedia:IBA_Official_Cocktail>	93930
<dbpedia:Smoothie>	93713
<dbpedia:Orange_juice>	93223
<dbpedia:Lassi>	92991
<dbpedia:Assam_tea>	91773
<dbpedia:Seagram>	91703
<dbpedia:Drambuie>	90471
<dbpedia:Ristretto>	90077
<dbpedia:Faygo>	89905
<dbpedia:Absolut_Vodka>	89455
<dbpedia:Cortado>	88692
<dbpedia:Gay_Fuel>	88598
<dbpedia:Single_malt_Scotch>	88561
<dbpedia:Lucozade>	87757
<dbpedia:Pastis>	86494
<dbpedia:Tennessee_whiskey>	86136
<dbpedia:Pi%C3%B1a_colada>	85690
<dbpedia:Bacardi_151>	83963
<dbpedia:Hot_chocolate>	83692
<dbpedia:Caff%C3%A8_Americano>	81370
<dbpedia:Caesar_(cocktail)>	79326
<dbpedia:French_75_(cocktail)>	78277
<dbpedia:Ayran>	77056
<dbpedia:Boilermaker_(beer_cocktail)>	76999
<dbpedia:Iced_tea>	76737
<dbpedia:Fernet>	76697
<dbpedia:Kamikaze_(cocktail)>	76042
<dbpedia:Tea_leaf_grading>	75667
<dbpedia:Advocaat>	75482
<dbpedia:Sloe_gin>	74846
<dbpedia:Cacha%C3%A7a>	74384
<dbpedia:Moxie>	73689
<dbpedia:Sencha>	73467
<dbpedia:Lapsang_souchong>	71905
<dbpedia:Perry>	71689
<dbpedia:Canada_Dry>	71368
<dbpedia:Fizz_(cocktail)>	70282
<dbpedia:Japanese_whisky>	69875
<dbpedia:Latte_macchiato>	69144
<dbpedia:Tanqueray>	68873
<dbpedia:Must>	68593
<dbpedia:Pepsi_Max>	68219
<dbpedia:Canadian_whisky>	67842
<dbpedia:Amaro_(liqueur)>	66987
<dbpedia:Galliano_(liqueur)>	66901
<dbpedia:Rice_wine>	66635
<dbpedia:Wassail>	66161
<dbpedia:Pocari_Sweat>	66029
<dbpedia:Sports_drink>	65803
<dbpedia:Elderflower_cordial>	64746
<dbpedia:Disaronno>	64599
<dbpedia:Stolichnaya>	63398
<dbpedia:Old_Monk>	62936
<dbpedia:Americano_(cocktail)>	62145
<dbpedia:Tieguanyin>	62126
<dbpedia:Cuban_espresso>	61883
<dbpedia:Kir_(cocktail)>	60876
<dbpedia:Harvey_Wallbanger>	60692
<dbpedia:St._Germain_(liqueur)>	60240
<dbpedia:Colt_45_(malt_liquor)>	60071
<dbpedia:Rob_Roy_(cocktail)>	59096
<dbpedia:Affogato>	59065
<dbpedia:Krating_Daeng>	58849
<dbpedia:Lungo>	58572
<dbpedia:Black_and_Tan>	58540
<dbpedia:7_and_7>	58210
<dbpedia:Eau_de_vie>	57523
<dbpedia:Miller_Lite>	56564
<dbpedia:Gunpowder_tea>	56347
<dbpedia:Grass_jelly>	56248
<dbpedia:Grasshopper_(cocktail)>	56145
<dbpedia:Jamaican_Blue_Mountain_Coffee>	56062
<dbpedia:Longjing_tea>	55611
<dbpedia:Tab_Clear>	54217
<dbpedia:Hurricane_(cocktail)>	54070
<dbpedia:Sour_(cocktail)>	53677
<dbpedia:Vietnamese_iced_coffee>	53215
<dbpedia:International_availability_of_Fanta>	53053
<dbpedia:Zombie_(cocktail)>	52439
<dbpedia:Egg_cream>	52379
<dbpedia:Becherovka>	51569
<dbpedia:Newcastle_Brown_Ale>	51555
<dbpedia:Olde_English_800>	51293
<dbpedia:Sea_Breeze_(cocktail)>	50735
<dbpedia:Genmaicha>	50638
<dbpedia:Aviation_(cocktail)>	50547
<dbpedia:Fresca>	49814
<dbpedia:Amarula>	49284
<dbpedia:Pepsi_Blue>	48779
<dbpedia:Non-alcoholic_beverage>	48743
<dbpedia:Wine_cooler>	48434
<dbpedia:Pisco_Sour>	48398
<dbpedia:Mello_Yello>	47488
<dbpedia:Atole>	47139
<dbpedia:Brass_Monkey_(cocktail)>	47096
<dbpedia:Spritz_(alcoholic_beverage)>	46164
<dbpedia:Iced_coffee>	46050
<dbpedia:Redheaded_slut>	45440
<dbpedia:Apple_juice>	45189
<dbpedia:Inca_Kola>	45080
<dbpedia:Anisette>	44672
<dbpedia:Havana_Club>	44561
<dbpedia:Gibson_(cocktail)>	44283
<dbpedia:Aguas_frescas>	44186
<dbpedia:Vodka_martini>	44112
<dbpedia:Brandy_Alexander>	43742
<dbpedia:Appletini>	43605
<dbpedia:Da_Hong_Pao>	43549
<dbpedia:Orangina>	43427
<dbpedia:Budweiser_(Anheuser-Busch)>	43293
<dbpedia:Kalimotxo>	43165
<dbpedia:Red_Stripe>	42783
<dbpedia:Chrysanthemum_tea>	42065
<dbpedia:Champurrado>	42016
<dbpedia:White_coffee>	41888
<dbpedia:Corpse_Reviver>	41870
<dbpedia:Black_Velvet_(beer_cocktail)>	41832
<dbpedia:Boza>	41627
<dbpedia:Falooda>	41625
<dbpedia:Roasted_barley_tea>	41623
<dbpedia:Foster's_Lager>	41532
<dbpedia:Java_coffee>	41274
<dbpedia:Indian_filter_coffee>	41199
<dbpedia:Metaxa>	41178
<dbpedia:Shrub_(drink)>	41012
<dbpedia:Unicum>	40951
<dbpedia:Godfather_(cocktail)>	40736
<dbpedia:Nehi>	40617
<dbpedia:Vernors>	40361
<dbpedia:Dark_'N'_Stormy>	40341
<dbpedia:Cendol>	40097
<dbpedia:SunnyD>	40026
<dbpedia:Big_Red_(drink)>	39724
<dbpedia:Frapp%C3%A9_coffee>	39586
<dbpedia:Maker's_Mark>	39461
<dbpedia:Kona_coffee>	38635
<dbpedia:Spritzer>	38381
<dbpedia:John_Daly_(drink)>	38322
<dbpedia:Gyokuro>	38027
<dbpedia:%C5%BBubr%C3%B3wka>	37191
<dbpedia:Russian_Standard_(vodka)>	37024
<dbpedia:Caf%C3%A9_au_lait>	36254
<dbpedia:Sierra_Mist>	35955
<dbpedia:Shasta_(soft_drink)>	35942
<dbpedia:Squirt_(soft_drink)>	35676
<dbpedia:Coffee_substitute>	35558
<dbpedia:Victoria_Bitter>	35198
<dbpedia:Cranberry_juice>	34547
<dbpedia:Plant_milk>	34087
<dbpedia:Rumple_Minze>	34018
<dbpedia:Hpnotiq>	33979
<dbpedia:Gluten-free_beer>	33864
<dbpedia:Blue_Hawaii_(drink)>	33776
<dbpedia:Grapefruit_juice>	33634
<dbpedia:Beefeater_Gin>	33495
<dbpedia:Newfoundland_Screech>	33293
<dbpedia:Rice_milk>	33122
<dbpedia:Sake_bomb>	32884
<dbpedia:Stroh>	32870
<dbpedia:Blended_whiskey>	32637
<dbpedia:Grain_whisky>	32435
<dbpedia:Vault_(soft_drink)>	32423
<dbpedia:La_Croix_Sparkling_Water>	32422
<dbpedia:Hemp_milk>	32411
<dbpedia:Falernum>	32383
<dbpedia:Yuanyang_(drink)>	32291
<dbpedia:Bomb_shot>	32141
<dbpedia:Poit%C3%ADn>	31979
<dbpedia:Postum>	31518
<dbpedia:Corn_whiskey>	31496
<dbpedia:Four_Horsemen_(drink)>	31440
<dbpedia:Hojicha>	31293
<dbpedia:Estrella_Damm>	30999
<dbpedia:Alexander_(cocktail)>	30530
<dbpedia:SKYY_vodka>	30359
<dbpedia:Birch_sap>	30155
<dbpedia:Pink_Gin>	30108
<dbpedia:Pomace_brandy>	30001
<dbpedia:Barley_water>	29931
<dbpedia:Julmust>	29914
<dbpedia:Clearly_Canadian>	29870
<dbpedia:Cutty_Sark_(whisky)>	29786
<dbpedia:Ron_Zacapa_Centenario>	29586
<dbpedia:Kilkenny_(beer)>	29501
<dbpedia:Cocchi_Americano>	29338
<dbpedia:Cynar>	29311
<dbpedia:Bacardi_cocktail>	29144
<dbpedia:Stinger_(cocktail)>	28796
<dbpedia:Rum_ration>	28790
<dbpedia:The_Last_Word_(cocktail)>	28715
<dbpedia:Pog_(drink)>	28529
<dbpedia:Fruitopia>	27711
<dbpedia:Malibu_Rum>	27659
<dbpedia:Amaro_Averna>	27188
<dbpedia:Pomegranate_juice>	26668
<dbpedia:Doppio>	26544
<dbpedia:Pink_lady_(cocktail)>	26536
<dbpedia:Gin_Craze>	26374
<dbpedia:Vodka_Red_Bull>	26236
<dbpedia:Bournvita>	26074
<dbpedia:Riga_Black_Balsam>	26018
<dbpedia:Tango_(drink)>	25841
<dbpedia:Lynchburg_Lemonade>	25412
<dbpedia:Sun_Drop>	25350
<dbpedia:Black_drink>	24642
<dbpedia:Bitter_lemon>	24525
<dbpedia:Blue_Lagoon_(cocktail)>	24486
<dbpedia:Coffee_milk>	24294
<dbpedia:Strega_(liqueur)>	24255
<dbpedia:Mount_Gay_Rum>	24213
<dbpedia:Snowball_(cocktail)>	24145
<dbpedia:Three_Wise_Men_(cocktail)>	23995
<dbpedia:Orgasm_(cocktail)>	23859
<dbpedia:Red_eye_(drink)>	23847
<dbpedia:Flowering_tea>	23735
<dbpedia:Pussy_(energy_drink)>	23554
<dbpedia:Cement_Mixer_(drink)>	23516
<dbpedia:Dandelion_coffee>	23385
<dbpedia:Liqueur_coffee>	23382
<dbpedia:Old_Crow>	23131
<dbpedia:Old_Tom_Gin>	23120
<dbpedia:Tuaca>	23109
<dbpedia:Tinto_de_verano>	22692
<dbpedia:Burn_(energy_drink)>	22658
<dbpedia:100plus>	22596
<dbpedia:Slippery_nipple>	22004
<dbpedia:Wiener_Melange>	21814
<dbpedia:Painkiller_(cocktail)>	21735
<dbpedia:Kahwah>	21719
<dbpedia:Neutral_grain_spirit>	21646
<dbpedia:Cocaine_(drink)>	21639
<dbpedia:Tomato_juice>	21631
<dbpedia:Krupnik>	21596
<dbpedia:Caipiroska>	21272
<dbpedia:Beer_cocktail>	21215
<dbpedia:Bronx_(cocktail)>	21140
<dbpedia:Posset>	21062
<dbpedia:Bawls>	20948
<dbpedia:1800_Tequila>	20860
<dbpedia:Crystal_Light>	20453
<dbpedia:Bumbo>	20438
<dbpedia:Salty_dog_(cocktail)>	20226
<dbpedia:Soda_syphon>	20029
<dbpedia:Clover_Club_Cocktail>	20027
<dbpedia:Salmiakki_Koskenkorva>	20013
<dbpedia:Pirlo>	19930
<dbpedia:Buck's_Fizz_(cocktail)>	19908
<dbpedia:Hires_Root_Beer>	19875
<dbpedia:Skittle_Bomb>	19798
<dbpedia:Tequila_Slammer>	19738
<dbpedia:Lemon,_Lime_and_Bitters>	19733
<dbpedia:Plymouth_Gin>	19220
<dbpedia:Flaming_Doctor_Pepper>	19117
<dbpedia:Limca>	18805
<dbpedia:Coca-Cola_Orange>	18713
<dbpedia:French_Connection_(cocktail)>	18599
<dbpedia:Kukicha>	18522
<dbpedia:Old_Overholt>	18453
<dbpedia:Banta>	18352
<dbpedia:Alabama_Slammer>	18325
<dbpedia:Amaro_Montenegro>	18299
<dbpedia:Cactus_Cooler>	18243
<dbpedia:Fuzzy_navel>	18170
<dbpedia:Camp_Coffee>	18047
<dbpedia:Goldwasser>	17984
<dbpedia:Vodka_tonic>	17926
<dbpedia:Planter's_Punch>	17811
<dbpedia:Koskenkorva_Viina>	17723
<dbpedia:Diet_Rite>	17717
<dbpedia:Coca-Cola_C2>	17585
<dbpedia:Red_Horse_Beer>	17499
<dbpedia:Spezi>	17497
<dbpedia:Nilgiri_tea>	17416
<dbpedia:Blavod>	17033
<dbpedia:Rompope>	17001
<dbpedia:Pelinkovac>	16934
<dbpedia:Paradise_(cocktail)>	16915
<dbpedia:Bundaberg_Rum>	16856
<dbpedia:Keemun>	16768
<dbpedia:Ipoh_white_coffee>	16749
<dbpedia:Baihao_Yinzhen>	16664
<dbpedia:Calvados_(brandy)>	16419
<dbpedia:Cafe_mocha>	16350
<dbpedia:Flip_(cocktail)>	16194
<dbpedia:Lipovitan>	16154
<dbpedia:Blenheim_Ginger_Ale>	16144
<dbpedia:Tanduay>	16089
<dbpedia:J._Wray_and_Nephew_Ltd.>	16068
<dbpedia:Bay_Breeze>	16019
<dbpedia:Tom_and_Jerry_(mixed_drink)>	15978
<dbpedia:Svedka>	15965
<dbpedia:Kickapoo_Joy_Juice>	15918
<dbpedia:Espresso_con_panna>	15902
<dbpedia:Sprite_Zero>	15873
<dbpedia:Green_Spot_(whiskey)>	15738
<dbpedia:Blood_and_Sand_(cocktail)>	15691
<dbpedia:Bai_Mudan>	15530
<dbpedia:Jack_Rose_(cocktail)>	15504
<dbpedia:Ting_(soft_drink)>	15406
<dbpedia:Orange_soft_drink>	15369
<dbpedia:Limonana>	15296
<dbpedia:M-150_(energy_drink)>	14973
<dbpedia:Coca-Cola_Bl%C4%81K>	14956
<dbpedia:Bushwacker_(cocktail)>	14853
<dbpedia:Hanky-Panky_cocktail>	14522
<dbpedia:Single_pot_still_whiskey>	14500
<dbpedia:Bandung_(drink)>	14397
<dbpedia:Basil_Hayden's>	14363
<dbpedia:Rum_Swizzle>	14309
<dbpedia:Kapeng_barako>	14300
<dbpedia:Nalewka>	14264
<dbpedia:Purple_Rain_(drink)>	14220
<dbpedia:Apfelschorle>	14220
<dbpedia:Biluochun>	14180
<dbpedia:Sundowner_(drink)>	14140
<dbpedia:Borjomi_(water)>	14051
<dbpedia:Eagle_Rare>	13952
<dbpedia:Roasted_grain_beverage>	13906
<dbpedia:Apollinaris_(water)>	13861
<dbpedia:Bancha>	13822
<dbpedia:Cream_liqueur>	13796
<dbpedia:Rum_cake>	13795
<dbpedia:Olmeca_Tequila>	13497
<dbpedia:Sarsi_(drink)>	13482
<dbpedia:Pepsi_ONE>	13288
<dbpedia:Horse's_Neck>	13261
<dbpedia:Karsk>	13241
<dbpedia:Glayva>	13152
<dbpedia:Eristoff>	13051
<dbpedia:Inka_(beverage)>	12994
<dbpedia:Ale-8-One>	12953
<dbpedia:Hot_buttered_rum>	12909
<dbpedia:Golden_dream_(cocktail)>	12876
<dbpedia:Bicerin>	12783
<dbpedia:Cola_Cao>	12698
<dbpedia:Punsch>	12694
<dbpedia:Bacchus-F>	12617
<dbpedia:Brandy_Sour_(Cyprus)>	12566
<dbpedia:Creme_de_violette>	12508
<dbpedia:Murphy's_Irish_Stout>	12406
<dbpedia:Energy_shot>	12391
<dbpedia:Aqua_Velva_(cocktail)>	12371
<dbpedia:Huangshan_Maofeng>	11995
<dbpedia:Dianhong>	11935
<dbpedia:Green_River_(soft_drink)>	11876
<dbpedia:Amber_Moon>	11862
<dbpedia:IBC_Root_Beer>	11798
<dbpedia:Kuding>	11778
<dbpedia:English_whisky>	11767
<dbpedia:Incredible_Hulk_(cocktail)>	11747
<dbpedia:Deep_Eddy_Vodka_Distillery>	11706
<dbpedia:Diet_soda>	11701
<dbpedia:20th_Century_(cocktail)>	11624
<dbpedia:Limeade>	11535
<dbpedia:Single-origin_coffee>	11488
<dbpedia:Whisky_Mac>	11418
<dbpedia:Royal_Tru>	11406
<dbpedia:Porto_flip>	11388
<dbpedia:Booker's>	11237
<dbpedia:Pernod_Fils>	11231
<dbpedia:Nemiroff>	11228
<dbpedia:Alberta_Premium>	11218
<dbpedia:Appletiser>	11165
<dbpedia:Japanese_slipper>	11057
<dbpedia:Woo_Woo>	10974
<dbpedia:Blended_malt_whisky>	10953
<dbpedia:Blue_Sky_Beverage_Company>	10895
<dbpedia:South_Side_(cocktail)>	10892
<dbpedia:Human_breast_milk>	10859
<dbpedia:Nocino>	10837
<dbpedia:Ibarra_(chocolate)>	10832
<dbpedia:Mirto_(liqueur)>	10725
<dbpedia:Bacardi_Superior>	10697
<dbpedia:Solo_(Australian_soft_drink)>	10681
<dbpedia:Creme_Yvette>	10680
<dbpedia:Orange_Whip>	10649
<dbpedia:Urge_(soft_drink)>	10597
<dbpedia:Aguapanela>	10577
<dbpedia:U-Boot_(beer_cocktail)>	10541
<dbpedia:Monsooned_Malabar>	10522
<dbpedia:Milk_punch>	10444
<dbpedia:Mekhong_(spirit)>	10423
<dbpedia:Light_rum>	10410
<dbpedia:Putinka>	10302
<dbpedia:Ski_(soda)>	10299
<dbpedia:Rose_(cocktail)>	10254
<dbpedia:Agua_de_Valencia>	10208
<dbpedia:Vess>	10201
<dbpedia:Gerolsteiner_Brunnen>	10171
<dbpedia:Ramazzotti_(liqueur)>	10170
<dbpedia:Marocchino>	10158
<dbpedia:Bubble_Up>	10129
<dbpedia:Caff%C3%A8_corretto>	10043
<dbpedia:White_Rock_Beverages>	10015
<dbpedia:Cheeky_Vimto>	9992
<dbpedia:Tamagozake>	9969
<dbpedia:Wine_cocktail>	9943
<dbpedia:Coca_Colla>	9782
<dbpedia:Kinnie>	9721
<dbpedia:Prairie_Fire_(mixed_drink)>	9678
<dbpedia:Nepali_tea>	9634
<dbpedia:DnL>	9581
<dbpedia:El_Dorado_Rum>	9526
<dbpedia:Rhum_Barbancourt>	9440
<dbpedia:10_Cane>	9310
<dbpedia:Earthquake_(cocktail)>	9296
<dbpedia:Leninade>	9267
<dbpedia:Stoney_(drink)>	9224
<dbpedia:Pouchong>	9189
<dbpedia:Alchermes>	9187
<dbpedia:Mickey_Slim>	9165
<dbpedia:Gin_Act_1751>	9161
<dbpedia:Teem>	9126
<dbpedia:Pink_Squirrel>	9074
<dbpedia:Matador_(cocktail)>	9033
<dbpedia:Pac%C3%ADfico>	9018
<dbpedia:Caffeinated_drink>	9010
<dbpedia:Lakka>	8855
<dbpedia:Chambord_(liqueur)>	8827
<dbpedia:Fallen_Angel_(cocktail)>	8801
<dbpedia:Apple_Beer>	8800
<dbpedia:Boost_(drink)>	8704
<dbpedia:Bica_(coffee)>	8696
<dbpedia:Conecuh_Ridge_Whiskey>	8685
<dbpedia:Popov_(vodka)>	8594
<dbpedia:Dongfang_Meiren>	8547
<dbpedia:Hype_Energy>	8534
<dbpedia:Wink_(soft_drink)>	8499
<dbpedia:Mazagran_(coffee_beverage)>	8482
<dbpedia:Triple_XXX>	8430
<dbpedia:Cut_brandy>	8424
<dbpedia:Brandy_Daisy>	8422
<dbpedia:Peanut_milk>	8351
<dbpedia:Hoppy_(beverage)>	8235
<dbpedia:Enviga>	8231
<dbpedia:A-Treat_Bottling_Company>	8216
<dbpedia:Health_shake>	8188
<dbpedia:Schweppes_Australia>	8182
<dbpedia:Maojian_tea>	8151
<dbpedia:Old_Etonian_(cocktail)>	8098
<dbpedia:Frostie_Root_Beer>	8038
<dbpedia:Bijou_(cocktail)>	8000
<dbpedia:Lei_cha>	7803
<dbpedia:Vodka_war>	7662
<dbpedia:Barleycup>	7622
<dbpedia:Boodles_British_Gin>	7573
<dbpedia:Pakola>	7547
<dbpedia:Seco_Herrerano>	7492
<dbpedia:Tung-ting_tea>	7484
<dbpedia:Vodka_Cruiser>	7347
<dbpedia:Ancient_Age>	7263
<dbpedia:Bacon_vodka>	7249
<dbpedia:Damson_gin>	7220
<dbpedia:Keglevich>	7177
<dbpedia:Golden_Cadillac>	7162
<dbpedia:Fish_House_Punch>	7160
<dbpedia:The_Botanist_(gin)>	7089
<dbpedia:Welsh_whisky>	7066
<dbpedia:Okolehao>	6992
<dbpedia:Staten_Island_Ferry_(cocktail)>	6985
<dbpedia:Gunner_(cocktail)>	6913
<dbpedia:Centerbe>	6907
<dbpedia:Flirtini>	6904
<dbpedia:Frozen_carbonated_beverage>	6903
<dbpedia:Steinlager>	6853
<dbpedia:Nuvo_(liqueur)>	6852
<dbpedia:Brem>	6815
<dbpedia:Agent_Orange_(cocktail)>	6794
<dbpedia:Domaine_de_Canton_(liqueur)>	6793
<dbpedia:Bobby_Burns_(drink)>	6771
<dbpedia:Gran_Classico_Bitter>	6766
<dbpedia:Casa_Dragones>	6678
<dbpedia:Crodino>	6668
<dbpedia:Quick_Fuck>	6651
<dbpedia:Oliang>	6632
<dbpedia:Red_Russian_(cocktail)>	6631
<dbpedia:Rose_Kennedy_Cocktail>	6606
<dbpedia:Gasogene>	6594
<dbpedia:Hyson>	6594
<dbpedia:Rize_Tea>	6573
<dbpedia:Charanda>	6573
<dbpedia:Bourbon_coffee>	6500
<dbpedia:Vietnamese_lotus_tea>	6452
<dbpedia:Dad's_Root_Beer>	6444
<dbpedia:Golden_Monkey_tea>	6441
<dbpedia:Creemore_Springs>	6388
<dbpedia:Isostar>	6336
<dbpedia:Qishr>	6300
<dbpedia:Shoumei_tea>	6287
<dbpedia:The_Pop_Shoppe>	6235
<dbpedia:Three_Olives_Vodka>	6179
<dbpedia:Fluffy_duck>	6154
<dbpedia:Froster>	6130
<dbpedia:Shikanjvi>	6130
<dbpedia:Old_Pal_(cocktail)>	6121
<dbpedia:The_Goldeneye>	6119
<dbpedia:La_Casera>	6110
<dbpedia:Double_Cross_Vodka>	6104
<dbpedia:Yorsh>	6015
<dbpedia:Dr._Enuf>	5995
<dbpedia:Flaming_volcano>	5960
<dbpedia:Reyka>	5954
<dbpedia:Moroccan_tea_culture>	5899
<dbpedia:Tequila_and_Tonic>	5836
<dbpedia:Shui_Hsien_tea>	5808
<dbpedia:Battery_Energy_Drink>	5801
<dbpedia:Orange_drink>	5788
<dbpedia:Junshan_Yinzhen>	5701
<dbpedia:Moon_River_(gin_cocktail)>	5701
<dbpedia:Mate_cocido>	5688
<dbpedia:Nikolaschka>	5672
<dbpedia:Club_(soft_drink)>	5664
<dbpedia:Taaka>	5661
<dbpedia:Emerge_Stimulation_Drink>	5660
<dbpedia:Moskovskaya_vodka>	5647
<dbpedia:Tres_Generaciones>	5638
<dbpedia:Mayordomo>	5623
<dbpedia:Tequila_Sour>	5606
<dbpedia:Ade_(drink_suffix)>	5587
<dbpedia:Stumbras>	5580
<dbpedia:Sipsmith>	5566
<dbpedia:Tschunk>	5535
<dbpedia:Tab_Energy>	5535
<dbpedia:Pegu_Club_(cocktail)>	5528
<dbpedia:Bohea>	5525
<dbpedia:Quatro_(beverage)>	5522
<dbpedia:Gal%C3%A3o>	5512
<dbpedia:Coffee_cabinet>	5512
<dbpedia:Espressino>	5501
<dbpedia:Casa_Noble>	5490
<dbpedia:Virgin_Vodka>	5419
<dbpedia:NuGrape>	5411
<dbpedia:Porchcrawler>	5411
<dbpedia:Moskovskaya_(brand)>	5398
<dbpedia:Tequila_Express>	5379
<dbpedia:May_wine>	5323
<dbpedia:Tamaryokucha>	5320
<dbpedia:Long_vodka>	5298
<dbpedia:Generic_citrus_sodas>	5297
<dbpedia:Babycino>	5290
<dbpedia:Red_Rock_(beverage)>	5274
<dbpedia:Selters>	5267
<dbpedia:Polar_Bear_(cocktail)>	5264
<dbpedia:Pisco_punch>	5263
<dbpedia:St._George_Spirits>	5258
<dbpedia:Mexican_martini>	5229
<dbpedia:Red_lemonade>	5223
<dbpedia:Krest>	5205
<dbpedia:Vikingfjord>	5190
<dbpedia:Buffalo_Rock>	5179
<dbpedia:Chicago_Cocktail>	5155
<dbpedia:Industrias_Pampero>	5146
<dbpedia:Bourbon_Lancer>	5137
<dbpedia:Rebujito>	5100
<dbpedia:Avena_(drink)>	5099
<dbpedia:Malvern_Water_(bottled_water)>	5098
<dbpedia:Stewart's_Fountain_Classics>	5089
<dbpedia:Kauffman_Vodka>	5053
<dbpedia:Floats_(drink)>	5032
<dbpedia:Tanora>	4951
<dbpedia:X-Rated_Fusion>	4852
<dbpedia:Backdraft_(drink)>	4841
<dbpedia:Sprite_Ice>	4831
<dbpedia:Ten_High>	4819
<dbpedia:Cidona>	4812
<dbpedia:Kopi_tubruk>	4790
<dbpedia:Blue_blazer>	4774
<dbpedia:Bloodhound_(cocktail)>	4764
<dbpedia:BLT_cocktail>	4756
<dbpedia:Kick_(soft_drink)>	4749
<dbpedia:Boost_(health_food)>	4722
<dbpedia:Winter_melon_punch>	4687
<dbpedia:Tooheys_New>	4684
<dbpedia:Firefly_Distillery>	4652
<dbpedia:Cresta_(soft_drink)>	4651
<dbpedia:Menta>	4624
<dbpedia:Cacique_(rum)>	4624
<dbpedia:Balsam_(drink)>	4584
<dbpedia:Sidral_Mundet>	4569
<dbpedia:Snow_Queen_Vodka>	4551
<dbpedia:Hite>	4535
<dbpedia:KEO_(beer)>	4530
<dbpedia:Grape_soda>	4522
<dbpedia:Amrat_Cola>	4505
<dbpedia:Foxon_Park>	4462
<dbpedia:Coolatta>	4458
<dbpedia:The_Monkey_Gland>	4453
<dbpedia:Sussex_Golden_Ginger_Ale>	4415
<dbpedia:Clicquot_Club_Company>	4396
<dbpedia:Hwachae>	4369
<dbpedia:Sassolino>	4361
<dbpedia:Coca-Cola_Light_Sango>	4354
<dbpedia:Ron_Botran>	4349
<dbpedia:Gini_(soft_drink)>	4339
<dbpedia:10-K_Thirst_Quencher>	4300
<dbpedia:Baimao_Hou>	4297
<dbpedia:Carpe_Diem_(drink)>	4295
<dbpedia:Gorki_List>	4278
<dbpedia:Bacon_martini>	4275
<dbpedia:Huoshan_Huangya_tea>	4259
<dbpedia:Truffle_vodka>	4244
<dbpedia:Carmelite_Water>	4237
<dbpedia:Citadelle_(gin)>	4216
<dbpedia:Rougui_tea>	4214
<dbpedia:Breakfast_martini>	4191
<dbpedia:Mecha_tea>	4178
<dbpedia:Grapico>	4173
<dbpedia:Izarra_(liqueur)>	4161
<dbpedia:Bandrek>	4154
<dbpedia:Chase_vodka>	4152
<dbpedia:Shui_Jin_Gui_tea>	4121
<dbpedia:Nocello>	4097
<dbpedia:Tieluohan_tea>	4091
<dbpedia:Frostop>	4080
<dbpedia:Maple_liqueur>	4039
<dbpedia:Pastis_Henri_Bardouin>	4033
<dbpedia:Oghi_(beverage)>	4017
<dbpedia:Rondo_(soft_drink)>	4012
<dbpedia:Piscola>	4011
<dbpedia:Vodka_Oso_Negro>	3961
<dbpedia:The_Rickey>	3958
<dbpedia:Petimezi>	3953
<dbpedia:Khortytsia_(company)>	3943
<dbpedia:June_bug_(cocktail)>	3920
<dbpedia:Virginia_Gentleman>	3899
<dbpedia:Cholado>	3897
<dbpedia:BPM_Energy>	3870
<dbpedia:Pschitt>	3856
<dbpedia:Beaver_Buzz>	3850
<dbpedia:Gin_pahit>	3665
<dbpedia:Gin_bucket>	3662
<dbpedia:Guarana_(drink)>	3651
<dbpedia:Artic_(vodka)>	3644
<dbpedia:Bai_Jiguan_tea>	3625
<dbpedia:Upper_10>	3597
<dbpedia:Brinjevec>	3591
<dbpedia:Nikolai_(vodka)>	3588
<dbpedia:Storm_(soft_drink)>	3588
<dbpedia:Tooheys_Extra_Dry>	3585
<dbpedia:Chalap>	3577
<dbpedia:Havana_Club_(Bacardi)>	3577
<dbpedia:Staminade>	3551
<dbpedia:Qilan_tea>	3551
<dbpedia:Kamairicha>	3537
<dbpedia:Rosolio>	3530
<dbpedia:Grain_milk>	3527
<dbpedia:Bajigur>	3518
<dbpedia:The_Modernista>	3496
<dbpedia:Chocolate_Cake_(cocktail)>	3478
<dbpedia:Blackwood_distillery>	3447
<dbpedia:Corn_N'_Oil>	3412
<dbpedia:Ezra_Brooks>	3406
<dbpedia:Sun_Crest>	3391
<dbpedia:So_Good_(soy_beverage)>	3373
<dbpedia:Cork_Dry_Gin>	3373
<dbpedia:Oatmeal_Cookie_(cocktail)>	3367
<dbpedia:Bread_Drink>	3363
<dbpedia:Fruit2O>	3347
<dbpedia:Hrenovuha>	3326
<dbpedia:Wedang_Jahe>	3325
<dbpedia:Wacholder>	3304
<dbpedia:Fanta_Citrus>	3298
<dbpedia:Green_Spot_(soft_drink)>	3297
<dbpedia:Guignolet>	3285
<dbpedia:Liquid_X>	3257
<dbpedia:Barrelhead_Root_Beer>	3249
<dbpedia:Roots_wine>	3228
<dbpedia:Dafang_tea>	3210
<dbpedia:Beenleigh_Rum>	3172
<dbpedia:O.P._Anderson>	3170
<dbpedia:50/50_(soft_drink)>	3105
<dbpedia:Yingdehong_tea>	3077
<dbpedia:Nesbitt's>	3069
<dbpedia:Tafia>	3056
<dbpedia:Lemonsoda>	3049
<dbpedia:Leopold_Bros.>	3047
<dbpedia:Bananarita>	3039
<dbpedia:Cockspur_Rum>	3028
<dbpedia:Mountain_Dew_MDX>	3016
<dbpedia:Ginza_Mary>	3009
<dbpedia:Tooheys_Old>	2984
<dbpedia:Lorina>	2958
<dbpedia:Accelerade>	2951
<dbpedia:Saketini>	2942
<dbpedia:Grogue>	2883
<dbpedia:Viru_Valge>	2875
<dbpedia:Explorer_Vodka>	2847
<dbpedia:Manzana_verde>	2799
<dbpedia:Laranjada>	2797
<dbpedia:Demon_Energy>	2795
<dbpedia:Pinky_Vodka>	2782
<dbpedia:Lost_Energy>	2780
<dbpedia:Bluna>	2770
<dbpedia:Orange_Tundra>	2759
<dbpedia:Whitley_Neill_Gin>	2757
<dbpedia:Shincha>	2735
<dbpedia:Level_Vodka>	2716
<dbpedia:Mizuwari>	2705
<dbpedia:Colombia_(cocktail)>	2703
<dbpedia:Upper_Canada_Brewing_Company>	2696
<dbpedia:Leed_(soft_drink)>	2685
<dbpedia:Zurracapote>	2672
<dbpedia:Scotsmac>	2646
<dbpedia:Fruktsoda>	2635
<dbpedia:GranGala>	2617
<dbpedia:Lu'an_Melon_Seed_tea>	2569
<dbpedia:London_Fog_(cocktail)>	2562
<dbpedia:Renat>	2556
<dbpedia:Navan_liqueur>	2548
<dbpedia:Pyatizvyozdnaya>	2535
<dbpedia:Burple>	2508
<dbpedia:Cougar_Bourbon>	2506
<dbpedia:Raymond_Massey_(cocktail)>	2477
<dbpedia:Beverage_Digest>	2472
<dbpedia:Brisa_drink>	2466
<dbpedia:Frucade>	2460
<dbpedia:Catoctin_Creek_Distilling_Company>	2452
<dbpedia:Moscow_Distillery_Crystal>	2447
<dbpedia:Farnell_(cocktail)>	2446
<dbpedia:Dubra>	2437
<dbpedia:Mate_con_malicia>	2384
<dbpedia:Dos_Lunas_Tequila>	2375
<dbpedia:Shark_Stimulation>	2356
<dbpedia:Pacific_Union_Club_Punch>	2356
<dbpedia:Sol_y_Sombra>	2353
<dbpedia:Lunazul>	2347
<dbpedia:Woodroofe>	2345
<dbpedia:Snakebite_(shandy)>	2328
<dbpedia:Sporade>	2310
<dbpedia:Aspen_Soda>	2305
<dbpedia:Curacao_Punch>	2270
<dbpedia:Lofenalac>	2259
<dbpedia:Catawissa_Bottling_Company>	2249
<dbpedia:Sacred_Microdistillery>	2186
<dbpedia:Macu%C3%A1>	2183
<dbpedia:Lichido>	2169
<dbpedia:Lift_Plus>	2112
<dbpedia:Huang_Guanyin_tea>	2102
<dbpedia:Zodiac_Vodka>	2081
<dbpedia:Sang_Som>	2069
<dbpedia:Fizzy_apple_cocktail>	2057
<dbpedia:Ruskova>	2038
<dbpedia:Licor_de_oro>	2028
<dbpedia:Kissui_(vodka)>	2007
<dbpedia:Kubanskaya>	1990
<dbpedia:No-Cal_Soda>	1988
<dbpedia:Chun_Mee_tea>	1949
<dbpedia:Amaro_Sibilla>	1946
<dbpedia:Chinggis_vodka>	1942
<dbpedia:Es_bir>	1917
<dbpedia:Calisaya_(liqueur)>	1917
<dbpedia:Aleberry>	1916
<dbpedia:Stellina>	1908
<dbpedia:Youri_Dolgoruki_Vodka>	1904
<dbpedia:Suso_(drink)>	1858
<dbpedia:Stolnaya_vodka>	1813
<dbpedia:Apple_pie_shooter>	1792
<dbpedia:Raspberry_vinegar>	1786
<dbpedia:Aila_(liquor)>	1781
<dbpedia:Brut_Cocktail>	1779
<dbpedia:Kokkoh>	1775
<dbpedia:Citrus_Hill>	1773
<dbpedia:Orloff_vodka>	1753
<dbpedia:Shustov_vodka>	1744
<dbpedia:Jaan_Paan_Liqueur>	1733
<dbpedia:Cult_Shaker>	1733
<dbpedia:Vodka_Villa_Lobos>	1732
<dbpedia:Pelmosoda>	1719
<dbpedia:Mora_(drink)>	1685
<dbpedia:Oronoco_Rum>	1661
<dbpedia:Gold_Symphony_Vodka>	1658
<dbpedia:Chass>	1651
<dbpedia:Baesuk>	1639
<dbpedia:Rhum_Agricole>	1638
<dbpedia:Sol_de_Mexico_Tequila>	1633
<dbpedia:Staatl._Fachingen>	1631
<dbpedia:Maine_Soft_Drinks_Ltd>	1630
<dbpedia:Ban_Tian_Yao_tea>	1622
<dbpedia:Square_One_Organic_Vodka>	1604
<dbpedia:Mana_Energy_Potions>	1602
<dbpedia:Garapa>	1590
<dbpedia:Rodnik>	1582
<dbpedia:Caffeinated_alcoholic_drinks>	1572
<dbpedia:Oenomel>	1554
<dbpedia:Tava_(soft_drink)>	1548
<dbpedia:Tommyknockers_(root_beer)>	1539
<dbpedia:Harlem_Mugger>	1539
<dbpedia:Fo_Shou_tea>	1512
<dbpedia:Function_Drinks>	1510
<dbpedia:Savvy_Vodka>	1500
<dbpedia:Chimay%C3%B3_Cocktail>	1496
<dbpedia:Kelluke>	1484
<dbpedia:Molokai_coffee>	1479
<dbpedia:Teh_Talua>	1466
<dbpedia:Coors_Cutter>	1429
<dbpedia:Polonaise_(vodka)>	1422
<dbpedia:Passione_Nera>	1420
<dbpedia:Dovgan>	1401
<dbpedia:Clique_(vodka)>	1399
<dbpedia:Sanfaustino>	1394
<dbpedia:Guadeloupe_Bonifieur>	1389
<dbpedia:Garoto_(coffee)>	1380
<dbpedia:Ritz_Sidecar>	1377
<dbpedia:Blow_my_Skull_Off>	1376
<dbpedia:Bengal_Punch>	1376
<dbpedia:Strawberry_juice>	1364
<dbpedia:Captain_Q>	1332
<dbpedia:Xan_(vodka)>	1327
<dbpedia:Bonjus>	1320
<dbpedia:Narodnaya>	1304
<dbpedia:Agwa_de_Bolivia_(liqueur)>	1297
<dbpedia:Twin_Lights_Soda>	1292
<dbpedia:Cirrus_Vodka>	1289
<dbpedia:Kabusecha>	1285
<dbpedia:El_Malecon_cocktail>	1284
<dbpedia:Poinsettia_(cocktail)>	1282
<dbpedia:Frysk_Hynder>	1279
<dbpedia:Crowbar_(alcoholic_beverage)>	1265
<dbpedia:Sayama_Tea>	1243
<dbpedia:Jin_Fo_tea>	1236
<dbpedia:V44_(vodka)>	1234
<dbpedia:Xellent_Swiss_Vodka>	1218
<dbpedia:Green_dragon_(tincture)>	1214
<dbpedia:Gohyah_tea>	1212
<dbpedia:Cape_North_Vodka>	1212
<dbpedia:Tres_Agaves>	1210
<dbpedia:Ghetto_latte>	1208
<dbpedia:Lotus_vodka>	1206
<dbpedia:Monte_Carlo_(vodka)>	1201
<dbpedia:Diet_Coke_with_Citrus_Zest>	1190
<dbpedia:Vodka_Perfect>	1181
<dbpedia:Coastal_Extreme_Brewing_Company>	1173
<dbpedia:Cooperation_for_Fair_Trade_in_Africa>	1170
<dbpedia:Serena_libre>	1168
<dbpedia:Han_Vodka>	1168
<dbpedia:Northland_Juices>	1167
<dbpedia:Agua_de_Sevilla>	1159
<dbpedia:Voodoo_Tiki>	1133
<dbpedia:Cocodirect>	1129
<dbpedia:Ritz_Fizz>	1060
<dbpedia:Blueberry_Tea_(cocktail)>	1041
<dbpedia:Bu_Zhi_Chun_tea>	1038
<dbpedia:Everglo>	1029
<dbpedia:Killyloch>	1014
<dbpedia:Korski_vodka>	1011
<dbpedia:Cruz_Tequila>	1009
<dbpedia:Kristian_Regale>	1007
<dbpedia:HER_(healthy_energy_revitalizer)>	1004
<dbpedia:Chopin_vodka>	988
<dbpedia:SinFire_Cinnamon_Whisky>	987
<dbpedia:Glowtini>	986
<dbpedia:Limonada_cimarrona>	970
<dbpedia:Lokka_Vodka>	966
<dbpedia:Glen_Breton_Rare>	963
<dbpedia:Kick_Energy>	940
