<dbpedia:Lionel_Messi>	4099091
<dbpedia:Cristiano_Ronaldo>	3734447
<dbpedia:Neymar>	1795567
<dbpedia:Jamie_Vardy>	1751312
<dbpedia:David_Beckham>	1410642
<dbpedia:Wayne_Rooney>	1132375
<dbpedia:Ronaldinho>	1048420
<dbpedia:Zinedine_Zidane>	1022039
<dbpedia:Anthony_Martial>	1004904
<dbpedia:Ronaldo>	966499
<dbpedia:Claudio_Ranieri>	958735
<dbpedia:Gareth_Bale>	861915
<dbpedia:Fernando_Torres>	839601
<dbpedia:Robert_Lewandowski>	823487
<dbpedia:Robin_van_Persie>	781147
<dbpedia:Johan_Cruyff>	762829
<dbpedia:Alex_Morgan>	752973
<dbpedia:Bastian_Schweinsteiger>	729216
<dbpedia:Pep_Guardiola>	710280
<dbpedia:Abby_Wambach>	709813
<dbpedia:Memphis_Depay>	679286
<dbpedia:Mario_Balotelli>	675832
<dbpedia:Hope_Solo>	672272
<dbpedia:Thierry_Henry>	671688
<dbpedia:Zlatan_Ibrahimovi%C4%87>	670416
<dbpedia:Karim_Benzema>	657627
<dbpedia:Dele_Alli>	628500
<dbpedia:Alexandre_Pato>	627941
<dbpedia:Steven_Gerrard>	626165
<dbpedia:Louis_van_Gaal>	623424
<dbpedia:Roberto_Firmino>	612056
<dbpedia:Radamel_Falcao>	610138
<dbpedia:Iker_Casillas>	605973
<dbpedia:Kevin_De_Bruyne>	605028
<dbpedia:Didier_Drogba>	603595
<dbpedia:Paul_Pogba>	597258
<dbpedia:Diego_Maradona>	590676
<dbpedia:Pierre-Emerick_Aubameyang>	579105
<dbpedia:Raheem_Sterling>	578035
<dbpedia:Andrea_Pirlo>	566681
<dbpedia:Alex_Ferguson>	562181
<dbpedia:J%C3%BCrgen_Klopp>	541338
<dbpedia:Eden_Hazard>	532399
<dbpedia:Francesco_Totti>	521100
<dbpedia:Carli_Lloyd>	507760
<dbpedia:Frank_Lampard>	505866
<dbpedia:Arda_Turan>	503688
<dbpedia:Carlo_Ancelotti>	501149
<dbpedia:Xavi>	500074
<dbpedia:Christian_Benteke>	498384
<dbpedia:Gary_Lineker>	490850
<dbpedia:Antoine_Griezmann>	490203
<dbpedia:Gianluigi_Buffon>	487316
<dbpedia:Gary_Neville>	480676
<dbpedia:Paulo_Dybala>	480292
<dbpedia:George_Best>	467476
<dbpedia:Dimitri_Payet>	460002
<dbpedia:Ryan_Giggs>	459832
<dbpedia:David_de_Gea>	459477
<dbpedia:Kasper_Schmeichel>	456499
<dbpedia:David_Icke>	448884
<dbpedia:Romelu_Lukaku>	441513
<dbpedia:Olivier_Giroud>	438599
<dbpedia:Kingsley_Coman>	438502
<dbpedia:Arjen_Robben>	435975
<dbpedia:Sergio_Ramos>	432299
<dbpedia:Luis_Su%C3%A1rez>	424478
<dbpedia:Douglas_Costa>	423615
<dbpedia:Arturo_Vidal>	423052
<dbpedia:Daniel_Sturridge>	416640
<dbpedia:Jos%C3%A9_Mourinho>	413303
<dbpedia:David_Villa>	413253
<dbpedia:Matteo_Darmian>	405923
<dbpedia:John_Terry>	404756
<dbpedia:Adam_Johnson_(footballer)>	402290
<dbpedia:Robinho>	401229
<dbpedia:Ashley_Cole>	398114
<dbpedia:Aleix_Vidal>	397365
<dbpedia:Guus_Hiddink>	397114
<dbpedia:Vinnie_Jones>	395305
<dbpedia:Morgan_Schneiderlin>	391993
<dbpedia:Xherdan_Shaqiri>	389102
<dbpedia:Pel%C3%A9>	382112
<dbpedia:Robbie_Keane>	379642
<dbpedia:Michael_Owen>	379022
<dbpedia:Juan_Mata>	378832
<dbpedia:Lukas_Podolski>	372326
<dbpedia:Marco_Reus>	364049
<dbpedia:Miroslav_Klose>	361250
<dbpedia:Emmanuel_Adebayor>	358810
<dbpedia:James_Milner>	357871
<dbpedia:Eric_Cantona>	355354
<dbpedia:Carlos_Bacca>	352790
<dbpedia:Diego_Simeone>	350809
<dbpedia:Alan_Shearer>	350780
<dbpedia:Megan_Rapinoe>	349126
<dbpedia:Stephan_El_Shaarawy>	347755
<dbpedia:Dimitar_Berbatov>	344867
<dbpedia:Shinji_Okazaki>	344686
<dbpedia:Peter_Schmeichel>	341857
<dbpedia:Olly_Murs>	341203
<dbpedia:Philippe_Coutinho>	339963
<dbpedia:Brendan_Rodgers>	338593
<dbpedia:Theo_Walcott>	337868
<dbpedia:Paolo_Maldini>	336225
<dbpedia:Nicklas_Bendtner>	335564
<dbpedia:Nani>	335094
<dbpedia:Danny_Ings>	334438
<dbpedia:Roberto_Carlos_(footballer)>	329602
<dbpedia:Manuel_Neuer>	329393
<dbpedia:Petr_%C4%8Cech>	326481
<dbpedia:Adebayo_Akinfenwa>	325951
<dbpedia:Ruud_van_Nistelrooy>	324223
<dbpedia:Jesse_Lingard>	320976
<dbpedia:Thomas_M%C3%BCller>	319576
<dbpedia:Wes_Morgan>	317998
<dbpedia:Sergio_Romero>	315689
<dbpedia:Sergio_Ag%C3%BCero>	314225
<dbpedia:Kak%C3%A1>	313606
<dbpedia:Bobby_Charlton>	313490
<dbpedia:Xabi_Alonso>	313152
<dbpedia:Sebastian_Giovinco>	312058
<dbpedia:Edinson_Cavani>	311593
<dbpedia:Antonio_Conte>	309763
<dbpedia:Tim_Howard>	308791
<dbpedia:Keylor_Navas>	305894
<dbpedia:George_Weah>	305592
<dbpedia:Alex_Teixeira>	305220
<dbpedia:Divock_Origi>	304866
<dbpedia:Granit_Xhaka>	304290
<dbpedia:Danny_Drinkwater>	299897
<dbpedia:Charlie_Austin>	298757
<dbpedia:Manuel_Pellegrini>	296485
<dbpedia:Robert_Huth>	294906
<dbpedia:Alexis_S%C3%A1nchez>	293112
<dbpedia:Nicolas_Anelka>	292940
<dbpedia:Peter_Crouch>	291820
<dbpedia:Mohamed_Salah>	290732
<dbpedia:Sydney_Leroux>	290506
<dbpedia:Mauricio_Pochettino>	289867
<dbpedia:Alessandro_Del_Piero>	286853
<dbpedia:Freddy_Adu>	286044
<dbpedia:Mesut_%C3%96zil>	284758
<dbpedia:Mauro_Icardi>	282657
<dbpedia:Danny_Welbeck>	281116
<dbpedia:Julio_Iglesias>	279012
<dbpedia:Samuel_Eto'o>	278202
<dbpedia:Michel_Platini>	276880
<dbpedia:Alexandre_Lacazette>	274899
<dbpedia:Sami_Khedira>	274627
<dbpedia:Denis_Cheryshev>	274605
<dbpedia:Aaron_Ramsey>	273957
<dbpedia:Phil_Neville>	273179
<dbpedia:Rivaldo>	271086
<dbpedia:Paul_Scholes>	270932
<dbpedia:Paul_Gascoigne>	270107
<dbpedia:Javier_Mascherano>	268413
<dbpedia:Mats_Hummels>	267737
<dbpedia:Mia_Hamm>	265585
<dbpedia:Luca_Toni>	264401
<dbpedia:Toni_Kroos>	263713
<dbpedia:Jermain_Defoe>	263403
<dbpedia:Luiz_Adriano>	260640
<dbpedia:Patrick_Vieira>	260536
<dbpedia:Andriy_Shevchenko>	258068
<dbpedia:Rafael_Ben%C3%ADtez>	257768
<dbpedia:Landon_Donovan>	256007
<dbpedia:Emre_Can>	255616
<dbpedia:Kevin-Prince_Boateng>	255492
<dbpedia:Jack_Wilshere>	254593
<dbpedia:Gerard_Piqu%C3%A9>	253311
<dbpedia:Yannick_Ferreira_Carrasco>	249520
<dbpedia:Andy_Carroll>	248839
<dbpedia:Hatem_Ben_Arfa>	248764
<dbpedia:Giovani_dos_Santos>	246106
<dbpedia:Odion_Ighalo>	245756
<dbpedia:Tim_Cahill>	245022
<dbpedia:Dennis_Bergkamp>	244896
<dbpedia:Hulk_(footballer)>	243231
<dbpedia:Roy_Keane>	242892
<dbpedia:David_Moyes>	242641
<dbpedia:Joe_Cole>	240155
<dbpedia:Georginio_Wijnaldum>	239094
<dbpedia:Wesley_Sneijder>	238630
<dbpedia:Clint_Dempsey>	238375
<dbpedia:Thibaut_Courtois>	237445
<dbpedia:Shinji_Kagawa>	235945
<dbpedia:David_Alaba>	235704
<dbpedia:Lassana_Diarra>	234502
<dbpedia:Franz_Beckenbauer>	234338
<dbpedia:Servando_Carrasco>	233989
<dbpedia:Ian_Andrews>	232185
<dbpedia:Edwin_van_der_Sar>	231491
<dbpedia:Ra%C3%BAl_(footballer)>	231125
<dbpedia:Mohamed_Elneny>	230009
<dbpedia:Esteban_Cambiasso>	229543
<dbpedia:Ars%C3%A8ne_Wenger>	228960
<dbpedia:Jordan_Henderson>	228775
<dbpedia:Baba_Rahman>	228558
<dbpedia:Patrice_Evra>	227647
<dbpedia:Troy_Deeney>	227250
<dbpedia:Isco>	226854
<dbpedia:Eric_Dier>	226678
<dbpedia:Emile_Heskey>	225938
<dbpedia:David_Silva>	225800
<dbpedia:Rio_Ferdinand>	224786
<dbpedia:John_Stones>	224435
<dbpedia:Joey_Barton>	222820
<dbpedia:Henrikh_Mkhitaryan>	222129
<dbpedia:Henrik_Larsson>	220376
<dbpedia:Ian_Wright>	219740
<dbpedia:Michu>	219224
<dbpedia:Roberto_Baggio>	219171
<dbpedia:Simone_Zaza>	217991
<dbpedia:Sam_Allardyce>	217914
<dbpedia:Sarah_Huffman>	217637
<dbpedia:Edin_D%C5%BEeko>	217481
<dbpedia:Gabriel_Batistuta>	216939
<dbpedia:Marouane_Fellaini>	216684
<dbpedia:Luke_Shaw>	216588
<dbpedia:Steve_McClaren>	215786
<dbpedia:Nathaniel_Clyne>	215780
<dbpedia:Ronald_Koeman>	215407
<dbpedia:Rafael_van_der_Vaart>	213971
<dbpedia:Ciro_Immobile>	213881
<dbpedia:Leonardo_Ulloa>	213771
<dbpedia:Julian_Draxler>	213689
<dbpedia:Ali_Krieger>	213128
<dbpedia:Jackson_Mart%C3%ADnez>	212984
<dbpedia:Michael_Carrick>	212304
<dbpedia:Demba_Ba>	212205
<dbpedia:Joe_Hart>	211958
<dbpedia:Nicol%C3%A1s_Otamendi>	211827
<dbpedia:Fabio_Cannavaro>	211467
<dbpedia:John_Guidetti>	211169
<dbpedia:Ruud_Gullit>	210393
<dbpedia:Mikel_Arteta>	209908
<dbpedia:Joel_Campbell>	209728
<dbpedia:Dirk_Kuyt>	209727
<dbpedia:Mateo_Kova%C4%8Di%C4%87>	209721
<dbpedia:Roberto_Soldado>	209664
<dbpedia:Ezequiel_Lavezzi>	209654
<dbpedia:Claudio_Pizarro>	209175
<dbpedia:Claudio_Bravo_(footballer)>	208561
<dbpedia:Yevhen_Konoplyanka>	207516
<dbpedia:Sergio_Busquets>	206199
<dbpedia:Asamoah_Gyan>	205441
<dbpedia:Daley_Blind>	205368
<dbpedia:Edgar_Davids>	204645
<dbpedia:Casemiro>	204436
<dbpedia:Philipp_Lahm>	204381
<dbpedia:Adam_Lallana>	203743
<dbpedia:Mathieu_Valbuena>	203230
<dbpedia:Alex_Song>	202961
<dbpedia:Seydou_Doumbia>	201936
<dbpedia:Santi_Cazorla>	201813
<dbpedia:Roberto_Mancini>	201653
<dbpedia:Marco_van_Basten>	201528
<dbpedia:Gerard_Deulofeu>	201213
<dbpedia:Frank_Rijkaard>	200503
<dbpedia:Fabian_Delph>	200101
<dbpedia:Radja_Nainggolan>	199606
<dbpedia:Geoffrey_Kondogbia>	199524
<dbpedia:Mario_Mand%C5%BEuki%C4%87>	199478
<dbpedia:Shaun_Wright-Phillips>	199440
<dbpedia:Carles_Puyol>	199060
<dbpedia:Thomas_Tuchel>	198276
<dbpedia:Ibrahim_Afellay>	198155
<dbpedia:Toby_Alderweireld>	197881
<dbpedia:Brian_Clough>	197437
<dbpedia:Alex_Oxlade-Chamberlain>	197245
<dbpedia:Jonjo_Shelvey>	197065
<dbpedia:Yohan_Cabaye>	196976
<dbpedia:Fernando_Llorente>	196572
<dbpedia:Michael_Laudrup>	196441
<dbpedia:Kevin_Trapp>	196027
<dbpedia:Aritz_Aduriz>	195711
<dbpedia:Michael_Essien>	195495
<dbpedia:Julie_Johnston>	194376
<dbpedia:Vado>	194181
<dbpedia:Ramires>	193796
<dbpedia:Samir_Nasri>	193696
<dbpedia:Mario_G%C3%B6tze>	193476
<dbpedia:Mark_Hughes>	193415
<dbpedia:Ricardo_Quaresma>	193230
<dbpedia:Mark_Schwarzer>	192879
<dbpedia:Denis_Irwin>	192856
<dbpedia:Saido_Berahino>	192483
<dbpedia:Chris_Smalling>	192219
<dbpedia:Ravel_Morrison>	192207
<dbpedia:Nolito>	192165
<dbpedia:Gonzalo_Higua%C3%ADn>	191921
<dbpedia:David_Luiz>	191151
<dbpedia:Christian_Fuchs>	190277
<dbpedia:Thomas_Vermaelen>	190055
<dbpedia:DeAndre_Yedlin>	189957
<dbpedia:Vincent_Kompany>	189933
<dbpedia:Abou_Diaby>	188777
<dbpedia:Andr%C3%A9_Ayew>	186890
<dbpedia:Ander_Herrera>	186793
<dbpedia:Cesc_F%C3%A0bregas>	186672
<dbpedia:Steve_Harris_(musician)>	186468
<dbpedia:Nigel_Pearson>	184718
<dbpedia:Marcelo_Vieira>	184402
<dbpedia:Christen_Press>	184164
<dbpedia:Eduardo_Vargas>	183962
<dbpedia:Kiko_Casilla>	183369
<dbpedia:Bobby_Moore>	182992
<dbpedia:Laurent_Blanc>	181678
<dbpedia:Clarence_Seedorf>	180780
<dbpedia:Wilfried_Bony>	180366
<dbpedia:Teddy_Sheringham>	180293
<dbpedia:Mathieu_Flamini>	178654
<dbpedia:Ross_Barkley>	178414
<dbpedia:V%C3%ADctor_Vald%C3%A9s>	178341
<dbpedia:Marcos_Rojo>	177995
<dbpedia:Andr%C3%A9s_Iniesta>	177368
<dbpedia:Aleksandar_Mitrovi%C4%87_(footballer)>	176964
<dbpedia:Gervinho>	176952
<dbpedia:Michael_Ballack>	176828
<dbpedia:Jay-Jay_Okocha>	176750
<dbpedia:Luciano_Vietto>	176743
<dbpedia:Klaas-Jan_Huntelaar>	176375
<dbpedia:Roy_Hodgson>	176207
<dbpedia:Kurt_Zouma>	176178
<dbpedia:Christie_Rampone>	175915
<dbpedia:Kenny_Dalglish>	175607
<dbpedia:Benik_Afobe>	175373
<dbpedia:Victor_Moses>	174543
<dbpedia:Roberto_Di_Matteo>	174051
<dbpedia:Oliver_Kahn>	173933
<dbpedia:Marco_Verratti>	173757
<dbpedia:Adrian_Mutu>	173688
<dbpedia:Christian_Eriksen>	173025
<dbpedia:Mamadou_Sakho>	172743
<dbpedia:Tobin_Heath>	172631
<dbpedia:Pepe_Reina>	172466
<dbpedia:Yaya_Sanogo>	172361
<dbpedia:Obafemi_Martins>	172253
<dbpedia:Jan_Oblak>	172168
<dbpedia:Hristo_Stoichkov>	171350
<dbpedia:Jozy_Altidore>	170970
<dbpedia:Filippo_Inzaghi>	170534
<dbpedia:Dwight_Yorke>	169721
<dbpedia:Patrick_Bamford>	169342
<dbpedia:Harry_Redknapp>	169288
<dbpedia:Kevin_Keegan>	169037
<dbpedia:Giuseppe_Rossi>	169024
<dbpedia:Yannick_Bolasie>	167637
<dbpedia:Franck_Rib%C3%A9ry>	166703
<dbpedia:Jordon_Ibe>	166560
<dbpedia:Patrick_Kluivert>	166537
<dbpedia:Micah_Richards>	166245
<dbpedia:Mario_G%C3%B3mez>	166218
<dbpedia:Andriy_Yarmolenko>	165658
<dbpedia:Michail_Antonio>	164652
<dbpedia:Jordan_Ayew>	164517
<dbpedia:Keisuke_Honda>	164369
<dbpedia:Robbie_Fowler>	164113
<dbpedia:Slaven_Bili%C4%87>	163852
<dbpedia:Michy_Batshuayi>	163080
<dbpedia:David_James_(footballer)>	162064
<dbpedia:Rickie_Lambert>	160597
<dbpedia:David_Trezeguet>	160027
<dbpedia:Francis_Coquelin>	159987
<dbpedia:Bradley_Wright-Phillips>	159784
<dbpedia:Federico_Macheda>	158561
<dbpedia:Miranda_(footballer)>	158033
<dbpedia:Owen_Hargreaves>	157897
<dbpedia:Hugo_Lloris>	157591
<dbpedia:Yaya_Tour%C3%A9>	157468
<dbpedia:Per_Mertesacker>	157359
<dbpedia:Marco_van_Ginkel>	156613
<dbpedia:Ali_Dia>	156457
<dbpedia:Sol_Campbell>	156362
<dbpedia:Javier_Zanetti>	156282
<dbpedia:Jack_Butland>	155999
<dbpedia:Manuel_Lanzini>	155911
<dbpedia:Jimmy_Floyd_Hasselbaink>	155895
<dbpedia:Alan_Pardew>	155527
<dbpedia:Aymeric_Laporte>	155509
<dbpedia:Ramiro_Funes_Mori>	154609
<dbpedia:Konstantinos_Mitroglou>	153926
<dbpedia:David_Ospina>	153651
<dbpedia:Domenico_Berardi>	152359
<dbpedia:Nick_Powell>	152258
<dbpedia:Antonio_Valencia>	152154
<dbpedia:Marc-Andr%C3%A9_ter_Stegen>	151971
<dbpedia:Andros_Townsend>	151886
<dbpedia:Steve_McManaman>	151746
<dbpedia:Fabio_Borini>	151411
<dbpedia:Asmir_Begovi%C4%87>	150107
<dbpedia:Ivan_Rakiti%C4%87>	149978
<dbpedia:Laurent_Koscielny>	149382
<dbpedia:Steven_Caulker>	149179
<dbpedia:Zico>	148437
<dbpedia:Gheorghe_Hagi>	148212
<dbpedia:Alessandro_Nesta>	147207
<dbpedia:Marco_Materazzi>	147064
<dbpedia:Cristian_Tello>	146955
<dbpedia:Lucas_Moura>	146807
<dbpedia:John_Arne_Riise>	146703
<dbpedia:Arkadiusz_Milik>	146500
<dbpedia:Fabio_Capello>	146345
<dbpedia:Jupp_Heynckes>	145656
<dbpedia:Nigel_de_Jong>	145218
<dbpedia:Massimiliano_Allegri>	145204
<dbpedia:Juan_Iturbe>	144986
<dbpedia:Viv_Richards>	144974
<dbpedia:Thiago_Motta>	144570
<dbpedia:Christian_Vieri>	144547
<dbpedia:Lucas_Leiva>	144024
<dbpedia:Jermaine_Jenas>	143860
<dbpedia:Gary_Cahill>	143580
<dbpedia:Jordi_Cruyff>	143533
<dbpedia:Emmanuel_Emenike>	143463
<dbpedia:Marta_(footballer)>	143420
<dbpedia:El_Hadji_Diouf>	142702
<dbpedia:Gianfranco_Zola>	142416
<dbpedia:Thorgan_Hazard>	141647
<dbpedia:Shkodran_Mustafi>	141519
<dbpedia:Gary_Speed>	141121
<dbpedia:Asier_Illarramendi>	141035
<dbpedia:Javier_Saviola>	140774
<dbpedia:Ashley_Young>	140570
<dbpedia:%C3%81lvaro_Morata>	140393
<dbpedia:Sergi_Roberto>	139985
<dbpedia:Deco>	139903
<dbpedia:Daniele_De_Rossi>	139441
<dbpedia:Stevan_Joveti%C4%87>	139435
<dbpedia:Florent_Malouda>	139186
<dbpedia:Robbie_Savage>	139087
<dbpedia:Eduardo_da_Silva>	138747
<dbpedia:Steven_Fletcher_(footballer)>	138420
<dbpedia:Luiz_Felipe_Scolari>	138325
<dbpedia:Christine_Sinclair>	138291
<dbpedia:Tom_Cleverley>	137858
<dbpedia:Jordi_Alba>	137854
<dbpedia:Rudy_Gestede>	137724
<dbpedia:Cafu>	137661
<dbpedia:Danny_Blind>	137393
<dbpedia:Islam_Slimani>	137257
<dbpedia:Meghan_Klingenberg>	137050
<dbpedia:Lev_Yashin>	137040
<dbpedia:Simon_Mignolet>	136739
<dbpedia:Frank_de_Boer>	135829
<dbpedia:Marko_Marin>	135775
<dbpedia:Gennaro_Gattuso>	135493
<dbpedia:Jimmy_Hill>	135444
<dbpedia:Marc_Albrighton>	135320
<dbpedia:Jamie_Carragher>	135248
<dbpedia:Jeison_Murillo>	134351
<dbpedia:Jamie_Redknapp>	134339
<dbpedia:Gareth_Barry>	134180
<dbpedia:Jordan_Rhodes>	133954
<dbpedia:Felipe_Anderson>	133825
<dbpedia:Glen_Johnson_(English_footballer)>	133322
<dbpedia:Kyle_Lafferty>	133301
<dbpedia:Tiago_Ilori>	133113
<dbpedia:Dejan_Lovren>	133040
<dbpedia:Antonio_Di_Natale>	132898
<dbpedia:Sini%C5%A1a_Mihajlovi%C4%87>	132880
<dbpedia:Shay_Given>	132775
<dbpedia:Nwankwo_Kanu>	132768
<dbpedia:Diego_Ribas_da_Cunha>	132303
<dbpedia:Michael_Bradley_(soccer)>	132220
<dbpedia:Ron_Vlaar>	131936
<dbpedia:Axel_Witsel>	131799
<dbpedia:Bobby_Robson>	131772
<dbpedia:Edward_Woodward>	131713
<dbpedia:Eliaquim_Mangala>	131623
<dbpedia:Shane_Long>	131567
<dbpedia:Alessio_Romagnoli>	131166
<dbpedia:Diego_Milito>	130922
<dbpedia:Ricardo_Carvalho>	130434
<dbpedia:Jonny_Evans>	130237
<dbpedia:Eddie_Howe>	129535
<dbpedia:Jos%C3%A9_Salom%C3%B3n_Rond%C3%B3n>	129452
<dbpedia:Daniel_Agger>	129326
<dbpedia:Andr%C3%A9-Pierre_Gignac>	129294
<dbpedia:Marcelo_Bielsa>	129170
<dbpedia:Ched_Evans>	128967
<dbpedia:Yoann_Gourcuff>	128964
<dbpedia:Lu%C3%ADs_Figo>	128949
<dbpedia:Paulo_Sousa>	128939
<dbpedia:Ian_Rush>	128202
<dbpedia:Grzegorz_Krychowiak>	128131
<dbpedia:Andrea_Bertolacci>	127854
<dbpedia:Felipe_Melo>	127629
<dbpedia:Alex_Sandro>	127589
<dbpedia:Aaron_Lennon>	127519
<dbpedia:Nathaniel_Chalobah>	126862
<dbpedia:Roque_Santa_Cruz>	126800
<dbpedia:Jermaine_Pennant>	126603
<dbpedia:Claudio_Marchisio>	126173
<dbpedia:Paolo_Di_Canio>	126042
<dbpedia:Kevin_Nolan>	125860
<dbpedia:Danny_Simpson>	125736
<dbpedia:Iago_Aspas>	125625
<dbpedia:Graeme_Souness>	125536
<dbpedia:Kieron_Dyer>	125533
<dbpedia:Wojciech_Szcz%C4%99sny>	125383
<dbpedia:Antonio_Cassano>	125218
<dbpedia:Javier_Pastore>	124647
<dbpedia:Bacary_Sagna>	124438
<dbpedia:Cesare_Maldini>	123675
<dbpedia:Stewart_Downing>	123546
<dbpedia:Carlos_Vela>	123387
<dbpedia:Christian_Atsu>	123269
<dbpedia:J%C3%BCrgen_Klinsmann>	123237
<dbpedia:Bobby_Wood_(soccer)>	122886
<dbpedia:Lilian_Thuram>	122847
<dbpedia:Tim_Sherwood>	122761
<dbpedia:Paolo_Guerrero>	122304
<dbpedia:Unai_Emery>	122267
<dbpedia:Adel_Taarabt>	121923
<dbpedia:Peter_Shilton>	121810
<dbpedia:Steven_Naismith>	121695
<dbpedia:Didier_Deschamps>	121528
<dbpedia:Marc_Bartra>	121383
<dbpedia:Bas_Dost>	121332
<dbpedia:Hakan_%C3%87alhano%C4%9Flu>	121328
<dbpedia:Blaise_Matuidi>	121064
<dbpedia:Lucas_Digne>	120992
<dbpedia:Scott_Parker>	120945
<dbpedia:Calum_Chambers>	120710
<dbpedia:Scott_Sinclair>	120708
<dbpedia:Alexander_Hleb>	120612
<dbpedia:Diego_Forl%C3%A1n>	120573
<dbpedia:Mathieu_Debuchy>	120286
<dbpedia:Serge_Gnabry>	120269
<dbpedia:Carlton_Cole>	119859
<dbpedia:Florian_Thauvin>	119648
<dbpedia:Suso_(footballer)>	119498
<dbpedia:Yacine_Brahimi>	119288
<dbpedia:Nathan_Dyer>	119173
<dbpedia:Hernanes>	118709
<dbpedia:Layvin_Kurzawa>	118572
<dbpedia:Wayne_Bridge>	118514
<dbpedia:Giorgio_Chiellini>	118288
<dbpedia:Anders_Lindegaard>	117959
<dbpedia:Dom_Dwyer>	117855
<dbpedia:Gabriel_Agbonlahor>	117810
<dbpedia:Fraser_Forster>	117774
<dbpedia:Joleon_Lescott>	117738
<dbpedia:Angelo_Ogbonna>	117675
<dbpedia:Jimmy_Greaves>	117653
<dbpedia:Serge_Aurier>	117574
<dbpedia:Nacho_Monreal>	116955
<dbpedia:Jaap_Stam>	116634
<dbpedia:Jeff_Schlupp>	116501
<dbpedia:Bradley_Walsh>	116499
<dbpedia:Virgil_van_Dijk>	116434
<dbpedia:Harry_Kewell>	116346
<dbpedia:Steve_Bruce>	116256
<dbpedia:Lazar_Markovi%C4%87>	115811
<dbpedia:Alberto_Aquilani>	115754
<dbpedia:Adrien_Rabiot>	115702
<dbpedia:Graziano_Pell%C3%A8>	115586
<dbpedia:Elano>	115301
<dbpedia:Carl_Jenkinson>	115213
<dbpedia:Juninho_Pernambucano>	115083
<dbpedia:Wilfried_Zaha>	114975
<dbpedia:%C3%81d%C3%A1m_Bogd%C3%A1n>	114755
<dbpedia:Darren_Fletcher>	114634
<dbpedia:Mark_Noble>	114518
<dbpedia:Guillermo_Ochoa>	114459
<dbpedia:Dick_Advocaat>	114344
<dbpedia:Sadio_Man%C3%A9>	114132
<dbpedia:Luuk_de_Jong>	113699
<dbpedia:Gerd_M%C3%BCller>	113652
<dbpedia:Kevin_Wimmer>	113652
<dbpedia:Gary_Medel>	113516
<dbpedia:Sunil_Chhetri>	113154
<dbpedia:Jonathan_Woodgate>	112912
<dbpedia:Aleksandar_Kolarov>	112693
<dbpedia:Raul_Meireles>	112536
<dbpedia:Kieran_Trippier>	112472
<dbpedia:Richard_Wright_(footballer)>	112463
<dbpedia:Darren_Bent>	112442
<dbpedia:Max_Kruse>	112371
<dbpedia:Ryan_Bertrand>	112169
<dbpedia:Jan_Vertonghen>	111965
<dbpedia:Paul_Ince>	111944
<dbpedia:Will_Keane>	111858
<dbpedia:Fabien_Barthez>	111742
<dbpedia:Mathew_Ryan>	111706
<dbpedia:Ricardo_Goulart>	111656
<dbpedia:Vicente_del_Bosque>	111615
<dbpedia:Andre_Gray>	111599
<dbpedia:Bojan_Krki%C4%87>	111521
<dbpedia:Denis_Law>	110637
<dbpedia:Kei_Kamara>	110611
<dbpedia:Salomon_Kalou>	110531
<dbpedia:Alessio_Cerci>	110308
<dbpedia:Karim_Bellarabi>	110071
<dbpedia:Nicky_Butt>	109691
<dbpedia:Garry_Monk>	109499
<dbpedia:Ryan_Babel>	109392
<dbpedia:Lucas_Biglia>	108997
<dbpedia:Luka_Modri%C4%87>	108858
<dbpedia:Fernando_Morientes>	108681
<dbpedia:Lorenzo_Insigne>	108561
<dbpedia:Georgios_Samaras>	108540
<dbpedia:Ryan_Mason>	108393
<dbpedia:Bryan_Robson>	108173
<dbpedia:Benjamin_Stambouli>	108003
<dbpedia:Fred_(footballer)>	108000
<dbpedia:Bertrand_Traor%C3%A9>	107928
<dbpedia:Guti_(footballer)>	107905
<dbpedia:Rodrigo_Ely>	107882
<dbpedia:Andr%C3%A9_Sch%C3%BCrrle>	107606
<dbpedia:Fredrik_Ljungberg>	107519
<dbpedia:Alen_Halilovi%C4%87>	107510
<dbpedia:Nacer_Chadli>	107447
<dbpedia:Maarten_Stekelenburg>	107403
<dbpedia:Pablo_Aimar>	107387
<dbpedia:Joshua_King_(footballer)>	107160
<dbpedia:Michael_Hector>	107091
<dbpedia:Ashlyn_Harris>	107087
<dbpedia:Ei%C3%B0ur_Gu%C3%B0johnsen>	107051
<dbpedia:Jeremain_Lens>	106918
<dbpedia:Tony_Pulis>	106871
<dbpedia:Yossi_Benayoun>	106693
<dbpedia:Leonardo_Bonucci>	106659
<dbpedia:Jon_Flanagan>	106643
<dbpedia:Louis_Saha>	106528
<dbpedia:Stanley_Matthews>	106466
<dbpedia:Ricardo_Oliveira>	106313
<dbpedia:Jens_Lehmann>	106305
<dbpedia:Jonathan_Walters>	106297
<dbpedia:Djibril_Ciss%C3%A9>	106288
<dbpedia:Gareth_Seddon>	106127
<dbpedia:Craig_Bellamy>	106031
<dbpedia:Leigh_Griffiths>	105710
<dbpedia:Aleksandr_Kokorin>	105589
<dbpedia:Pablo_Zabaleta>	105470
<dbpedia:Bryan_Ruiz>	105304
<dbpedia:David_Seaman>	104550
<dbpedia:Marco_Amelia>	104428
<dbpedia:Gianluca_Lapadula>	104420
<dbpedia:Alessandro_Matri>	104199
<dbpedia:Diego_Tardelli>	104088
<dbpedia:William_Carvalho>	103754
<dbpedia:Damien_Duff>	103613
<dbpedia:Howard_Kendall>	103467
<dbpedia:Oriol_Romeu>	103355
<dbpedia:Lucas_Silva_Borges>	103013
<dbpedia:Colin_Kazim-Richards>	102797
<dbpedia:Enner_Valencia>	102722
<dbpedia:Joselu>	102600
<dbpedia:Alan_Carvalho>	102572
<dbpedia:Loris_Karius>	102419
<dbpedia:Alexi_Lalas>	102384
<dbpedia:Giovanni_van_Bronckhorst>	102232
<dbpedia:Nemanja_Vidi%C4%87>	101426
<dbpedia:Franco_Baresi>	101196
<dbpedia:Thiago_Alc%C3%A2ntara>	101103
<dbpedia:Hidetoshi_Nakata>	100922
<dbpedia:Robbie_Rogers>	100435
<dbpedia:Marcin_Wasilewski>	100381
<dbpedia:Mauricio_Isla>	100352
<dbpedia:Kieran_Gibbs>	100150
<dbpedia:Tiago_Mendes>	100039
<dbpedia:Rom%C3%A1rio>	100006
<dbpedia:Sulley_Muntari>	100000
<dbpedia:Ian_Botham>	99918
<dbpedia:Max_Gradel>	99884
<dbpedia:Matt_Busby>	99781
<dbpedia:Daniel_Amartey>	99704
<dbpedia:Aymen_Abdennour>	99579
<dbpedia:Andr%C3%A9s_Escobar>	99326
<dbpedia:Alberto_Gilardino>	99239
<dbpedia:Darren_Randolph>	99149
<dbpedia:Brad_Friedel>	99144
<dbpedia:Juande_Ramos>	98983
<dbpedia:Connor_Wickham>	98842
<dbpedia:Baf%C3%A9timbi_Gomis>	98691
<dbpedia:Jari_Litmanen>	98597
<dbpedia:Dunga>	98573
<dbpedia:James_McClean>	98504
<dbpedia:Brad_Guzan>	98501
<dbpedia:Salvatore_Sirigu>	98230
<dbpedia:Kyle_Walker>	98199
<dbpedia:Elkeson>	97936
<dbpedia:R%C3%A9mi_Garde>	97905
<dbpedia:Mattia_Destro>	97756
<dbpedia:Jorge_Sampaoli>	97011
<dbpedia:Ricky_van_Wolfswinkel>	96952
<dbpedia:Karl-Heinz_Rummenigge>	96922
<dbpedia:Alessandro_Diamanti>	96865
<dbpedia:Bruno_Zuculini>	96745
<dbpedia:Victor_Wanyama>	96712
<dbpedia:Marouane_Chamakh>	96574
<dbpedia:Gary_Hooper>	96456
<dbpedia:Diafra_Sakho>	96381
<dbpedia:Kevin_Volland>	96296
<dbpedia:Gregory_van_der_Wiel>	96215
<dbpedia:Vincent_Aboubakar>	96194
<dbpedia:Moussa_Sissoko>	96177
<dbpedia:John_Barnes_(footballer)>	96173
<dbpedia:Marc_Janko>	96119
<dbpedia:Jordy_Clasie>	96061
<dbpedia:Wes_Brown>	95942
<dbpedia:Bill_Shankly>	95607
<dbpedia:Leighton_Baines>	95588
<dbpedia:Ivan_Peri%C5%A1i%C4%87>	95447
<dbpedia:Bobby_Zamora>	95124
<dbpedia:Hern%C3%A1n_Crespo>	95040
<dbpedia:Jonathan_Soriano>	94958
<dbpedia:David_Nugent>	94933
<dbpedia:J%C3%A9r%C3%B4me_Boateng>	94923
<dbpedia:Cuco_Martina>	94741
<dbpedia:Kevin_Kampl>	94559
<dbpedia:%C3%81ngelo_Henr%C3%ADquez>	94542
<dbpedia:Fabrice_Muamba>	94308
<dbpedia:Jan_Kirchhoff>	94012
<dbpedia:Gonzalo_Castro>	93876
<dbpedia:Phil_Jagielka>	93797
<dbpedia:Aiden_McGeady>	93758
<dbpedia:Jonathan_Biabiany>	93693
<dbpedia:Marcel_Desailly>	93437
<dbpedia:%C3%81lvaro_Negredo>	93419
<dbpedia:Jonathan_dos_Santos>	93410
<dbpedia:Heurelho_Gomes>	93339
<dbpedia:Alfredo_Di_St%C3%A9fano>	93152
<dbpedia:Roberto_Pereyra>	93132
<dbpedia:Ole_Gunnar_Solskj%C3%A6r>	93059
<dbpedia:Jerome_Sinclair>	92997
<dbpedia:Homare_Sawa>	92785
<dbpedia:Tito_Vilanova>	92763
<dbpedia:Will_Grigg>	92641
<dbpedia:Garrincha>	92419
<dbpedia:Maurizio_Sarri>	92362
<dbpedia:Kevin_Mirallas>	92209
<dbpedia:Seydou_Keita_(footballer)>	92113
<dbpedia:Rui_Costa>	92030
<dbpedia:Pedro_Obiang>	92018
<dbpedia:Stuart_Holden>	91991
<dbpedia:Mark_van_Bommel>	91844
<dbpedia:Stuart_Pearce>	91762
<dbpedia:Ezequiel_Garay>	91706
<dbpedia:Valon_Behrami>	91647
<dbpedia:Juan_Bernat>	91505
<dbpedia:Amy_Rodriguez>	90987
<dbpedia:Gus_Poyet>	90960
<dbpedia:Andrea_Barzagli>	90956
<dbpedia:Ali_Daei>	90930
<dbpedia:Matt_Ritchie>	90805
<dbpedia:Billy_Wingrove>	90734
<dbpedia:%C4%B0lkay_G%C3%BCndo%C4%9Fan>	90620
<dbpedia:Marcello_Lippi>	90500
<dbpedia:David_Platt_(footballer)>	90479
<dbpedia:Valeri_Bojinov>	90463
<dbpedia:Dieumerci_Mbokani>	90413
<dbpedia:Ashley_Williams_(footballer)>	90286
<dbpedia:Branislav_Ivanovi%C4%87>	90045
<dbpedia:Bert_Trautmann>	90009
<dbpedia:Gordon_Banks>	89952
<dbpedia:Marc_Overmars>	89943
<dbpedia:Peter_Odemwingie>	89913
<dbpedia:Alessandro_Florenzi>	89892
<dbpedia:Fabian_Johnson>	89739
<dbpedia:Bakary_Sako>	89650
<dbpedia:M%C3%A1rton_F%C3%BCl%C3%B6p>	89536
<dbpedia:Mohamed_Sissoko>	89516
<dbpedia:Brian_Laudrup>	89488
<dbpedia:Brown_Ideye>	89450
<dbpedia:David_Bentley>	89332
<dbpedia:Darijo_Srna>	89227
<dbpedia:Kenny_Miller>	89016
<dbpedia:Carlos_Valderrama>	88968
<dbpedia:Stefano_Okaka>	88960
<dbpedia:C%C3%A9dric_Soares>	88720
<dbpedia:Jack_Charlton>	88636
<dbpedia:Dedryck_Boyata>	88579
<dbpedia:David_Ginola>	88543
<dbpedia:Lo%C3%AFc_R%C3%A9my>	88541
<dbpedia:Ray_Wilkins>	88538
<dbpedia:Christoph_Kramer>	88528
<dbpedia:Sylvain_Distin>	88494
<dbpedia:Dries_Mertens>	88484
<dbpedia:Shunsuke_Nakamura>	88375
<dbpedia:Neil_Lennon>	88350
<dbpedia:Artur_Boruc>	88280
<dbpedia:Jordan_Lukaku>	88198
<dbpedia:Giovanni_Trapattoni>	88087
<dbpedia:Lorik_Cana>	88069
<dbpedia:Paul_Lambert>	88007
<dbpedia:Alan_Pulido>	87748
<dbpedia:Lucas_Barrios>	87406
<dbpedia:Justin_Fashanu>	87050
<dbpedia:Shola_Ameobi>	86941
<dbpedia:Emmanuel_Petit>	86776
<dbpedia:Luciano_Spalletti>	86683
<dbpedia:Ferenc_Pusk%C3%A1s>	86601
<dbpedia:Brandi_Chastain>	86580
<dbpedia:Jermaine_Jones>	86562
<dbpedia:Costel_Pantilimon>	86355
<dbpedia:Frederico_Rodrigues_Santos>	86281
<dbpedia:Davide_Santon>	86222
<dbpedia:Juan_Pablo_Galavis>	86141
<dbpedia:Kolo_Tour%C3%A9>	86095
<dbpedia:Fernando_Hierro>	85832
<dbpedia:Adem_Ljaji%C4%87>	85705
<dbpedia:Ahmed_Musa_(footballer)>	85521
<dbpedia:Bill_Nicholson_(footballer)>	85387
<dbpedia:Ra%C3%BAl_Jim%C3%A9nez>	85339
<dbpedia:Gerardo_Martino>	85312
<dbpedia:Antonio_Donnarumma>	85220
<dbpedia:Jay_Rodriguez>	85123
<dbpedia:Aitor_Karanka>	84970
<dbpedia:Kenwyne_Jones>	84873
<dbpedia:Javier_Manquillo>	84722
<dbpedia:Emmanuel_Frimpong>	84652
<dbpedia:Pajtim_Kasami>	84554
<dbpedia:Ryan_Gauld>	84454
<dbpedia:Mark_Wright_(TV_personality)>	84228
<dbpedia:William_Gallas>	84223
<dbpedia:Omar_Abdulrahman>	84146
<dbpedia:Sofiane_Feghouli>	84120
<dbpedia:Roy_Makaay>	84029
<dbpedia:Artyom_Dzyuba>	84023
<dbpedia:Nemanja_Mati%C4%87>	83827
<dbpedia:Francesco_Guidolin>	83592
<dbpedia:Thomas_Midgley>	83556
<dbpedia:Les_Ferdinand>	83498
<dbpedia:Iain_Hume>	83436
<dbpedia:Gilberto_Silva>	83181
<dbpedia:Mame_Biram_Diouf>	83158
<dbpedia:Adil_Rami>	82920
<dbpedia:Jonas_Hector>	82522
<dbpedia:Luciano_Narsingh>	82322
<dbpedia:Walter_Samuel>	82270
<dbpedia:Ola_Toivonen>	82172
<dbpedia:Franco_Di_Santo>	82160
<dbpedia:Kostas_Manolas>	82156
<dbpedia:Yuto_Nagatomo>	82114
<dbpedia:Stan_Collymore>	82113
<dbpedia:Andrea_Ranocchia>	81934
<dbpedia:Tom%C3%A1%C5%A1_Rosick%C3%BD>	81909
<dbpedia:Jakub_B%C5%82aszczykowski>	81689
<dbpedia:Michael_Krohn-Dehli>	81685
<dbpedia:Quique_Flores>	81423
<dbpedia:Becky_Sauerbrunn>	81421
<dbpedia:Riccardo_Montolivo>	81364
<dbpedia:Gianluca_Zambrotta>	81302
<dbpedia:Federico_Fazio>	81229
<dbpedia:F%C3%A1bio_Coentr%C3%A3o>	81218
<dbpedia:Royston_Drenthe>	81182
<dbpedia:Bixente_Lizarazu>	81134
<dbpedia:Paul_Merson>	81101
<dbpedia:Ritchie_De_Laet>	81068
<dbpedia:Stephan_Lichtsteiner>	80953
<dbpedia:Juan_Fernando_Quintero>	80767
<dbpedia:Renato_Augusto>	80752
<dbpedia:Antonio_Nocerino>	80655
<dbpedia:Gonzalo_Jara>	80441
<dbpedia:Sokratis_Papastathopoulos>	80306
<dbpedia:Charlie_Adam>	80238
<dbpedia:Salvatore_Schillaci>	80207
<dbpedia:Giacomo_Bonaventura>	80153
<dbpedia:Eljero_Elia>	80080
<dbpedia:Stuart_Tomlinson>	80062
<dbpedia:Goran_Pandev>	79869
<dbpedia:Holger_Badstuber>	79823
<dbpedia:Glenn_Hoddle>	79819
<dbpedia:Alex_Pritchard>	79665
<dbpedia:Moussa_Sow>	79590
<dbpedia:Ethan_Zohn>	79422
<dbpedia:Gianluca_Vialli>	79361
<dbpedia:Ross_McCormack>	79315
<dbpedia:Duncan_Ferguson>	79230
<dbpedia:Mido_(footballer)>	79193
<dbpedia:Shannon_Boxx>	79052
<dbpedia:Massimo_Luongo>	78971
<dbpedia:Tom_Carroll_(English_footballer)>	78879
<dbpedia:Tom_Ince>	78765
<dbpedia:Geoff_Hurst>	78745
<dbpedia:Enzo_Fern%C3%A1ndez>	78690
<dbpedia:Sam_Johnstone>	78660
<dbpedia:Chris_Kamara>	78616
<dbpedia:Rodrigo_Palacio>	78613
<dbpedia:Kyle_Martino>	78484
<dbpedia:Juraj_Kucka>	78331
<dbpedia:Christian_Abbiati>	78239
<dbpedia:Siem_de_Jong>	78137
<dbpedia:Tom_Heaton>	78119
<dbpedia:Just_Fontaine>	78111
<dbpedia:Taulant_Xhaka>	78024
<dbpedia:Sam_Byram>	77842
<dbpedia:Paulo_Henrique_Ganso>	77816
<dbpedia:Matthias_Ginter>	77742
<dbpedia:Mile_Jedinak>	77697
<dbpedia:Paul_Konchesky>	77564
<dbpedia:Dion_Dublin>	77543
<dbpedia:Lewis_Holtby>	77534
<dbpedia:Diego_Perotti>	77508
<dbpedia:Rapha%C3%ABl_Varane>	77449
<dbpedia:Vincenzo_Montella>	77401
<dbpedia:Steven_Pienaar>	77347
<dbpedia:Martyn_Waghorn>	77333
<dbpedia:Admir_Mehmedi>	77319
<dbpedia:Ryo_Miyaichi>	77248
<dbpedia:Nicol%C3%A1s_Gait%C3%A1n>	77104
<dbpedia:Kevin_Doyle>	77071
<dbpedia:Josh_McEachran>	76795
<dbpedia:Brad_Jones_(footballer)>	76705
<dbpedia:Charles_Ar%C3%A1nguiz>	76607
<dbpedia:Mart%C3%ADn_Montoya>	76209
<dbpedia:Bob_Paisley>	76193
<dbpedia:Bruno_Alves>	76076
<dbpedia:Lothar_Matth%C3%A4us>	76007
<dbpedia:Kevin_Strootman>	75956
<dbpedia:John_Heitinga>	75546
<dbpedia:H%C3%A9lder_Postiga>	75533
<dbpedia:Ellyse_Perry>	75360
<dbpedia:Jerzy_Dudek>	75138
<dbpedia:Luiz_Gustavo>	75085
<dbpedia:Avram_Grant>	75043
<dbpedia:Fernando_Gago>	75033
<dbpedia:Serdar_Tasci>	74925
<dbpedia:Antonio_Candreva>	74844
<dbpedia:Terry_Venables>	74808
<dbpedia:Douglas_Pereira_dos_Santos>	74749
<dbpedia:Gaizka_Mendieta>	74642
<dbpedia:Carlos_Carvalhal>	74614
<dbpedia:Miroslav_Stoch>	74521
<dbpedia:Philippe_Senderos>	74405
<dbpedia:Roberto_Rojas>	74259
<dbpedia:Viktor_Fischer>	74232
<dbpedia:Martin_Keown>	74166
<dbpedia:Harry_Arter>	74154
<dbpedia:Jean-Pierre_Papin>	74006
<dbpedia:Aly_Cissokho>	73966
<dbpedia:Bob_Bradley>	73671
<dbpedia:Gabriel_Heinze>	73575
<dbpedia:Matty_James>	73466
<dbpedia:C%C3%A9sar_Azpilicueta>	73454
<dbpedia:Idrissa_Gueye>	73402
<dbpedia:Oguchi_Onyewu>	73151
<dbpedia:Jefferson_Montero>	73031
<dbpedia:Kevin_Phillips_(footballer)>	72962
<dbpedia:Mathias_Pogba>	72847
<dbpedia:Leroy_Fer>	72810
<dbpedia:Andre_Wisdom>	72809
<dbpedia:Anatoliy_Tymoshchuk>	72736
<dbpedia:Fabricio_Coloccini>	72486
<dbpedia:Yakubu_Aiyegbeni>	72366
<dbpedia:Carlos_Queiroz>	72312
<dbpedia:Roy_Carroll>	72264
<dbpedia:Juninho_Paulista>	72163
<dbpedia:Yohan_Benalouane>	72095
<dbpedia:Ronny_Deila>	72092
<dbpedia:Lars_Bender>	72081
<dbpedia:Fernando_Cavenaghi>	72060
<dbpedia:Phillip_Cocu>	72059
<dbpedia:Jorge_Jesus>	72019
<dbpedia:Ryan_Shawcross>	71931
<dbpedia:L%C3%BAcio>	71925
<dbpedia:Luke_Brattan>	71900
<dbpedia:Robert_Pir%C3%A8s>	71781
<dbpedia:DaMarcus_Beasley>	71364
<dbpedia:Kevin_Gro%C3%9Fkreutz>	71272
<dbpedia:John_Fashanu>	71247
<dbpedia:Roman_Weidenfeller>	71239
<dbpedia:Marcus_Berg>	71132
<dbpedia:Marko_Arnautovi%C4%87>	71035
<dbpedia:Jasper_Cillessen>	70944
<dbpedia:Danny_Webber>	70913
<dbpedia:Kristine_Lilly>	70780
<dbpedia:Nathan_Redmond>	70752
<dbpedia:Nigel_Clough>	70751
<dbpedia:Aaron_Cresswell>	70611
<dbpedia:Kalidou_Koulibaly>	70592
<dbpedia:Dino_Zoff>	70519
<dbpedia:G%C3%B6khan_Inler>	70470
<dbpedia:Jos%C3%A9_Antonio_Reyes>	70443
<dbpedia:Fernando_Muslera>	70434
<dbpedia:Abedi_Pele>	70347
<dbpedia:V%C3%ADctor_Ibarbo>	70334
<dbpedia:Anthony_Stokes>	70207
<dbpedia:Andr%C3%A9s_Guardado>	70144
<dbpedia:Karim_Rekik>	70127
<dbpedia:Henri_Saivet>	70125
<dbpedia:Mauro_Z%C3%A1rate>	70079
<dbpedia:Anthony_Knockaert>	69972
<dbpedia:Mark_Viduka>	69944
<dbpedia:Dwight_Gayle>	69884
<dbpedia:Ally_McCoist>	69805
<dbpedia:Jes%C3%BAs_Navas>	69789
<dbpedia:Gylfi_Sigur%C3%B0sson>	69709
<dbpedia:Ron-Robert_Zieler>	69686
<dbpedia:Martin_O'Neill>	69654
<dbpedia:Nuri_%C5%9Eahin>	69504
<dbpedia:Robert_Green>	69480
<dbpedia:Nikola_Kalini%C4%87>	69359
<dbpedia:Lewis_Grabban>	69194
<dbpedia:Nadine_Angerer>	69151
<dbpedia:James_McCarthy_(footballer)>	69028
