<dbpedia:Donald_Trump>	19075390
<dbpedia:Prince_(musician)>	8704325
<dbpedia:David_Bowie>	8385794
<dbpedia:United_States>	8383803
<dbpedia:Google>	7295384
<dbpedia:Barack_Obama>	5665820
<dbpedia:India>	5453630
<dbpedia:United_Kingdom>	4985994
<dbpedia:Adolf_Hitler>	4679437
<dbpedia:Leonardo_DiCaprio>	4640465
<dbpedia:China>	4481694
<dbpedia:Steve_Jobs>	4450282
<dbpedia:Canada>	4219012
<dbpedia:Elizabeth_II>	4140732
<dbpedia:Kanye_West>	3959541
<dbpedia:Elon_Musk>	3915049
<dbpedia:Australia>	3907219
<dbpedia:Eminem>	3899960
<dbpedia:Germany>	3769728
<dbpedia:Russia>	3642226
<dbpedia:Albert_Einstein>	3601821
<dbpedia:Ronald_Reagan>	3521509
<dbpedia:Johnny_Depp>	3475291
<dbpedia:Michael_Jackson>	3426170
<dbpedia:Japan>	3421082
<dbpedia:Stephen_Hawking>	3402477
<dbpedia:Mahatma_Gandhi>	3361481
<dbpedia:Martin_Luther_King,_Jr.>	3280044
<dbpedia:Dr._Dre>	3259020
<dbpedia:Singapore>	3206865
<dbpedia:France>	3175221
<dbpedia:Eazy-E>	3086385
<dbpedia:Abraham_Lincoln>	3029273
<dbpedia:John_F._Kennedy>	2952094
<dbpedia:Bill_Gates>	2927261
<dbpedia:Kim_Kardashian>	2823315
<dbpedia:The_Beatles>	2735356
<dbpedia:Bill_Clinton>	2725148
<dbpedia:Mark_Zuckerberg>	2713142
<dbpedia:Arnold_Schwarzenegger>	2704906
<dbpedia:New_Zealand>	2684163
<dbpedia:Syria>	2645230
<dbpedia:Netherlands>	2627408
<dbpedia:Turkey>	2623750
<dbpedia:George_W._Bush>	2609600
<dbpedia:Philippines>	2596847
<dbpedia:Theodore_Roosevelt>	2522814
<dbpedia:Franklin_D._Roosevelt>	2482902
<dbpedia:Tom_Cruise>	2463814
<dbpedia:Iran>	2458836
<dbpedia:Vladimir_Putin>	2438222
<dbpedia:Amazon.com>	2437328
<dbpedia:Brazil>	2421789
<dbpedia:Hong_Kong>	2401449
<dbpedia:George_Washington>	2348276
<dbpedia:Iceland>	2346677
<dbpedia:Italy>	2339574
<dbpedia:Jimmy_Carter>	2327434
<dbpedia:Will_Smith>	2316735
<dbpedia:Quentin_Tarantino>	2302723
<dbpedia:Switzerland>	2299065
<dbpedia:Sylvester_Stallone>	2291564
<dbpedia:Mexico>	2268204
<dbpedia:Ottoman_Empire>	2265901
<dbpedia:Nikola_Tesla>	2261651
<dbpedia:Pakistan>	2252844
<dbpedia:Spain>	2251182
<dbpedia:Alexander_Hamilton>	2246931
<dbpedia:Ben_Affleck>	2243603
<dbpedia:Frank_Sinatra>	2243143
<dbpedia:Sweden>	2214950
<dbpedia:United_Arab_Emirates>	2210206
<dbpedia:Saudi_Arabia>	2203577
<dbpedia:Novak_Djokovic>	2187662
<dbpedia:Napoleon>	2186789
<dbpedia:Soviet_Union>	2167182
<dbpedia:Joseph_Stalin>	2162637
<dbpedia:Jennifer_Aniston>	2154567
<dbpedia:Indonesia>	2132184
<dbpedia:George_H._W._Bush>	2112892
<dbpedia:South_Africa>	2107677
<dbpedia:Madonna_(entertainer)>	2085123
<dbpedia:Henry_VIII_of_England>	2081386
<dbpedia:Belgium>	2075572
<dbpedia:Amy_Winehouse>	2073031
<dbpedia:Queen_Victoria>	2069438
<dbpedia:Roger_Federer>	2058225
<dbpedia:Stanford_University>	2046675
<dbpedia:Greece>	2036773
<dbpedia:South_Korea>	2002556
<dbpedia:Tom_Hanks>	1990009
<dbpedia:Bob_Marley>	1980131
<dbpedia:John_Lennon>	1978400
<dbpedia:Matt_Damon>	1971375
<dbpedia:United_Nations>	1965129
<dbpedia:Poland>	1947556
<dbpedia:Denmark>	1921823
<dbpedia:Norway>	1920531
<dbpedia:Walt_Disney>	1916133
<dbpedia:Elizabeth_I_of_England>	1902409
<dbpedia:Richard_Nixon>	1899617
<dbpedia:Gwen_Stefani>	1893709
<dbpedia:Mother_Teresa>	1877120
<dbpedia:Snoop_Dogg>	1876943
<dbpedia:Egypt>	1864631
<dbpedia:Jesus>	1848218
<dbpedia:Thomas_Jefferson>	1846671
<dbpedia:Brad_Pitt>	1843626
<dbpedia:Jeb_Bush>	1840130
<dbpedia:Winston_Churchill>	1825516
<dbpedia:Ukraine>	1816866
<dbpedia:Malaysia>	1807806
<dbpedia:Nelson_Mandela>	1806678
<dbpedia:Sigmund_Freud>	1795493
<dbpedia:Nigeria>	1782236
<dbpedia:Charlie_Chaplin>	1763933
<dbpedia:Steven_Spielberg>	1757987
<dbpedia:Mark_Wahlberg>	1745400
<dbpedia:Benjamin_Franklin>	1743653
<dbpedia:Thailand>	1727923
<dbpedia:Robert_De_Niro>	1721444
<dbpedia:J._J._Abrams>	1709237
<dbpedia:Warren_Buffett>	1703389
<dbpedia:Vin_Diesel>	1700480
<dbpedia:Jennifer_Lopez>	1699376
<dbpedia:Bangladesh>	1691020
<dbpedia:Argentina>	1675826
<dbpedia:Andy_Warhol>	1673770
<dbpedia:Katy_Perry>	1652644
<dbpedia:Suge_Knight>	1649460
<dbpedia:Thomas_Edison>	1649191
<dbpedia:Clint_Eastwood>	1645703
<dbpedia:Finland>	1636136
<dbpedia:Che_Guevara>	1633317
<dbpedia:Romania>	1629091
<dbpedia:Paul_McCartney>	1626136
<dbpedia:Malcolm_X>	1621744
<dbpedia:Dwight_D._Eisenhower>	1618553
<dbpedia:Austria>	1600408
<dbpedia:Jared_Leto>	1596658
<dbpedia:Lyndon_B._Johnson>	1591654
<dbpedia:Cuba>	1579863
<dbpedia:Mariah_Carey>	1576511
<dbpedia:Qatar>	1566991
<dbpedia:Colombia>	1562240
<dbpedia:George_Lucas>	1541321
<dbpedia:Seth_MacFarlane>	1539367
<dbpedia:Stephen_King>	1535337
<dbpedia:Karl_Marx>	1527355
<dbpedia:Jimi_Hendrix>	1526760
<dbpedia:Howard_Hughes>	1521278
<dbpedia:Malta>	1499299
<dbpedia:Czech_Republic>	1494008
<dbpedia:Iraq>	1493263
<dbpedia:Joe_Biden>	1482635
<dbpedia:J._K._Rowling>	1480510
<dbpedia:Osama_bin_Laden>	1478143
<dbpedia:Morocco>	1470476
<dbpedia:Adam_Sandler>	1461579
<dbpedia:Mao_Zedong>	1455212
<dbpedia:Michael_J._Fox>	1442159
<dbpedia:Mauritius>	1439286
<dbpedia:Sri_Lanka>	1437027
<dbpedia:George_Clooney>	1435631
<dbpedia:Shakira>	1433264
<dbpedia:Christopher_Nolan>	1427431
<dbpedia:Hungary>	1420812
<dbpedia:John_McCain>	1416750
<dbpedia:Fidel_Castro>	1401112
<dbpedia:Justin_Timberlake>	1397174
<dbpedia:Bill_Cosby>	1394687
<dbpedia:Tyga>	1383957
<dbpedia:Serbia>	1383353
<dbpedia:Amy_Poehler>	1375449
<dbpedia:Frederick_Douglass>	1372741
<dbpedia:Hugh_Jackman>	1372193
<dbpedia:Charles,_Prince_of_Wales>	1371611
<dbpedia:Galileo_Galilei>	1367767
<dbpedia:Saddam_Hussein>	1365559
<dbpedia:Lebanon>	1364161
<dbpedia:50_Cent>	1364096
<dbpedia:Armenia>	1362859
<dbpedia:Jackie_Chan>	1356919
<dbpedia:Ashton_Kutcher>	1352181
<dbpedia:Rashida_Jones>	1349666
<dbpedia:Margaret_Thatcher>	1345076
<dbpedia:Luxembourg>	1328123
<dbpedia:Lil_Wayne>	1325762
<dbpedia:Vladimir_Lenin>	1315483
<dbpedia:Prince_Philip,_Duke_of_Edinburgh>	1313354
<dbpedia:Morgan_Freeman>	1311720
<dbpedia:Kevin_Spacey>	1298428
<dbpedia:Elton_John>	1295960
<dbpedia:Portugal>	1290473
<dbpedia:Mark_Cuban>	1288555
<dbpedia:Chile>	1284755
<dbpedia:Ethiopia>	1283613
<dbpedia:Benito_Mussolini>	1261736
<dbpedia:Stan_Lee>	1258154
<dbpedia:Charlemagne>	1248826
<dbpedia:Stephen_Colbert>	1245902
<dbpedia:Pierre_Trudeau>	1244157
<dbpedia:James_Cameron>	1236624
<dbpedia:George_Harrison>	1234117
<dbpedia:Mary-Kate_Olsen>	1224385
<dbpedia:Mel_Gibson>	1220777
<dbpedia:Larry_Page>	1211389
<dbpedia:Gordon_Ramsay>	1204634
<dbpedia:Ewan_McGregor>	1201742
<dbpedia:Republic_of_Ireland>	1200958
<dbpedia:Steve_Wozniak>	1198762
<dbpedia:John_Wayne>	1194857
<dbpedia:Jon_Stewart>	1188429
<dbpedia:Hayao_Miyazaki>	1187764
<dbpedia:The_Walt_Disney_Company>	1184454
<dbpedia:Harry_S._Truman>	1179475
<dbpedia:Catholic_Church>	1165973
<dbpedia:Marvin_Gaye>	1161873
<dbpedia:Eric_Clapton>	1159186
<dbpedia:Mary_I_of_England>	1159135
<dbpedia:Venezuela>	1157578
<dbpedia:Ian_McKellen>	1152568
<dbpedia:Belarus>	1152384
<dbpedia:Martin_Scorsese>	1145891
<dbpedia:Oprah_Winfrey>	1144544
<dbpedia:IBM>	1144439
<dbpedia:Dominican_Republic>	1140738
<dbpedia:Muammar_Gaddafi>	1135758
<dbpedia:Bruce_Willis>	1131288
<dbpedia:Peru>	1127773
<dbpedia:J._R._R._Tolkien>	1118729
<dbpedia:Elizabeth_Taylor>	1115084
<dbpedia:Dave_Grohl>	1101766
<dbpedia:Marie_Curie>	1098003
<dbpedia:Stevie_Wonder>	1097940
<dbpedia:John_Adams>	1092113
<dbpedia:Kenya>	1091946
<dbpedia:Jawaharlal_Nehru>	1091876
<dbpedia:Samsung>	1089826
<dbpedia:Harvard_University>	1082856
<dbpedia:Hugh_Hefner>	1082156
<dbpedia:Bahrain>	1081221
<dbpedia:Michelangelo>	1076554
<dbpedia:Costa_Rica>	1072125
<dbpedia:Satoru_Iwata>	1064991
<dbpedia:Woodrow_Wilson>	1063068
<dbpedia:Stephen_Harper>	1056098
<dbpedia:Brunei>	1055777
<dbpedia:Augustus>	1047550
<dbpedia:Will_Ferrell>	1045920
<dbpedia:Salma_Hayek>	1045170
<dbpedia:Helen_Keller>	1044828
<dbpedia:Jerry_Heller>	1044250
<dbpedia:Ringo_Starr>	1041054
<dbpedia:Drew_Barrymore>	1039509
<dbpedia:Grace_Kelly>	1037372
<dbpedia:Kourtney_Kardashian>	1037363
<dbpedia:Rabindranath_Tagore>	1023059
<dbpedia:Yahoo!>	1012962
<dbpedia:Jacqueline_Kennedy_Onassis>	1010983
<dbpedia:Macau>	1010965
<dbpedia:John_D._Rockefeller>	1010395
<dbpedia:Vince_McMahon>	1010013
<dbpedia:Louis_XIV_of_France>	1006051
<dbpedia:Belize>	998171
<dbpedia:Magic_Johnson>	994191
<dbpedia:Paul_Newman>	993520
<dbpedia:Pharrell_Williams>	992272
<dbpedia:Rupert_Murdoch>	989314
<dbpedia:Kuwait>	976409
<dbpedia:Dolly_Parton>	974193
<dbpedia:Demi_Moore>	959605
<dbpedia:Slovakia>	956802
<dbpedia:M._Night_Shyamalan>	955747
<dbpedia:Tanzania>	952704
<dbpedia:Michael_Bloomberg>	943214
<dbpedia:Philip_Seymour_Hoffman>	941043
<dbpedia:George_III_of_the_United_Kingdom>	939431
<dbpedia:Panama>	937952
<dbpedia:Steve_Irwin>	937923
<dbpedia:Sergey_Brin>	932323
<dbpedia:Oman>	932122
<dbpedia:Carl_Sagan>	930986
<dbpedia:Sarah_Palin>	930922
<dbpedia:Andy_Samberg>	930688
<dbpedia:Ghana>	929677
<dbpedia:Henry_Ford>	928433
<dbpedia:Richard_Branson>	927590
<dbpedia:George_Soros>	926322
<dbpedia:Ecuador>	925021
<dbpedia:Guyana>	924775
<dbpedia:Indira_Gandhi>	921859
<dbpedia:Ron_Howard>	919678
<dbpedia:Sean_Combs>	918345
<dbpedia:Bernard_Madoff>	917483
<dbpedia:Haiti>	912723
<dbpedia:Alice_Cooper>	911865
<dbpedia:Christopher_Reeve>	911743
<dbpedia:Colonel_Sanders>	909472
<dbpedia:Jeff_Bezos>	908030
<dbpedia:James_VI_and_I>	907065
<dbpedia:B._R._Ambedkar>	906576
<dbpedia:Chuck_Norris>	903698
<dbpedia:Ford_Motor_Company>	903409
<dbpedia:Neil_Young>	902926
<dbpedia:Alexander_Graham_Bell>	900777
<dbpedia:William_the_Conqueror>	899616
<dbpedia:Pope_John_Paul_II>	894569
<dbpedia:Mikhail_Gorbachev>	893316
<dbpedia:Akon>	893192
<dbpedia:Jenna_Jameson>	891040
<dbpedia:Frank_Zappa>	889368
<dbpedia:Oliver_Cromwell>	884137
<dbpedia:Jada_Pinkett_Smith>	879305
<dbpedia:Alfred_Hitchcock>	876231
<dbpedia:Simon_Cowell>	873300
<dbpedia:Dr._Seuss>	871307
<dbpedia:United_States_Congress>	868743
<dbpedia:Tiger_Woods>	868435
<dbpedia:A._R._Rahman>	866174
<dbpedia:Orson_Welles>	863166
<dbpedia:Edward_VII>	860434
<dbpedia:Iggy_Pop>	856742
<dbpedia:Nas>	856393
<dbpedia:Robert_E._Lee>	850246
<dbpedia:George_S._Patton>	847742
<dbpedia:Jason_Bateman>	845049
<dbpedia:Namibia>	844167
<dbpedia:Subhas_Chandra_Bose>	843543
<dbpedia:Kevin_Smith>	842588
<dbpedia:Uzbekistan>	842275
<dbpedia:East_India_Company>	839628
<dbpedia:David_Schwimmer>	838973
<dbpedia:Jude_Law>	838906
<dbpedia:Mitt_Romney>	832696
<dbpedia:Al_Gore>	831507
<dbpedia:Barbados>	829154
<dbpedia:Robert_Redford>	828732
<dbpedia:Gene_Wilder>	828537
<dbpedia:Amelia_Earhart>	827925
<dbpedia:Dean_Martin>	823485
<dbpedia:Jenny_McCarthy>	822133
<dbpedia:Pope_Benedict_XVI>	821997
<dbpedia:Tony_Blair>	815809
<dbpedia:Hans_Zimmer>	813144
<dbpedia:Aaron_Swartz>	812524
<dbpedia:Swami_Vivekananda>	811459
<dbpedia:Carlos_Slim>	811443
<dbpedia:Yugoslavia>	810926
<dbpedia:Guatemala>	809269
<dbpedia:Sting_(musician)>	807760
<dbpedia:Heinrich_Himmler>	805684
<dbpedia:Johnnie_Cochran>	804240
<dbpedia:Richard_Dawkins>	803704
<dbpedia:Moshe_Dayan>	801182
<dbpedia:Gloria_Vanderbilt>	799604
<dbpedia:Sony>	798568
<dbpedia:T.I.>	789787
<dbpedia:Seventh-day_Adventist_Church>	789432
<dbpedia:John_Mayer>	787199
<dbpedia:George_Carlin>	784154
<dbpedia:Lucille_Ball>	781938
<dbpedia:Charles_II_of_England>	779867
<dbpedia:Bolivia>	778479
<dbpedia:Kyrgyzstan>	777065
<dbpedia:Willie_Nelson>	776279
<dbpedia:Intel>	773740
<dbpedia:Eduardo_Saverin>	772701
<dbpedia:Mark_Ronson>	770249
<dbpedia:Julian_Assange>	769421
<dbpedia:Quincy_Jones>	767606
<dbpedia:Uruguay>	766825
<dbpedia:Herbert_Hoover>	760458
<dbpedia:Constantine_the_Great>	757980
<dbpedia:Charles_de_Gaulle>	757857
<dbpedia:Cyndi_Lauper>	757705
<dbpedia:Viggo_Mortensen>	755655
<dbpedia:David_Lynch>	752234
<dbpedia:Bhagat_Singh>	751719
<dbpedia:Nokia>	750185
<dbpedia:Robert_Shapiro_(lawyer)>	747477
<dbpedia:El_Salvador>	747011
<dbpedia:Lance_Armstrong>	745967
<dbpedia:Suriname>	744418
<dbpedia:James_Madison>	741007
<dbpedia:Leonard_Nimoy>	739986
<dbpedia:Pythagoras>	737791
<dbpedia:Harry_Houdini>	729282
<dbpedia:Alfred_the_Great>	728686
<dbpedia:Andrew_Carnegie>	727630
<dbpedia:Kiefer_Sutherland>	724308
<dbpedia:Elijah_Wood>	723998
<dbpedia:Uganda>	722870
<dbpedia:Malcolm_Turnbull>	722075
<dbpedia:Kim_Jong-il>	721680
<dbpedia:Henry_VII_of_England>	720434
<dbpedia:Dawood_Ibrahim>	720423
<dbpedia:Will_Arnett>	718504
<dbpedia:Judd_Apatow>	718003
<dbpedia:Gregory_Peck>	717560
<dbpedia:Richard_III_of_England>	717558
<dbpedia:David_Gilmour>	717343
<dbpedia:Douglas_MacArthur>	717219
<dbpedia:Paul_the_Apostle>	717123
<dbpedia:Alicia_Keys>	713302
<dbpedia:Liberia>	712965
<dbpedia:Aleister_Crowley>	712636
<dbpedia:Ray_Charles>	712313
<dbpedia:Virginia_Woolf>	712222
<dbpedia:Jimmy_Kimmel>	711624
<dbpedia:Aung_San_Suu_Kyi>	710150
<dbpedia:Leon_Trotsky>	709842
<dbpedia:Miranda_Kerr>	708772
<dbpedia:Aaron_Burr>	704997
<dbpedia:Honduras>	703095
<dbpedia:Francis_Ford_Coppola>	702608
<dbpedia:Mohammed_bin_Rashid_Al_Maktoum>	701812
<dbpedia:Vijay_Mallya>	696794
<dbpedia:Jim_Jones>	694460
<dbpedia:Dick_Cheney>	688542
<dbpedia:Don_Henley>	688195
<dbpedia:William_Howard_Taft>	685430
<dbpedia:Tajikistan>	684971
<dbpedia:Eleanor_Roosevelt>	684422
<dbpedia:Donnie_Wahlberg>	680594
<dbpedia:Carl_Jung>	680220
<dbpedia:Yale_University>	679559
<dbpedia:John_McAfee>	674885
<dbpedia:Anne,_Princess_Royal>	673952
<dbpedia:Ida_B._Wells>	671102
<dbpedia:Grover_Cleveland>	670856
<dbpedia:Eva_Longoria>	669580
<dbpedia:Erwin_Rommel>	668729
<dbpedia:Spike_Lee>	668420
<dbpedia:Larry_Ellison>	665407
<dbpedia:Boeing>	664724
<dbpedia:Tim_Berners-Lee>	662051
<dbpedia:Jack_Ma>	661970
<dbpedia:Rick_Ross>	658970
<dbpedia:Augustine_of_Hippo>	658301
<dbpedia:John_Denver>	656863
<dbpedia:Pol_Pot>	648306
<dbpedia:Humphrey_Bogart>	647654
<dbpedia:Nicaragua>	646152
<dbpedia:Ross_Perot>	644024
<dbpedia:Columbia_University>	640927
<dbpedia:Calvin_Coolidge>	639780
<dbpedia:L._Ron_Hubbard>	636856
<dbpedia:Willem_Dafoe>	636075
<dbpedia:Czechoslovakia>	635000
<dbpedia:Frank_Lloyd_Wright>	633450
<dbpedia:Tyler,_The_Creator>	631634
<dbpedia:Coco_Chanel>	629818
<dbpedia:Catherine_the_Great>	629630
<dbpedia:Burma>	629540
<dbpedia:Priscilla_Presley>	627147
<dbpedia:Ian_Somerhalder>	626036
<dbpedia:Chris_Evans_(presenter)>	624630
<dbpedia:Dmitry_Medvedev>	624204
<dbpedia:Florence_Nightingale>	623432
<dbpedia:David_Fincher>	623377
<dbpedia:Ivory_Coast>	623063
<dbpedia:Sam_Mendes>	622521
<dbpedia:Deng_Xiaoping>	621341
<dbpedia:Aldous_Huxley>	617346
<dbpedia:Patrick_Dempsey>	616694
<dbpedia:Honda>	615008
<dbpedia:Mohammad_Reza_Pahlavi>	614000
<dbpedia:Cat_Stevens>	613188
<dbpedia:John_Cleese>	610876
<dbpedia:James_Buchanan>	610108
<dbpedia:Edward_I_of_England>	609815
<dbpedia:Federal_government_of_the_United_States>	608867
<dbpedia:Conan_O'Brien>	607431
<dbpedia:Gucci_Mane>	606982
<dbpedia:Ludacris>	605009
<dbpedia:Eiji_Tsuburaya>	604833
<dbpedia:Ruhollah_Khomeini>	601296
<dbpedia:J._Edgar_Hoover>	601212
<dbpedia:Milo_Ventimiglia>	599158
<dbpedia:David_Duke>	597010
<dbpedia:Michael_Bay>	596735
<dbpedia:J._P._Morgan>	596320
<dbpedia:George_Martin>	595872
<dbpedia:David_Foster>	595142
<dbpedia:Dilma_Rousseff>	594781
<dbpedia:Senegal>	592813
<dbpedia:Adolf_Eichmann>	591905
<dbpedia:Vitali_Klitschko>	591670
<dbpedia:Brett_Favre>	588525
<dbpedia:Yo-Yo_Ma>	588180
<dbpedia:Joss_Whedon>	586405
<dbpedia:Condoleezza_Rice>	585305
<dbpedia:Henry_David_Thoreau>	585262
<dbpedia:Bertrand_Russell>	584965
<dbpedia:Tom_Clancy>	584276
<dbpedia:Dan_Aykroyd>	582728
<dbpedia:W._E._B._Du_Bois>	582456
<dbpedia:Jonny_Lee_Miller>	582300
<dbpedia:Edward_VI_of_England>	578492
<dbpedia:Max_Martin>	576621
<dbpedia:Cesar_Chavez>	574893
<dbpedia:Charles_V,_Holy_Roman_Emperor>	573618
<dbpedia:Ferdinand_Marcos>	569859
<dbpedia:Brian_Eno>	569754
<dbpedia:Andre_Agassi>	568559
<dbpedia:William_Henry_Harrison>	568543
<dbpedia:Bono>	567445
<dbpedia:Derek_Jeter>	566643
<dbpedia:Peter_Gabriel>	566271
<dbpedia:Chief_executive_officer>	565622
<dbpedia:Margaret_Sanger>	563948
<dbpedia:Jack_White>	563157
<dbpedia:Henry_Rollins>	563036
<dbpedia:Ricky_Martin>	562565
<dbpedia:Michael_Faraday>	559286
<dbpedia:Russell_Westbrook>	558870
<dbpedia:Robert_Mugabe>	558793
<dbpedia:Gloria_Steinem>	558288
<dbpedia:Carl_Icahn>	558074
<dbpedia:Bruce_Campbell>	558042
<dbpedia:David_Letterman>	557924
<dbpedia:Tyler_Perry>	557049
<dbpedia:James_Packer>	556385
<dbpedia:Tim_Robbins>	555685
<dbpedia:Sean_Parker>	555568
<dbpedia:Louis_Pasteur>	554281
<dbpedia:Martha_Stewart>	553660
<dbpedia:Johnny_Carson>	551990
<dbpedia:Jet_Li>	551931
<dbpedia:Kim_Il-sung>	551444
<dbpedia:Khlo%C3%A9_Kardashian>	549905
<dbpedia:Sam_Neill>	549813
<dbpedia:Ho_Chi_Minh>	549245
<dbpedia:Swaziland>	549228
<dbpedia:Verghese_Kurien>	549214
<dbpedia:Princeton_University>	548974
<dbpedia:Peter_Thiel>	547474
<dbpedia:Walton_Goggins>	545417
<dbpedia:Dominica>	545409
<dbpedia:Milton_Friedman>	545186
<dbpedia:Niki_Lauda>	544942
<dbpedia:Ralph_Waldo_Emerson>	544787
<dbpedia:Paul_Allen>	542511
<dbpedia:Werner_Herzog>	542196
<dbpedia:Gabe_Newell>	540294
<dbpedia:Jeff_Daniels>	539853
<dbpedia:Maria_Shriver>	537424
<dbpedia:Zambia>	535237
<dbpedia:Saint_Lucia>	533435
<dbpedia:Phil_Spector>	533120
<dbpedia:Edward_IV_of_England>	532908
<dbpedia:Reinhard_Heydrich>	532744
<dbpedia:Bill_Hicks>	531927
<dbpedia:CBS>	530928
<dbpedia:Seth_Green>	528627
<dbpedia:Ayman_al-Zawahiri>	527923
<dbpedia:Boris_Yeltsin>	527253
<dbpedia:Mukesh_Ambani>	526758
<dbpedia:Francis_of_Assisi>	526466
<dbpedia:Colin_Powell>	524206
<dbpedia:Roman_Abramovich>	523822
<dbpedia:Ralph_Nader>	523029
<dbpedia:John_Malkovich>	522628
<dbpedia:Jim_Henson>	522608
<dbpedia:University_of_California,_Berkeley>	522004
<dbpedia:Joan_Jett>	521819
<dbpedia:Cindy_Crawford>	519221
<dbpedia:Louis_Farrakhan>	518877
<dbpedia:Muhammad_Ali_Jinnah>	517657
<dbpedia:Lockheed_Martin>	516546
<dbpedia:Jason_Lee_(actor)>	516445
<dbpedia:H._G._Wells>	515898
<dbpedia:14th_Dalai_Lama>	515719
<dbpedia:Cornell_University>	515442
<dbpedia:Laurence_Olivier>	513886
<dbpedia:T._S._Eliot>	513773
<dbpedia:Carlos_Lehder>	513719
<dbpedia:Max_Weber>	510028
<dbpedia:Billie_Joe_Armstrong>	508871
<dbpedia:Bhumibol_Adulyadej>	505096
<dbpedia:NBC>	504414
<dbpedia:Henry_VI_of_England>	503457
<dbpedia:Jack_Kerouac>	501810
<dbpedia:Thurgood_Marshall>	501607
<dbpedia:Royal_Dutch_Shell>	499125
<dbpedia:Israel_Defense_Forces>	496306
<dbpedia:Wernher_von_Braun>	495698
<dbpedia:Susan_B._Anthony>	495152
<dbpedia:Society_of_Jesus>	495111
<dbpedia:Benin>	492681
<dbpedia:William_H._Macy>	490718
<dbpedia:Spike_Jonze>	489536
<dbpedia:George_IV_of_the_United_Kingdom>	488626
<dbpedia:University_of_Pennsylvania>	488547
<dbpedia:Peter_Jackson>	486993
<dbpedia:Billy_Graham>	486600
<dbpedia:Aphex_Twin>	486528
<dbpedia:Jesse_James>	485797
<dbpedia:Booker_T._Washington>	485495
<dbpedia:John_Maynard_Keynes>	484917
<dbpedia:Melissa_Joan_Hart>	483969
<dbpedia:Lily_Tomlin>	483571
<dbpedia:Gustav_Klimt>	483552
<dbpedia:Desi_Arnaz>	483048
<dbpedia:Abdullah_II_of_Jordan>	482117
<dbpedia:Edward_II_of_England>	481396
<dbpedia:Sage_Stallone>	480488
<dbpedia:Paraguay>	480355
<dbpedia:Peter_the_Great>	479895
<dbpedia:University_of_Michigan>	479188
<dbpedia:Sufjan_Stevens>	478408
<dbpedia:Markus_Persson>	477777
<dbpedia:Cecil_Rhodes>	477630
<dbpedia:Carmelo_Anthony>	477577
<dbpedia:George_Bernard_Shaw>	477079
<dbpedia:UEFA>	476803
<dbpedia:Salvador_Dal%C3%AD>	476605
<dbpedia:Niels_Bohr>	473984
<dbpedia:Benjamin_Disraeli>	469726
<dbpedia:Pawan_Kalyan>	467015
<dbpedia:Travis_Kalanick>	465152
<dbpedia:Farhan_Akhtar>	465083
<dbpedia:Andrew_Lloyd_Webber>	463696
<dbpedia:Paramount_Pictures>	463573
<dbpedia:Corey_Taylor>	463305
<dbpedia:Padma_Lakshmi>	462798
<dbpedia:Jack_Dorsey>	462397
<dbpedia:George_Washington_Carver>	461559
<dbpedia:C._V._Raman>	461093
<dbpedia:Manfred_von_Richthofen>	460862
<dbpedia:Mary_Tyler_Moore>	460715
<dbpedia:Henry_Fonda>	460222
<dbpedia:Allen_Ginsberg>	459980
<dbpedia:Pranab_Mukherjee>	455474
<dbpedia:Akira_Kurosawa>	454856
<dbpedia:Rob_Reiner>	453429
<dbpedia:Joseph_Smith>	446038
<dbpedia:Sam_Cooke>	445483
<dbpedia:George_II_of_Great_Britain>	444762
<dbpedia:Jane_Goodall>	442855
<dbpedia:Aston_Martin>	442746
<dbpedia:Josip_Broz_Tito>	441505
<dbpedia:Pete_Wentz>	440784
<dbpedia:Dana_White>	440609
<dbpedia:Rick_Rubin>	439569
<dbpedia:Timbaland>	437194
<dbpedia:James_K._Polk>	436882
<dbpedia:Alan_Moore>	436745
<dbpedia:Robert_Zemeckis>	436725
<dbpedia:Bob_Hope>	435306
<dbpedia:Annie_Besant>	433933
<dbpedia:Kirk_Cameron>	433339
<dbpedia:Napoleon_III>	431183
<dbpedia:David_Rockefeller>	431174
<dbpedia:Adam_McKay>	429423
<dbpedia:Hillary_Rodham_Clinton>	428667
<dbpedia:Gabon>	426433
<dbpedia:Birdman_(rapper)>	426045
<dbpedia:Jerry_Brown>	425084
<dbpedia:Bryan_Singer>	423688
<dbpedia:Siemens>	423640
<dbpedia:Bette_Midler>	423539
<dbpedia:Gary_Johnson>	422778
<dbpedia:Garry_Kasparov>	422043
<dbpedia:Mike_Huckabee>	421520
<dbpedia:Harry_Gordon_Selfridge>	421466
<dbpedia:Darren_Aronofsky>	421024
<dbpedia:Gary_Sinise>	420612
<dbpedia:John_Calvin>	420195
<dbpedia:Tony_Bennett>	419911
<dbpedia:John_Hughes_(filmmaker)>	419169
<dbpedia:William_Randolph_Hearst>	416993
<dbpedia:Robert_Rodriguez>	416894
<dbpedia:Benji_Madden>	416316
<dbpedia:Kat_Von_D>	416023
<dbpedia:Chiranjeevi>	414323
<dbpedia:Marcel_Duchamp>	408971
<dbpedia:Ted_Turner>	408429
<dbpedia:Stonewall_Jackson>	407797
<dbpedia:Arthur_Wellesley,_1st_Duke_of_Wellington>	407699
<dbpedia:George_Osborne>	407532
<dbpedia:William_S._Burroughs>	403841
<dbpedia:Franz_Liszt>	402292
<dbpedia:Imran_Khan>	402127
<dbpedia:James_Randi>	401909
<dbpedia:Stan_Kroenke>	401782
<dbpedia:Adam_Yauch>	400771
<dbpedia:Karl_Lagerfeld>	398919
<dbpedia:Kenny_Rogers>	398734
<dbpedia:Sam_Raimi>	398676
<dbpedia:Jackson_Browne>	398429
<dbpedia:Robert_Carlyle>	397780
<dbpedia:Jamie_Hyneman>	397388
<dbpedia:Marcus_Garvey>	396236
<dbpedia:Queen_Rania_of_Jordan>	395123
<dbpedia:Yasser_Arafat>	395045
<dbpedia:George_Armstrong_Custer>	393970
<dbpedia:Kelly_Rowland>	393149
<dbpedia:Edmund_Hillary>	392870
<dbpedia:Bo_Jackson>	391413
<dbpedia:Lee_Kuan_Yew>	391314
<dbpedia:Nujabes>	390498
<dbpedia:Atal_Bihari_Vajpayee>	390259
<dbpedia:Abdullah_of_Saudi_Arabia>	389158
<dbpedia:Travis_Barker>	388892
<dbpedia:Alfred_Nobel>	388501
<dbpedia:Serj_Tankian>	388140
<dbpedia:John_C._Calhoun>	387903
<dbpedia:Le_Corbusier>	385874
<dbpedia:John_Dewey>	384936
<dbpedia:Pusha_T>	384539
<dbpedia:Tom_DeLonge>	383906
<dbpedia:Samsung_Electronics>	383631
<dbpedia:Madeleine_Albright>	383283
<dbpedia:Al-Waleed_bin_Talal>	382445
<dbpedia:Danny_Glover>	382080
<dbpedia:Nick_Vujicic>	381025
<dbpedia:Jack_London>	379165
<dbpedia:Henry_Winkler>	379141
<dbpedia:Trent_Reznor>	378749
<dbpedia:Newt_Gingrich>	378255
<dbpedia:Richard_Linklater>	377553
<dbpedia:Philips>	377233
<dbpedia:Nelson_Rockefeller>	376508
<dbpedia:Nicolas_Sarkozy>	376276
<dbpedia:Jay-Z>	376262
<dbpedia:Spencer_Tracy>	376186
<dbpedia:Jim_Bridger>	376153
<dbpedia:Ratan_Tata>	375616
<dbpedia:Sheryl_Crow>	375157
<dbpedia:William_Morris>	374601
<dbpedia:Salman_Khan_(educator)>	373460
<dbpedia:Strom_Thurmond>	372673
<dbpedia:Lawrence_Lessig>	372611
<dbpedia:Dustin_Moskovitz>	372100
<dbpedia:Steve_Ballmer>	371603
<dbpedia:Elie_Wiesel>	370855
<dbpedia:Alice_Paul>	370616
<dbpedia:Sun_Yat-sen>	368866
<dbpedia:Ralph_Lauren>	368660
<dbpedia:Chris_Gardner>	368472
<dbpedia:Linda_Perry>	368276
<dbpedia:Babur>	368168
<dbpedia:Raj_Kapoor>	368023
<dbpedia:Manute_Bol>	367909
<dbpedia:Jayalalithaa>	367869
<dbpedia:Steve_Coogan>	367831
<dbpedia:Glenn_Beck>	367496
<dbpedia:Jawed_Karim>	367495
<dbpedia:Sam_Walton>	366579
<dbpedia:Lars_von_Trier>	365839
<dbpedia:Oscar_De_La_Hoya>	365347
<dbpedia:Alexander_I_of_Russia>	365149
<dbpedia:Gamal_Abdel_Nasser>	364291
<dbpedia:Bob_Dole>	362726
<dbpedia:Arianna_Huffington>	362427
<dbpedia:Parliament_of_the_United_Kingdom>	360743
<dbpedia:Mohammed_Omar>	360374
<dbpedia:University_of_Chicago>	359897
<dbpedia:Julia_Child>	359897
<dbpedia:Government_of_India>	359546
<dbpedia:Jesse_James_(customizer)>	359232
<dbpedia:Steve_Aoki>	357789
<dbpedia:Zakir_Naik>	357712
<dbpedia:MC_Hammer>	357613
<dbpedia:Timothy_Leary>	357400
<dbpedia:Donna_Reed>	357382
<dbpedia:Andy_Roddick>	357037
<dbpedia:Millard_Fillmore>	356777
<dbpedia:Alexander_II_of_Russia>	355927
<dbpedia:Jack_Kirby>	355920
<dbpedia:Richard_Stallman>	355366
<dbpedia:Jimmy_Wales>	355168
<dbpedia:Melinda_Gates>	354986
<dbpedia:Samuel_Adams>	354866
<dbpedia:Ingmar_Bergman>	354179
<dbpedia:Ibn_Saud>	353662
<dbpedia:Silvio_Berlusconi>	353620
<dbpedia:Daniel_Wu>	352890
<dbpedia:Carl_Linnaeus>	352576
<dbpedia:Steven_Soderbergh>	351104
<dbpedia:John_Cage>	350794
<dbpedia:Misha_Collins>	350220
<dbpedia:Hadrian>	348560
<dbpedia:Fred_Phelps>	347285
<dbpedia:Tom_Morello>	346594
<dbpedia:Ryan_Seacrest>	344777
<dbpedia:Tech_N9ne>	343340
<dbpedia:Cornelius_Vanderbilt>	342954
<dbpedia:Jesse_Jackson>	342681
<dbpedia:John_J._Pershing>	342143
<dbpedia:Aristotle_Onassis>	341724
<dbpedia:Donald_Rumsfeld>	341613
<dbpedia:Luc_Besson>	341400
<dbpedia:Leopold_II_of_Belgium>	340974
<dbpedia:William_F._Buckley,_Jr.>	339897
<dbpedia:Anne_Wojcicki>	339741
<dbpedia:Laura_Bush>	339725
<dbpedia:Rukmini_Devi_Arundale>	339623
<dbpedia:Canaan_Banana>	337896
<dbpedia:Recep_Tayyip_Erdo%C4%9Fan>	337348
<dbpedia:Steve_Vai>	337081
<dbpedia:Bertolt_Brecht>	336396
<dbpedia:Nancy_Juvonen>	336071
<dbpedia:Emmeline_Pankhurst>	334842
<dbpedia:Johns_Hopkins_University>	334283
<dbpedia:Dhirubhai_Ambani>	334265
<dbpedia:Edmund_Burke>	333928
<dbpedia:Gauri_Khan>	332411
<dbpedia:Singapore_Airlines>	330865
<dbpedia:Harry_Connick,_Jr.>	330826
<dbpedia:Eddie_Huang>	329872
<dbpedia:Angela_Davis>	327986
<dbpedia:W._B._Yeats>	327642
<dbpedia:Khalifa_bin_Zayed_Al_Nahyan>	327046
<dbpedia:John_Muir>	326909
<dbpedia:Russell_Simmons>	325521
<dbpedia:Denis_Leary>	325388
<dbpedia:Margaret_Atwood>	324095
<dbpedia:Douglas_Adams>	324029
<dbpedia:Alexander_McQueen>	322970
<dbpedia:Ansel_Adams>	322172
<dbpedia:Jean-Luc_Godard>	321907
<dbpedia:Matt_Groening>	321215
<dbpedia:Daymond_John>	320775
<dbpedia:Internet_Archive>	319807
<dbpedia:Hanna-Barbera>	319788
<dbpedia:Darren_Criss>	319339
<dbpedia:Jaggi_Vasudev>	317436
<dbpedia:Conrad_Hilton>	316593
<dbpedia:Dick_Van_Patten>	316222
<dbpedia:Soleil_Moon_Frye>	315668
<dbpedia:Ronald_Wayne>	314788
<dbpedia:Frank_Gehry>	314778
<dbpedia:Master_P>	314614
<dbpedia:David_Byrne>	312794
<dbpedia:Caroline,_Princess_of_Hanover>	312633
<dbpedia:Antigua_and_Barbuda>	311431
<dbpedia:Huey_P._Newton>	311343
<dbpedia:Abu_Musab_al-Zarqawi>	311297
<dbpedia:Tony_Hawk>	309593
<dbpedia:Philip_Glass>	308616
<dbpedia:Andrew_Breitbart>	306821
<dbpedia:Sheldon_Adelson>	306817
<dbpedia:John_Hancock>	306581
<dbpedia:Rudy_Giuliani>	306462
<dbpedia:Juhi_Chawla>	306333
<dbpedia:Kofi_Annan>	304829
<dbpedia:Alan_Sugar>	303641
<dbpedia:Jonathan_Swift>	303346
<dbpedia:Hermann_G%C3%B6ring>	303069
<dbpedia:Kim_Dotcom>	303063
<dbpedia:Brigham_Young>	302984
<dbpedia:Linda_McMahon>	300813
<dbpedia:Stephen_Sondheim>	299916
<dbpedia:John_Sculley>	299758
<dbpedia:Joel_Madden>	299754
<dbpedia:Franz_Joseph_I_of_Austria>	299544
<dbpedia:Bernadette_Peters>	298801
<dbpedia:Elijah_Muhammad>	298136
<dbpedia:Bal_Gangadhar_Tilak>	297124
<dbpedia:Herbie_Hancock>	296916
<dbpedia:Henry_Clay>	296881
<dbpedia:Friedrich_Hayek>	296447
<dbpedia:Jimmy_Iovine>	295058
<dbpedia:Robert_Reich>	294283
<dbpedia:Saint_Vincent_and_the_Grenadines>	293950
<dbpedia:Jeff_Gordon>	293744
<dbpedia:Swizz_Beatz>	293546
<dbpedia:Virgin_Group>	292279
<dbpedia:Ray_Kroc>	292171
<dbpedia:Robert_Schumann>	292045
<dbpedia:Ray_Kurzweil>	291866
<dbpedia:Ayaan_Hirsi_Ali>	290750
<dbpedia:Jim_Cramer>	290004
<dbpedia:David_A._Siegel>	289405
<dbpedia:Dale_Earnhardt>	289195
<dbpedia:Brad_Paisley>	288602
<dbpedia:Najib_Razak>	288512
<dbpedia:Jack_Kemp>	288014
<dbpedia:Mehmet_Oz>	287907
<dbpedia:Kevin_O'Leary>	287867
<dbpedia:Jay_Cutler_(American_football)>	287848
<dbpedia:Tommy_Hilfiger>	287735
<dbpedia:Jeff_Jarrett>	285669
<dbpedia:Satyajit_Ray>	285592
<dbpedia:Library_of_Congress>	285364
<dbpedia:Guglielmo_Marconi>	285112
<dbpedia:Liliane_Bettencourt>	285016
<dbpedia:Norman_Rockwell>	284972
<dbpedia:Hussein_of_Jordan>	284751
<dbpedia:Nile_Rodgers>	284391
<dbpedia:Anwar_Sadat>	282956
<dbpedia:Felix_Mendelssohn>	282774
<dbpedia:Booker_T_(wrestler)>	282114
<dbpedia:Bernie_Ecclestone>	282023
<dbpedia:Bob_Geldof>	281977
<dbpedia:M._G._Ramachandran>	281000
<dbpedia:Ericsson>	280605
<dbpedia:Billie_Jean_King>	280532
<dbpedia:N._T._Rama_Rao>	280409
<dbpedia:Chris_Hughes>	280129
<dbpedia:Mike_Patton>	279484
<dbpedia:Yoweri_Museveni>	278842
<dbpedia:Joseph_Stiglitz>	278732
<dbpedia:Anton_LaVey>	278579
<dbpedia:Phil_Knight>	277747
<dbpedia:Armin_van_Buuren>	277734
<dbpedia:Louis_XIII_of_France>	276654
<dbpedia:Friedrich_Engels>	276515
<dbpedia:Gianni_Versace>	275957
<dbpedia:Paul_Heyman>	275184
<dbpedia:Dean_Kamen>	275115
<dbpedia:Steve_Madden>	274983
<dbpedia:Francis_I_of_France>	274164
<dbpedia:Arnold_Schoenberg>	273766
<dbpedia:Berry_Gordy>	273688
<dbpedia:Cornel_West>	273621
<dbpedia:Robert_McNamara>	273017
<dbpedia:Mobutu_Sese_Seko>	272743
<dbpedia:Fat_Joe>	272581
<dbpedia:Hafez_al-Assad>	272535
<dbpedia:Andy_Williams>	271620
<dbpedia:Gilda_Radner>	271432
<dbpedia:Aga_Khan_IV>	271147
<dbpedia:Sally_Ride>	270599
<dbpedia:Mahmoud_Abbas>	270169
<dbpedia:Bonnie_Raitt>	269894
<dbpedia:George_Pataki>	269733
<dbpedia:Samuel_Johnson>	269580
<dbpedia:European_Convention_on_Human_Rights>	269572
<dbpedia:Hubert_Humphrey>	269520
<dbpedia:Deutsche_Telekom>	268130
<dbpedia:Nigel_Farage>	267598
<dbpedia:Cesar_Millan>	267395
<dbpedia:Jacques_Derrida>	267055
<dbpedia:Zhou_Enlai>	266885
<dbpedia:Yukio_Mishima>	265602
<dbpedia:G7>	265454
<dbpedia:Pennsylvania_State_University>	265410
<dbpedia:James_Brady>	265145
<dbpedia:Roland_Emmerich>	265074
<dbpedia:Sumner_Redstone>	264988
<dbpedia:David_Geffen>	264373
<dbpedia:Pete_Seeger>	264183
<dbpedia:Amancio_Ortega_Gaona>	263529
<dbpedia:Al_Sharpton>	263247
<dbpedia:Robert_F._Kennedy,_Jr.>	262933
<dbpedia:Lakshmi_Mittal>	261849
<dbpedia:Jos%C3%A9_Rizal>	261574
<dbpedia:John_Wesley>	261409
<dbpedia:Gina_Gershon>	261317
<dbpedia:Jerry_Sandusky>	261256
<dbpedia:David_Copperfield_(illusionist)>	260610
<dbpedia:David_H._Koch>	260583
<dbpedia:Ram_Mohan_Roy>	259888
<dbpedia:BT_Group>	259158
<dbpedia:Elle_Macpherson>	258834
<dbpedia:Tina_Knowles>	258345
<dbpedia:Troy_Aikman>	257999
<dbpedia:Francis_Galton>	256950
<dbpedia:Ilona_Staller>	256412
<dbpedia:Lynette_Fromme>	256081
<dbpedia:Cardinal_Richelieu>	255797
<dbpedia:Sears>	255642
<dbpedia:Toei_Animation>	255202
<dbpedia:Katie_Couric>	254655
<dbpedia:Kurt_Warner>	254580
<dbpedia:Rafael_Correa>	253765
<dbpedia:Lalit_Modi>	253745
<dbpedia:Jiddu_Krishnamurti>	253390
<dbpedia:Jane_Addams>	253361
<dbpedia:Henry_Hudson>	253353
<dbpedia:Jonas_Salk>	253345
<dbpedia:John_Ruskin>	253199
<dbpedia:Michael_Dell>	252877
<dbpedia:Emma_Goldman>	252383
<dbpedia:Eugene_V._Debs>	251840
<dbpedia:Dietrich_Bonhoeffer>	251540
<dbpedia:Ludwig_Mies_van_der_Rohe>	250814
<dbpedia:Chad_Hurley>	250752
<dbpedia:Salvador_Allende>	250240
<dbpedia:Ariel_Sharon>	249979
<dbpedia:Lil'_Kim>	249261
<dbpedia:Arnold_Palmer>	248141
<dbpedia:William_Penn>	247746
<dbpedia:EMI>	245641
<dbpedia:Jill_Scott>	245628
<dbpedia:Tori_Amos>	245570
<dbpedia:Dorothy_Day>	245268
<dbpedia:United_Nations_General_Assembly>	244908
<dbpedia:Steve_Wynn>	244785
<dbpedia:Texas_Instruments>	244635
<dbpedia:Jacques_Cousteau>	244203
<dbpedia:Daniel_Kahneman>	243639
<dbpedia:The_Edge>	243523
<dbpedia:Neil_Bush>	242819
<dbpedia:Jim_Thorpe>	242773
<dbpedia:Peter_Berg>	242728
