<dbpedia:Mount_Everest>	1964346
<dbpedia:Ireland>	1783564
<dbpedia:Asia>	1111747
<dbpedia:Great_Britain>	1088121
<dbpedia:Auckland_volcanic_field>	1068111
<dbpedia:Bali>	807800
<dbpedia:Mariana_Trench>	797382
<dbpedia:K2>	786073
<dbpedia:Easter_Island>	779330
<dbpedia:Panama_Canal>	742448
<dbpedia:Baigong_Pipes>	720257
<dbpedia:Suez_Canal>	682651
<dbpedia:Niagara_Falls>	662261
<dbpedia:Nile>	645966
<dbpedia:Himalayas>	634779
<dbpedia:Sicily>	608396
<dbpedia:Mississippi_River>	607233
<dbpedia:Mediterranean_Sea>	596629
<dbpedia:North_Sentinel_Island>	595501
<dbpedia:Saint_Helena>	594936
<dbpedia:Oak_Island>	593543
<dbpedia:Great_Lakes>	589525
<dbpedia:Rocky_Mountains>	585732
<dbpedia:Azores>	576443
<dbpedia:Dead_Sea>	574010
<dbpedia:Lake_Baikal>	568085
<dbpedia:Nauru>	563035
<dbpedia:Pacific_Ocean>	558625
<dbpedia:Ganges>	555412
<dbpedia:Caspian_Sea>	551409
<dbpedia:Uluru>	549346
<dbpedia:Java>	544145
<dbpedia:Mount_Kilimanjaro>	539820
<dbpedia:Mount_St._Helens>	531329
<dbpedia:Danube>	523640
<dbpedia:Sahara>	515604
<dbpedia:San_Andreas_Fault>	511244
<dbpedia:Atlantic_Ocean>	508528
<dbpedia:Mount_Fuji>	505900
<dbpedia:Alcatraz_Island>	505231
<dbpedia:Mount_Vesuvius>	504165
<dbpedia:Ibiza>	497647
<dbpedia:Great_Barrier_Reef>	496375
<dbpedia:Caucasus>	487691
<dbpedia:Appalachian_Mountains>	476342
<dbpedia:Long_Island>	476090
<dbpedia:Santorini>	473369
<dbpedia:Amazon_River>	469205
<dbpedia:Tuvalu>	466461
<dbpedia:River_Thames>	463959
<dbpedia:Sardinia>	460168
<dbpedia:Amazon_rainforest>	445570
<dbpedia:Tristan_da_Cunha>	437022
<dbpedia:Aral_Sea>	436469
<dbpedia:Chicxulub_crater>	436051
<dbpedia:Tenerife>	430856
<dbpedia:Mont_Blanc>	429803
<dbpedia:Black_Sea>	422368
<dbpedia:Bora_Bora>	422271
<dbpedia:Diego_Garcia>	421154
<dbpedia:Borneo>	417845
<dbpedia:Iberian_Peninsula>	406967
<dbpedia:Tahiti>	399547
<dbpedia:El_Capitan>	391951
<dbpedia:Alps>	391168
<dbpedia:Micronesia>	387978
<dbpedia:Yellowstone_Caldera>	386338
<dbpedia:Mont_Saint-Michel>	384750
<dbpedia:Ellis_Island>	379223
<dbpedia:Channel_Islands>	376868
<dbpedia:New_Guinea>	375086
<dbpedia:Andes>	374642
<dbpedia:Krakatoa>	364554
<dbpedia:Mount_Rainier>	359757
<dbpedia:Lake_Tahoe>	353824
<dbpedia:Hawaiian_Islands>	353295
<dbpedia:Hokkaido>	353293
<dbpedia:Majorca>	348445
<dbpedia:Isle_of_Wight>	347360
<dbpedia:Mount_Pinatubo>	340285
<dbpedia:South_China_Sea>	337939
<dbpedia:Salton_Sea>	336337
<dbpedia:Rhine>	336099
<dbpedia:Saint_Martin>	333435
<dbpedia:Saipan>	333140
<dbpedia:Shetland>	332326
<dbpedia:Ascension_Island>	326738
<dbpedia:Indian_Ocean>	325384
<dbpedia:Victoria_Falls>	324107
<dbpedia:Pearl_Harbor>	323427
<dbpedia:Skellig_Michael>	321312
<dbpedia:Siachen_Glacier>	317108
<dbpedia:Mount_Etna>	315947
<dbpedia:Atacama_Desert>	315659
<dbpedia:Red_Sea>	313427
<dbpedia:Bikini_Atoll>	309612
<dbpedia:Spratly_Islands>	308175
<dbpedia:Matterhorn>	307428
<dbpedia:Rhodes>	299529
<dbpedia:Tropical_rainforest>	299316
<dbpedia:Indus_River>	296519
<dbpedia:Colorado_River>	294381
<dbpedia:Isles_of_Scilly>	293854
<dbpedia:Mojave_Desert>	287314
<dbpedia:Sierra_Nevada_(U.S.)>	286679
<dbpedia:Black_Forest>	286326
<dbpedia:Iguazu_Falls>	282936
<dbpedia:Mauna_Kea>	281514
<dbpedia:Stone_Mountain>	281438
<dbpedia:Trinidad>	279629
<dbpedia:Baltic_Sea>	278436
<dbpedia:Western_Asia>	278157
<dbpedia:Arabian_Peninsula>	278042
<dbpedia:Erie_Canal>	278036
<dbpedia:Aconcagua>	276803
<dbpedia:Mount_Olympus>	276714
<dbpedia:Maui>	276586
<dbpedia:Antigua>	275688
<dbpedia:Yellow_River>	275025
<dbpedia:English_Channel>	273969
<dbpedia:Persian_Gulf>	272790
<dbpedia:Midway_Atoll>	271226
<dbpedia:Orkney>	267334
<dbpedia:Sinai_Peninsula>	265798
<dbpedia:Puget_Sound>	265013
<dbpedia:Gobi_Desert>	263187
<dbpedia:Chesapeake_Bay>	260952
<dbpedia:Doggerland>	259747
<dbpedia:Annapurna>	257820
<dbpedia:Newfoundland_(island)>	256826
<dbpedia:Hawaii_(island)>	256635
<dbpedia:Oahu>	255585
<dbpedia:Kangchenjunga>	254603
<dbpedia:Cape_Cod>	253563
<dbpedia:Kauai>	252762
<dbpedia:Boracay>	251349
<dbpedia:Lake_Superior>	251148
<dbpedia:Ilha_da_Queimada_Grande>	249504
<dbpedia:Hispaniola>	248847
<dbpedia:Okinawa_Island>	245507
<dbpedia:Crater_Lake>	245073
<dbpedia:Corfu>	241816
<dbpedia:Supervolcano>	240491
<dbpedia:Balearic_Islands>	239843
<dbpedia:Sumatra>	239285
<dbpedia:Andaman_Islands>	237907
<dbpedia:British_Isles>	237551
<dbpedia:Loch_Ness>	237068
<dbpedia:Hashima_Island>	234949
<dbpedia:Rikers_Island>	234598
<dbpedia:Columbia_River>	232776
<dbpedia:Hindu_Kush>	230973
<dbpedia:Mount_Whitney>	230566
<dbpedia:Socotra>	229105
<dbpedia:Bosphorus>	228313
<dbpedia:Western_Ghats>	227102
<dbpedia:Lake_District>	225736
<dbpedia:Rio_Grande>	225528
<dbpedia:Godavari_River>	224076
<dbpedia:Gal%C3%A1pagos_Islands>	223924
<dbpedia:Angel_Falls>	221988
<dbpedia:Southern_Ocean>	220283
<dbpedia:Crust_(geology)>	219907
<dbpedia:Arctic_Ocean>	219384
<dbpedia:Aegean_Sea>	218480
<dbpedia:Skye>	216104
<dbpedia:Ural_Mountains>	215959
<dbpedia:Pyrenees>	215419
<dbpedia:Key_West>	213157
<dbpedia:Random_Island>	212633
<dbpedia:Missouri_River>	211548
<dbpedia:Carpathian_Mountains>	210725
<dbpedia:Great_Salt_Lake>	209899
<dbpedia:Cape_of_Good_Hope>	209301
<dbpedia:Brahmaputra_River>	208882
<dbpedia:Ben_Nevis>	207504
<dbpedia:Mount_Athos>	206603
<dbpedia:Aleutian_Islands>	206437
<dbpedia:Mount_McKinley>	206338
<dbpedia:Mauna_Loa>	206045
<dbpedia:Lake_Victoria>	205567
<dbpedia:North_Sea>	204879
<dbpedia:Lake_Titicaca>	204781
<dbpedia:Nantucket>	204288
<dbpedia:Lake_Michigan>	202500
<dbpedia:Rubicon>	202431
<dbpedia:Hudson_River>	200830
<dbpedia:Lanzarote>	200732
<dbpedia:Cascadia_subduction_zone>	200147
<dbpedia:Virgin_Islands>	197983
<dbpedia:Mount_Kailash>	197953
<dbpedia:Kyushu>	196671
<dbpedia:Sakhalin>	196671
<dbpedia:Caribbean_Sea>	196021
<dbpedia:Santa_Catalina_Island,_California>	195507
<dbpedia:Mindanao>	195203
<dbpedia:Canadian_Shield>	194772
<dbpedia:Mount_Elbrus>	194347
<dbpedia:Mount_Disappointment_(Australia)>	193514
<dbpedia:Cascade_Range>	192620
<dbpedia:Ozarks>	191278
<dbpedia:Gulf_of_Mexico>	191273
<dbpedia:Euphrates>	191102
<dbpedia:Johnston_Atoll>	190797
<dbpedia:Palm_Islands>	190619
<dbpedia:Blue_Ridge_Mountains>	189713
<dbpedia:Cuyahoga_River>	188608
<dbpedia:Mount_Ararat>	185737
<dbpedia:Dardanelles>	185725
<dbpedia:Volga_River>	185519
<dbpedia:Saint_Thomas,_U.S._Virgin_Islands>	184541
<dbpedia:Mount_Sinai>	182187
<dbpedia:Lake_Erie>	182147
<dbpedia:Seine>	181518
<dbpedia:Florida_Keys>	181409
<dbpedia:Ithaca>	181304
<dbpedia:Mayon_Volcano>	180604
<dbpedia:Mykonos>	179404
<dbpedia:Capri>	179019
<dbpedia:Sea_of_Galilee>	178110
<dbpedia:Hans_Island>	177481
<dbpedia:Nanga_Parbat>	174930
<dbpedia:Vancouver_Island>	174289
<dbpedia:Mount_Washington_(New_Hampshire)>	174238
<dbpedia:Caucasus_Mountains>	174204
<dbpedia:Niihau>	173674
<dbpedia:Cotswolds>	173386
<dbpedia:Gran_Canaria>	173317
<dbpedia:Kuril_Islands>	172265
<dbpedia:Cape_Horn>	171455
<dbpedia:Bouvet_Island>	171326
<dbpedia:Lesser_Antilles>	171308
<dbpedia:Chicago_River>	170611
<dbpedia:Bering_Strait>	169737
<dbpedia:Mount_Tambora>	169367
<dbpedia:Tierra_del_Fuego>	168784
<dbpedia:Cape_Breton_Island>	168697
<dbpedia:Lake_Como>	168392
<dbpedia:Pikes_Peak>	168187
<dbpedia:Novaya_Zemlya>	168079
<dbpedia:Mount_Shasta>	166797
<dbpedia:Mariana_Islands>	166675
<dbpedia:Ohio_River>	166475
<dbpedia:Mekong>	163898
<dbpedia:Sargasso_Sea>	163535
<dbpedia:Albion>	163193
<dbpedia:Everglades>	162979
<dbpedia:Iwo_Jima>	162570
<dbpedia:Honshu>	162427
<dbpedia:Adriatic_Sea>	161868
<dbpedia:Lofoten>	161614
<dbpedia:Rock_of_Gibraltar>	160442
<dbpedia:Mount_Kosciuszko>	159743
<dbpedia:Hudson_Bay>	157962
<dbpedia:Yonaguni_Monument>	157066
<dbpedia:Elba>	155798
<dbpedia:Congo_River>	155400
<dbpedia:Heligoland>	155189
<dbpedia:Tortuga_(Haiti)>	154984
<dbpedia:Luzon>	154520
<dbpedia:La_Brea_Tar_Pits>	153571
<dbpedia:Jan_Mayen>	153138
<dbpedia:Kalahari_Desert>	152020
<dbpedia:Strait_of_Gibraltar>	151435
<dbpedia:Mount_Kinabalu>	150521
<dbpedia:Transform_fault>	150308
<dbpedia:Kerguelen_Islands>	150122
<dbpedia:Martha's_Vineyard>	149359
<dbpedia:Hebrides>	149251
<dbpedia:Saint_Croix,_U.S._Virgin_Islands>	148981
<dbpedia:Potomac_River>	148342
<dbpedia:Khyber_Pass>	148119
<dbpedia:Nicaragua_Canal>	147980
<dbpedia:Karakoram>	147576
<dbpedia:Continental_Divide_of_the_Americas>	147125
<dbpedia:Krishna_River>	146865
<dbpedia:Langkawi>	146727
<dbpedia:Palm_Jumeirah>	146703
<dbpedia:Eiger>	146690
<dbpedia:Dolomites>	146213
<dbpedia:Necker_Island_(British_Virgin_Islands)>	146144
<dbpedia:Catskill_Mountains>	145843
<dbpedia:Gotland>	145135
<dbpedia:Adirondack_Mountains>	145058
<dbpedia:Meru_Peak>	144935
<dbpedia:Saint_Kitts>	144784
<dbpedia:Meteor_Crater>	144452
<dbpedia:Tigris>	143905
<dbpedia:Roosevelt_Island>	143845
<dbpedia:Maluku_Islands>	143571
<dbpedia:Jordan_River>	143325
<dbpedia:Mount_Hood>	142961
<dbpedia:Minorca>	142897
<dbpedia:Atlas_Mountains>	142696
<dbpedia:Saint_Lawrence_River>	142034
<dbpedia:Jutland>	141766
<dbpedia:Ryukyu_Islands>	140993
<dbpedia:Taal_Volcano>	140509
<dbpedia:Snowdon>	140195
<dbpedia:Ko_Samui>	139543
<dbpedia:Narmada_River>	139192
<dbpedia:Table_Mountain>	139058
<dbpedia:Lake_Mead>	138945
<dbpedia:Bay_of_Bengal>	137493
<dbpedia:Yamuna>	137315
<dbpedia:Fuerteventura>	136832
<dbpedia:Sark>	136391
<dbpedia:Bay_of_Fundy>	135905
<dbpedia:The_World_(archipelago)>	135648
<dbpedia:Kos>	133800
<dbpedia:Great_Smoky_Mountains>	133513
<dbpedia:Zakynthos>	132594
<dbpedia:Lake_Nyos>	132059
<dbpedia:Bay_of_Biscay>	130257
<dbpedia:Blue_Lagoon_(geothermal_spa)>	129135
<dbpedia:Mackinac_Island>	129033
<dbpedia:Mid-Atlantic_Ridge>	128860
<dbpedia:Guadalcanal>	128253
<dbpedia:Heard_Island_and_McDonald_Islands>	128232
<dbpedia:Lake_Toba>	127189
<dbpedia:Lhotse>	126790
<dbpedia:Teide>	125672
<dbpedia:Black_Hills>	124214
<dbpedia:Cozumel>	123953
<dbpedia:Altai_Mountains>	123864
<dbpedia:Lake_Tanganyika>	123852
<dbpedia:Strait_of_Magellan>	123829
<dbpedia:Cape_Canaveral>	123719
<dbpedia:Senkaku_Islands>	123650
<dbpedia:Nevis>	123508
<dbpedia:Leeward_Islands>	123370
<dbpedia:Baltic_Sea_anomaly>	123050
<dbpedia:Baffin_Island>	122817
<dbpedia:Lake_Ontario>	122464
<dbpedia:Anglesey>	122414
<dbpedia:Chocolate_Hills>	122275
<dbpedia:Clipperton_Island>	121916
<dbpedia:Mount_Zion>	121606
<dbpedia:San_Francisco_Bay>	121196
<dbpedia:Finger_Lakes>	121162
<dbpedia:Shikoku>	120466
<dbpedia:Howland_Island>	120154
<dbpedia:Sulawesi>	119092
<dbpedia:Grand_Canal_(China)>	118647
<dbpedia:Lake_Champlain>	118647
<dbpedia:Philae>	118596
<dbpedia:Grand_Cayman>	118348
<dbpedia:Puncak_Jaya>	118268
<dbpedia:Lanai>	118231
<dbpedia:Zealand>	117082
<dbpedia:Fire_Island>	117057
<dbpedia:Arabian_Sea>	116382
<dbpedia:Spiral_Island>	116170
<dbpedia:Thousand_Islands>	116137
<dbpedia:Yangtze_River>	115415
<dbpedia:Lord_Howe_Island>	114510
<dbpedia:Molokai>	114475
<dbpedia:Los_Angeles_River>	114111
<dbpedia:Strait_of_Malacca>	113739
<dbpedia:Lake_Vostok>	113438
<dbpedia:Outer_Hebrides>	113129
<dbpedia:Robben_Island>	112947
<dbpedia:Cotopaxi>	111976
<dbpedia:Rift_valley>	111864
<dbpedia:Bubbly_Creek>	110695
<dbpedia:Strait_of_Hormuz>	110372
<dbpedia:Lake_Chad>	109764
<dbpedia:River_Severn>	109363
<dbpedia:Half_Dome>	109161
<dbpedia:Outer_Banks>	108842
<dbpedia:Kwajalein_Atoll>	108326
<dbpedia:Lake_Constance>	108221
<dbpedia:Poveglia>	108095
<dbpedia:Intracoastal_Waterway>	108067
<dbpedia:St_Kilda,_Scotland>	107442
<dbpedia:Lake_Karachay>	107367
<dbpedia:Lake_Garda>	107360
<dbpedia:Lake_Geneva>	106424
<dbpedia:The_Twelve_Apostles_(Victoria)>	106111
<dbpedia:Vredefort_crater>	105883
<dbpedia:Roanoke_Island>	105384
<dbpedia:Paracel_Islands>	105059
<dbpedia:Channel_Islands_of_California>	104399
<dbpedia:Vinson_Massif>	103371
<dbpedia:South_Island>	103281
<dbpedia:Stromboli>	103212
<dbpedia:Phi_Phi_Islands>	102994
<dbpedia:Sentosa>	102901
<dbpedia:Dartmoor>	102841
<dbpedia:Yap>	102823
<dbpedia:Great_Slave_Lake>	102801
<dbpedia:Mount_Erebus>	102655
<dbpedia:Great_Rann_of_Kutch>	102551
<dbpedia:Mono_Lake>	101838
<dbpedia:Antilles>	101597
<dbpedia:Dinaric_Alps>	101420
<dbpedia:Elbe>	101170
<dbpedia:Greenland_ice_sheet>	100769
<dbpedia:Lake_Manasarovar>	100457
<dbpedia:Lake_Powell>	100359
<dbpedia:Snake_River>	99941
<dbpedia:Gozo>	99854
<dbpedia:Saint_Lawrence_Seaway>	99790
<dbpedia:Eurasian_Steppe>	99496
<dbpedia:Snowdonia>	99102
<dbpedia:Khumbu_Icefall>	98625
<dbpedia:Patmos>	98602
<dbpedia:Swiss_Alps>	98586
<dbpedia:Jog_Falls>	98584
<dbpedia:Lampedusa>	98484
<dbpedia:Lake_Hillier>	98071
<dbpedia:Graham_Island>	97829
<dbpedia:Decade_Volcanoes>	97530
<dbpedia:Acheron>	97463
<dbpedia:Islay>	97393
<dbpedia:Farallon_Islands>	97129
<dbpedia:Kish_Island>	97072
<dbpedia:Burning_Mountain>	97005
<dbpedia:Tortola>	96711
<dbpedia:Iona>	96321
<dbpedia:Jerimoth_Hill>	95946
<dbpedia:Blue_Mountains_(New_South_Wales)>	95872
<dbpedia:Visayas>	95649
<dbpedia:Wrangel_Island>	95495
<dbpedia:Tian_Shan>	95484
<dbpedia:Niger_River>	95444
<dbpedia:Pamir_Mountains>	95358
<dbpedia:Samos>	94686
<dbpedia:Laki>	94220
<dbpedia:Peak_District>	93833
<dbpedia:Preikestolen>	93781
<dbpedia:Nevado_del_Ruiz>	93430
<dbpedia:Spitsbergen>	93241
<dbpedia:Mount_of_Olives>	92970
<dbpedia:Mount_Elbert>	92921
<dbpedia:Liberty_Island>	92867
<dbpedia:San_Juan_Islands>	92575
<dbpedia:Chios>	92554
<dbpedia:Kiritimati>	92530
<dbpedia:Greater_Antilles>	92361
<dbpedia:Diamond_Head,_Hawaii>	92217
<dbpedia:Eyjafjallaj%C3%B6kull>	91713
<dbpedia:Mount_Carmel>	91413
<dbpedia:Sarasvati_River>	91255
<dbpedia:Rockall>	91159
<dbpedia:Mount_Logan>	91046
<dbpedia:Lake_Huron>	90824
<dbpedia:Scarborough_Shoal>	90490
<dbpedia:Salmon_River_(Idaho)>	90487
<dbpedia:Tarawa>	90351
<dbpedia:Kattegat>	90218
<dbpedia:Buzludzha>	90072
<dbpedia:Canadian_Rockies>	89629
<dbpedia:Alderney>	89474
<dbpedia:Pocono_Mountains>	89395
<dbpedia:Pig_Beach>	89190
<dbpedia:Guadalupe_Island>	88847
<dbpedia:Delos>	88801
<dbpedia:Flathead_Lake>	88496
<dbpedia:Block_Island>	88435
<dbpedia:Scafell_Pike>	87996
<dbpedia:Mount_Hermon>	87682
<dbpedia:Zugspitze>	87660
<dbpedia:Mount_Mitchell>	87627
<dbpedia:Loch_Lomond>	87229
<dbpedia:Mount_Hua>	86924
<dbpedia:Tiber>	86782
<dbpedia:Chagos_Archipelago>	86622
<dbpedia:Zambezi>	86523
<dbpedia:Angel_Island_(California)>	86225
<dbpedia:Haida_Gwaii>	86169
<dbpedia:Merritt_Island,_Florida>	86018
<dbpedia:Cumberland_Gap>	85978
<dbpedia:Mount_Merapi>	85439
<dbpedia:Hong_Kong_Island>	85419
<dbpedia:Fraser_Island>	85264
<dbpedia:Diomede_Islands>	85248
<dbpedia:Tobago>	85106
<dbpedia:Sea_of_Japan>	84963
<dbpedia:Attu_Island>	84938
<dbpedia:Kahoolawe>	84920
<dbpedia:Botany_Bay>	84666
<dbpedia:Susquehanna_River>	84578
<dbpedia:Dudhsagar_Falls>	84412
<dbpedia:Eilean_Donan>	84370
<dbpedia:Jackass_Mountain>	84339
<dbpedia:Lake_Okeechobee>	84336
<dbpedia:Kholat_Syakhl>	83765
<dbpedia:Rohtang_Pass>	83629
<dbpedia:Governors_Island>	83449
<dbpedia:Amu_Darya>	82776
<dbpedia:Mount_Roraima>	82765
<dbpedia:Mount_Royal>	82665
<dbpedia:Delaware_River>	82342
<dbpedia:Bering_Sea>	82279
<dbpedia:Mount_Kenya>	82023
<dbpedia:Gulf_of_Alaska>	81890
<dbpedia:Golden_Horn>	81627
<dbpedia:Barents_Sea>	81472
<dbpedia:Apennine_Mountains>	81267
<dbpedia:Ellesmere_Island>	81196
<dbpedia:Zagros_Mountains>	80988
<dbpedia:Isle_Royale>	80407
<dbpedia:Cocos_Island>	80225
<dbpedia:Korean_Peninsula>	80167
<dbpedia:North_Island>	80034
<dbpedia:Mount_Nyiragongo>	79925
<dbpedia:Mount_Apo>	79898
<dbpedia:Lake_Texcoco>	79826
<dbpedia:Gulf_of_California>	79558
<dbpedia:Firth_of_Forth>	79379
<dbpedia:Lake_Maggiore>	79324
<dbpedia:Sea_of_Azov>	79116
<dbpedia:Jarvis_Island>	79076
<dbpedia:Badwater_Basin>	78917
<dbpedia:Rarotonga>	78641
<dbpedia:Cho_Oyu>	78604
<dbpedia:Lombok>	78523
<dbpedia:Port_Jackson>	78283
<dbpedia:La_Palma>	78280
<dbpedia:Athirappilly_Falls>	78094
<dbpedia:Orinoco>	78022
<dbpedia:Flores>	77972
<dbpedia:Lake_Balaton>	77865
<dbpedia:Great_Dividing_Range>	77736
<dbpedia:Fernando_de_Noronha>	77671
<dbpedia:Tinian>	77479
<dbpedia:Treasure_Island,_San_Francisco>	77359
<dbpedia:Manicouagan_Reservoir>	77339
<dbpedia:Grand_Canal_(Venice)>	77039
<dbpedia:Mount_Katahdin>	76987
<dbpedia:Red_River_of_the_South>	76809
<dbpedia:Mount_Baker>	76799
<dbpedia:Windward_Islands>	76762
<dbpedia:Lake_Pontchartrain>	76647
<dbpedia:Dodecanese>	76627
<dbpedia:Saint_John,_U.S._Virgin_Islands>	76369
<dbpedia:Tiran_Island>	76303
<dbpedia:Murray_River>	76107
<dbpedia:Pennines>	75960
<dbpedia:Corinth_Canal>	75917
<dbpedia:Dhaulagiri>	75865
<dbpedia:Sable_Island>	75700
<dbpedia:Tampa_Bay>	75457
<dbpedia:Isle_of_Arran>	75300
<dbpedia:Amur_River>	75066
<dbpedia:White_Sea>	74986
<dbpedia:Huangshan>	74920
<dbpedia:Pico_de_Orizaba>	74871
<dbpedia:Drakensberg>	74849
<dbpedia:Tatra_Mountains>	74435
<dbpedia:Manitoulin_Island>	74233
<dbpedia:Timor>	74076
<dbpedia:Lemnos>	73971
<dbpedia:Vistula>	73867
<dbpedia:Monterey_Bay>	73501
<dbpedia:Long_Island_Sound>	73479
<dbpedia:Perito_Moreno_Glacier>	73472
<dbpedia:Sea_of_Marmara>	73364
<dbpedia:Aran_Islands>	73254
<dbpedia:Trobriand_Islands>	72955
<dbpedia:Nathu_La>	72951
<dbpedia:Malay_Peninsula>	72867
<dbpedia:Drake_Passage>	72789
<dbpedia:Liancourt_Rocks>	72468
<dbpedia:World_Ocean>	72000
<dbpedia:East_River>	71980
<dbpedia:Yellow_Sea>	71881
<dbpedia:St._Johns_River>	71876
<dbpedia:Franz_Josef_Land>	71808
<dbpedia:Majuro>	71582
<dbpedia:Donner_Pass>	71483
<dbpedia:Po_(river)>	71301
<dbpedia:Arkansas_River>	71069
<dbpedia:Ijen>	71028
<dbpedia:James_Bay>	70956
<dbpedia:Pink_Lake_(Western_Australia)>	70794
<dbpedia:Sakurajima>	70420
<dbpedia:Museum_Island>	70265
<dbpedia:Enewetak_Atoll>	70262
<dbpedia:Areopagus>	70212
<dbpedia:Connemara>	70199
<dbpedia:Lake_Agassiz>	70174
<dbpedia:Mont_Ventoux>	70005
<dbpedia:Inaccessible_Island>	69979
<dbpedia:Aravalli_Range>	69947
<dbpedia:Bougainville_Island>	69900
<dbpedia:Skellig_Islands>	69802
<dbpedia:Ionian_Islands>	69751
<dbpedia:Dejima>	69708
<dbpedia:Henderson_Island_(Pitcairn_Islands)>	69689
<dbpedia:Welland_Canal>	69384
<dbpedia:Irish_Sea>	69132
<dbpedia:Sea_of_Okhotsk>	69130
<dbpedia:Guant%C3%A1namo_Bay>	69080
<dbpedia:Mount_Bromo>	69004
<dbpedia:Colorado_River_(Texas)>	68990
<dbpedia:Yenisei_River>	68981
<dbpedia:Khardung_La>	68976
<dbpedia:Mackenzie_River>	68972
<dbpedia:Surtsey>	68936
<dbpedia:Yukon_River>	68842
<dbpedia:Sudbury_Basin>	68626
<dbpedia:Shivanasamudra_Falls>	68548
<dbpedia:Pingo>	68540
<dbpedia:Montserrat_(mountain)>	68487
<dbpedia:Reichenbach_Falls>	67843
<dbpedia:Ischia>	67784
<dbpedia:Marcellus_Formation>	67659
<dbpedia:Lake_Peigneur>	67538
<dbpedia:Euboea>	67344
<dbpedia:Moraine_Lake>	67245
<dbpedia:Bonin_Islands>	67202
<dbpedia:Formentera>	67157
<dbpedia:Whidbey_Island>	66960
<dbpedia:Devil's_Island>	66573
<dbpedia:Pangong_Tso>	66494
<dbpedia:Lake_Natron>	66422
<dbpedia:Lake_Bled>	66277
<dbpedia:Lake_Eyre>	66260
<dbpedia:Kalimantan>	66240
<dbpedia:Tennessee_River>	66197
<dbpedia:Eastern_Ghats>	66106
<dbpedia:Macquarie_Island>	66097
<dbpedia:Hill_of_Tara>	66073
<dbpedia:Hogenakkal_Falls>	66023
<dbpedia:New_Britain>	65999
<dbpedia:Kangaroo_Island>	65904
<dbpedia:Lassen_Peak>	65563
<dbpedia:Samoan_Islands>	65481
<dbpedia:South_Col>	65442
<dbpedia:Lake_Malawi>	65418
<dbpedia:Dal_Lake>	65409
<dbpedia:Jungfrau>	65214
<dbpedia:Animas_River>	65175
<dbpedia:City_Island,_Bronx>	65133
<dbpedia:Manchester_Ship_Canal>	64979
<dbpedia:Pantelleria>	64961
<dbpedia:Komodo_(island)>	64873
<dbpedia:Stelvio_Pass>	64563
<dbpedia:Cascade_Volcanoes>	64483
<dbpedia:Lake_George_(New_York)>	64405
<dbpedia:Loire>	64397
<dbpedia:Victoria_Peak>	64356
<dbpedia:Karpathos>	64347
<dbpedia:Superstition_Mountains>	64256
<dbpedia:Allegheny_Mountains>	63699
<dbpedia:San_Gabriel_Mountains>	63437
<dbpedia:La_Garita_Caldera>	63133
<dbpedia:Jekyll_Island>	63079
<dbpedia:Mount_Damavand>	62692
<dbpedia:Chilika_Lake>	62679
<dbpedia:Ball's_Pyramid>	62652
<dbpedia:Golden_Gate>	62639
<dbpedia:Walden_Pond>	62594
<dbpedia:Windermere>	62501
<dbpedia:Isle_of_Portland>	62339
<dbpedia:Black_Sails>	62186
<dbpedia:Gulf_of_Aden>	62150
<dbpedia:Burgess_Shale>	62081
<dbpedia:Grand_Teton>	61925
<dbpedia:Ionian_Sea>	61915
<dbpedia:Pohnpei>	61879
<dbpedia:Rideau_Canal>	61825
<dbpedia:Tyrrhenian_Sea>	61815
<dbpedia:Amelia_Island>	61787
<dbpedia:Canal_du_Midi>	61759
<dbpedia:Meadow>	61647
<dbpedia:Raja_Ampat_Islands>	61496
<dbpedia:Yellowstone_River>	61477
<dbpedia:Kunlun_Mountains>	61382
<dbpedia:Uffington_White_Horse>	61184
<dbpedia:Lake_of_the_Woods>	61020
<dbpedia:Lake_Maracaibo>	60932
<dbpedia:Mount_Ruapehu>	60914
<dbpedia:Jellyfish_Lake>	60824
<dbpedia:Ojos_del_Salado>	60632
<dbpedia:Tombolo>	60483
<dbpedia:Japanese_archipelago>	60315
<dbpedia:Rub'_al_Khali>	60254
<dbpedia:Ebro>	60084
<dbpedia:Kiel_Canal>	59741
<dbpedia:Kingman_Reef>	59740
<dbpedia:Aoraki_/_Mount_Cook>	59519
<dbpedia:Multnomah_Falls>	59289
<dbpedia:Strait_of_Dover>	58914
<dbpedia:Sierra_Madre_Occidental>	58631
<dbpedia:Gulf_of_Guinea>	58567
<dbpedia:Celtic_Sea>	58517
<dbpedia:Mount_Rinjani>	58274
<dbpedia:Blue_Nile>	58250
<dbpedia:Aogashima>	57965
<dbpedia:Ob_River>	57957
<dbpedia:Mustique>	57922
<dbpedia:Caroline_Islands>	57554
<dbpedia:The_Berkshires>	57441
<dbpedia:White_Nile>	57438
<dbpedia:Niagara_Escarpment>	57304
<dbpedia:Sierra_Nevada_(Spain)>	57297
<dbpedia:Lake_Ladoga>	57258
<dbpedia:Bakken_formation>	57246
<dbpedia:East_China_Sea>	57107
<dbpedia:Gullfoss>	57009
<dbpedia:Lake_Taupo>	56958
<dbpedia:Fair_Isle>	56840
<dbpedia:Andaman_Sea>	56826
<dbpedia:The_Burren>	56811
<dbpedia:Icaria>	56793
<dbpedia:K%C4%ABlauea>	56768
<dbpedia:Guanabara_Bay>	56604
<dbpedia:Kerguelen_Plateau>	56539
<dbpedia:Hussain_Sagar>	56496
<dbpedia:Nicobar_Islands>	56319
<dbpedia:Aegina>	56212
<dbpedia:San_Nicolas_Island>	56195
<dbpedia:Bimini_Road>	56193
<dbpedia:Qiandao_Lake>	56145
<dbpedia:River_Trent>	56038
<dbpedia:Connecticut_River>	56009
<dbpedia:South_China_Sea_Islands>	55985
<dbpedia:James_River>	55923
<dbpedia:Chattahoochee_River>	55801
<dbpedia:Sutlej>	55784
<dbpedia:Jhelum_River>	55642
<dbpedia:Wudang_Mountains>	55545
<dbpedia:Odaiba>	55537
<dbpedia:Lake_Nicaragua>	55479
<dbpedia:Taurus_Mountains>	55435
<dbpedia:Makalu>	55423
<dbpedia:Lantau_Island>	55417
<dbpedia:Naxos>	55343
<dbpedia:Ashmore_and_Cartier_Islands>	55300
<dbpedia:Triveni_Sangam>	55230
<dbpedia:Coral_Sea>	55197
<dbpedia:Mount_Tai>	55170
<dbpedia:Chambal_River>	55165
<dbpedia:Plum_Island_(New_York)>	55104
<dbpedia:Kodiak_Island>	55035
<dbpedia:Lena_River>	55005
<dbpedia:Lake_Urmia>	54840
<dbpedia:Red_River_of_the_North>	54800
<dbpedia:Malay_Archipelago>	54777
<dbpedia:Mount_Aso>	54734
<dbpedia:Murano>	54567
<dbpedia:Great_Bear_Lake>	54453
<dbpedia:Mount_Mazama>	54441
<dbpedia:Arenal_Volcano>	54261
<dbpedia:Lefkada>	54030
<dbpedia:Jura_Mountains>	54027
<dbpedia:Nanda_Devi>	54006
<dbpedia:Torres_Strait_Islands>	53991
<dbpedia:Gough_Island>	53977
<dbpedia:Lido>	53929
<dbpedia:Don_River_(Russia)>	53884
<dbpedia:Mount_Desert_Island>	53570
<dbpedia:Boiling_Lake>	53570
<dbpedia:Sacred_Valley>	53418
<dbpedia:Ravi_River>	53318
<dbpedia:Rysy>	53207
<dbpedia:Mount_Unzen>	53201
<dbpedia:White_Mountains_(New_Hampshire)>	53175
<dbpedia:Bioko>	53117
<dbpedia:Lake_Berryessa>	53038
<dbpedia:Brazos_River>	53026
<dbpedia:Mount_Diablo>	52963
<dbpedia:Marina_Bay,_Singapore>	52882
<dbpedia:Milos>	52801
<dbpedia:Murree>	52779
<dbpedia:San_Clemente_Island>	52772
<dbpedia:Yorkshire_Dales>	52700
<dbpedia:Panthalassa>	52673
<dbpedia:Society_Islands>	52637
<dbpedia:Ama_Dablam>	52601
<dbpedia:Thasos>	52564
<dbpedia:River_Lea>	52523
<dbpedia:Toronto_Islands>	52471
<dbpedia:Saaremaa>	52451
<dbpedia:Jungfraujoch>	52079
<dbpedia:Wadden_Sea>	52043
<dbpedia:River_Shannon>	51935
<dbpedia:Carrauntoohil>	51863
<dbpedia:Rottnest_Island>	51849
<dbpedia:Clingmans_Dome>	51812
<dbpedia:Victoria_Island_(Canada)>	51800
<dbpedia:Lake_Kivu>	51757
<dbpedia:Lundy>	51707
<dbpedia:Basin_and_Range_Province>	51671
<dbpedia:Nullarbor_Plain>	51579
<dbpedia:Pollepel_Island>	51449
<dbpedia:Fraser_River>	51393
<dbpedia:Mount_Yamantau>	51308
<dbpedia:Ko_Pha_Ngan>	51206
<dbpedia:Lake_Havasu>	51124
<dbpedia:Monte_Rosa>	51045
<dbpedia:Brecon_Beacons>	50987
<dbpedia:River_Clyde>	50941
<dbpedia:Blood_Falls>	50894
<dbpedia:Culebra,_Puerto_Rico>	50849
<dbpedia:Vltava>	50826
<dbpedia:Lake_Retba>	50810
<dbpedia:Glen_Coe>	50803
<dbpedia:Hell_Creek_Formation>	50781
<dbpedia:Niagara_River>	50654
<dbpedia:Gulf_of_Aqaba>	50563
<dbpedia:Nilgiri_mountains>	50481
<dbpedia:Orange_River>	50441
<dbpedia:Lake_Bonneville>	50365
<dbpedia:Glastonbury_Tor>	50272
<dbpedia:Mount_Thor>	50175
<dbpedia:French_Alps>	50168
<dbpedia:Prince_Edward_Islands>	50166
<dbpedia:Teton_Range>	50119
<dbpedia:Lake_Winnipeg>	50103
<dbpedia:Ridge-and-Valley_Appalachians>	50093
<dbpedia:Chuuk_State>	49996
<dbpedia:River_Mersey>	49910
<dbpedia:Blue_Grotto_(Capri)>	49901
<dbpedia:Auckland_Islands>	49900
<dbpedia:Havelock_Island>	49884
<dbpedia:Solent>	49873
<dbpedia:Tagus>	49853
<dbpedia:Heimaey>	49801
<dbpedia:Gulf_of_Finland>	49788
<dbpedia:Charles_River>	49767
<dbpedia:La_Gomera>	49654
<dbpedia:Vindhya_Range>	49595
<dbpedia:Chimborazo_(volcano)>	49536
<dbpedia:New_Hebrides>	49515
<dbpedia:Mount_Sinabung>	49419
<dbpedia:Harz>	49388
<dbpedia:Esker>	49383
<dbpedia:Lake_Turkana>	49281
<dbpedia:Hart_Island,_New_York>	49266
<dbpedia:Mahanadi>	49222
<dbpedia:Robinson_Crusoe_Island>	49199
<dbpedia:Ural_River>	49175
<dbpedia:Laurentia>	49137
<dbpedia:Ko_Tao>	49129
<dbpedia:Fitz_Roy>	49104
<dbpedia:Sylt>	49059
<dbpedia:Inner_Hebrides>	48961
<dbpedia:Canadian_Arctic_Archipelago>	48858
<dbpedia:Hvar>	48811
<dbpedia:Sea_Islands>	48658
<dbpedia:Antarctic_ice_sheet>	48584
<dbpedia:Shatt_al-Arab>	48562
<dbpedia:Paradise_Island>	48489
<dbpedia:Bab-el-Mandeb>	48478
<dbpedia:Tapti_River>	48464
<dbpedia:Chembarambakkam_Lake>	48398
<dbpedia:Victoria_Harbour>	48341
<dbpedia:Flint_River_(Michigan)>	48323
<dbpedia:Tungabhadra_River>	48248
<dbpedia:Shiprock>	48219
<dbpedia:Magdalen_Islands>	47931
<dbpedia:Beas_River>	47800
<dbpedia:Clear_Lake_(California)>	47720
<dbpedia:Chesapeake_Bay_impact_crater>	47642
<dbpedia:Willamette_River>	47533
<dbpedia:Han_River_(Korea)>	47495
<dbpedia:Lake_Washington>	47455
<dbpedia:Lake_Winnipesaukee>	47429
<dbpedia:Mount_Nebo>	47383
<dbpedia:Geosphere>	47182
<dbpedia:Lough_Neagh>	47179
<dbpedia:Pulau_Palawan>	47152
<dbpedia:Dudh_Kosi>	47137
<dbpedia:Aegean_Islands>	47084
<dbpedia:West_Lake>	47051
<dbpedia:Englischer_Garten>	47016
<dbpedia:Mount_Tamalpais>	46955
<dbpedia:Seljalandsfoss>	46821
<dbpedia:Djerba>	46767
<dbpedia:Brenner_Pass>	46763
<dbpedia:Mount_Lebanon>	46679
<dbpedia:Skiathos>	46565
<dbpedia:Par%C3%ADcutin>	46550
<dbpedia:Lonar_crater_lake>	46537
<dbpedia:Mount_Adams_(Washington)>	46513
<dbpedia:Roat%C3%A1n>	46513
<dbpedia:Sheepshead_Bay,_Brooklyn>	46495
<dbpedia:Wasatch_Range>	46495
<dbpedia:Huayna_Picchu>	46475
<dbpedia:Danube_Delta>	46474
<dbpedia:Kara_Sea>	46473
<dbpedia:Castaway_Cay>	46446
<dbpedia:Chao_Phraya_River>	46380
<dbpedia:Ocracoke,_North_Carolina>	46373
<dbpedia:Tubbataha_Reef>	46341
<dbpedia:Don_Juan_Pond>	46272
<dbpedia:R%C3%ADo_de_la_Plata>	46243
<dbpedia:Girnar>	46228
<dbpedia:Mount_Pulag>	46223
<dbpedia:Gangkhar_Puensum>	46216
<dbpedia:Peter_I_Island>	46090
<dbpedia:Irrawaddy_River>	45942
<dbpedia:Eleuthera>	45902
<dbpedia:Pearl_River_(China)>	45722
<dbpedia:Cape_Hatteras>	45690
<dbpedia:Khao_Phing_Kan>	45645
<dbpedia:Philippine_Sea>	45608
<dbpedia:Owens_Lake>	45531
<dbpedia:Taiping_Island>	45456
<dbpedia:Manus_Island>	45448
<dbpedia:Sacramento_River>	45345
<dbpedia:Platte_River>	45342
<dbpedia:Yakushima>	45275
<dbpedia:Corcovado>	45219
<dbpedia:Scandinavian_Mountains>	45192
<dbpedia:Manicouagan_crater>	45148
<dbpedia:Sangre_de_Cristo_Mountains>	45094
<dbpedia:Mount_San_Antonio>	44926
<dbpedia:Cape_York_Peninsula>	44904
<dbpedia:Dettifoss>	44883
<dbpedia:Great_Australian_Bight>	44874
<dbpedia:Lake_of_the_Ozarks>	44864
<dbpedia:Tongariro_River>	44821
<dbpedia:Balkan_Mountains>	44811
<dbpedia:North_Atlantic_Current>	44604
<dbpedia:Dubai_Creek>	44600
<dbpedia:Mount_Tabor>	44568
<dbpedia:Paros>	44482
<dbpedia:Kaffeklubben_Island>	44469
<dbpedia:Hamilton_Island_(Queensland)>	44459
<dbpedia:Syr_Darya>	44409
<dbpedia:San_Salvador_Island>	44326
<dbpedia:Humber>	44288
<dbpedia:Yalu_River>	44265
<dbpedia:Douro>	44239
<dbpedia:Havasu_Falls>	44222
<dbpedia:Gardiners_Island>	44146
<dbpedia:Sriharikota>	44110
<dbpedia:Oder>	44070
<dbpedia:Aeolian_Islands>	44013
<dbpedia:The_Pearl-Qatar>	43986
<dbpedia:Russian_River_(California)>	43972
<dbpedia:Isla_Margarita>	43941
<dbpedia:Whitsunday_Islands>	43886
<dbpedia:Isle_of_Bute>	43873
<dbpedia:Turkish_Straits>	43814
<dbpedia:Palm_Jebel_Ali>	43812
<dbpedia:Tasman_Sea>	43796
<dbpedia:Waiheke_Island>	43788
<dbpedia:Mindoro>	43660
<dbpedia:Kaieteur_Falls>	43646
<dbpedia:Massif_Central>	43646
<dbpedia:Grenadines>	43514
<dbpedia:Crozet_Islands>	43453
<dbpedia:Gowanus_Canal>	43433
<dbpedia:Devon_Island>	43408
<dbpedia:Majuli>	43344
<dbpedia:San_Francisco_Peninsula>	43322
<dbpedia:Gilbert_Islands>	43203
<dbpedia:Yas_Island>	43188
<dbpedia:Ethiopian_Highlands>	43041
<dbpedia:Skorpios>	42925
<dbpedia:Lake_Van>	42819
<dbpedia:Angels_Landing>	42751
<dbpedia:Vestmannaeyjar>	42721
<dbpedia:Line_Islands>	42718
<dbpedia:Lookout_Mountain>	42593
<dbpedia:Santa_Monica_Mountains>	42585
<dbpedia:Terceira_Island>	42542
<dbpedia:Ouachita_Mountains>	42536
<dbpedia:Trango_Towers>	42525
<dbpedia:Allegheny_River>	42522
<dbpedia:Humboldt_Current>	42416
<dbpedia:Mount_Nemrut>	42352
<dbpedia:Pen_y_Fan>	42333
<dbpedia:Kata_Tjuta>	42333
<dbpedia:Seto_Inland_Sea>	42216
<dbpedia:Kaas_plateau>	42145
<dbpedia:Boston_Harbor>	41997
<dbpedia:Strait_of_Juan_de_Fuca>	41991
<dbpedia:Straits_of_Tiran>	41989
<dbpedia:Hekla>	41980
<dbpedia:Koh_Rong>	41948
<dbpedia:Manaslu>	41886
<dbpedia:Chenab_River>	41870
<dbpedia:Columbia_Icefield>	41860
<dbpedia:Teesta_River>	41805
<dbpedia:Georgian_Bay>	41786
<dbpedia:%C3%8Ele_de_la_Cit%C3%A9>	41763
<dbpedia:Popocat%C3%A9petl>	41762
<dbpedia:Isle_of_Sheppey>	41664
<dbpedia:Gasherbrum_II>	41654
<dbpedia:Arno>	41599
<dbpedia:Beaufort_Sea>	41545
<dbpedia:Andros,_Bahamas>	41526
<dbpedia:R%C3%BCgen>	41508
<dbpedia:Gulf_of_Tonkin>	41459
<dbpedia:Tokyo_Bay>	41439
<dbpedia:Yonaguni>	41414
<dbpedia:Elephant_Island>	41404
<dbpedia:Banda_Islands>	41368
<dbpedia:Samothrace>	41352
<dbpedia:Bear_Island_(Norway)>	41342
<dbpedia:Mount_Parnassus>	41340
<dbpedia:Bajo_Nuevo_Bank>	41302
<dbpedia:Grand_Union_Canal>	41198
