<dbpedia:Ronda_Rousey>	4120059
<dbpedia:Lionel_Messi>	4099091
<dbpedia:Cristiano_Ronaldo>	3734447
<dbpedia:Michael_Jordan>	2861628
<dbpedia:Kobe_Bryant>	2351923
<dbpedia:LeBron_James>	2302338
<dbpedia:Muhammad_Ali>	2289317
<dbpedia:Novak_Djokovic>	2187662
<dbpedia:Roger_Federer>	2058225
<dbpedia:Serena_Williams>	1996376
<dbpedia:Neymar>	1795567
<dbpedia:Floyd_Mayweather,_Jr.>	1700961
<dbpedia:Wladimir_Klitschko>	1506118
<dbpedia:Rafael_Nadal>	1342519
<dbpedia:Lamar_Odom>	1334429
<dbpedia:Usain_Bolt>	1094364
<dbpedia:Shaquille_O'Neal>	1078430
<dbpedia:Bruce_Jenner>	1074899
<dbpedia:Duke_Kahanamoku>	1059295
<dbpedia:Ronaldinho>	1048420
<dbpedia:Maria_Sharapova>	1022460
<dbpedia:Magic_Johnson>	994191
<dbpedia:Andy_Murray>	985452
<dbpedia:Ronaldo>	966499
<dbpedia:Allen_Iverson>	961458
<dbpedia:Anthony_Joshua>	890290
<dbpedia:George_S._Patton>	847742
<dbpedia:Kevin_Durant>	828181
<dbpedia:Yao_Ming>	774523
<dbpedia:Tim_Duncan>	774383
<dbpedia:Amir_Khan_(boxer)>	770294
<dbpedia:Deontay_Wilder>	759718
<dbpedia:Alex_Morgan>	752973
<dbpedia:Venus_Williams>	750301
<dbpedia:Lance_Armstrong>	745967
<dbpedia:Kurt_Angle>	741778
<dbpedia:Martina_Hingis>	741752
<dbpedia:Pep_Guardiola>	710280
<dbpedia:Abby_Wambach>	709813
<dbpedia:Michael_Phelps>	708630
<dbpedia:Jesse_Owens>	702184
<dbpedia:Hope_Solo>	672272
<dbpedia:Sania_Mirza>	670822
<dbpedia:Daniel_Cormier>	663778
<dbpedia:Wayne_Gretzky>	657690
<dbpedia:Alexandre_Pato>	627941
<dbpedia:Larry_Bird>	625443
<dbpedia:James_Harden>	609890
<dbpedia:Steffi_Graf>	605809
<dbpedia:Evander_Holyfield>	592542
<dbpedia:Dwyane_Wade>	580334
<dbpedia:Lennox_Lewis>	580266
<dbpedia:Pierre-Emerick_Aubameyang>	579105
<dbpedia:Andre_Agassi>	568559
<dbpedia:Andrea_Pirlo>	566681
<dbpedia:Anna_Kournikova>	560695
<dbpedia:Russell_Westbrook>	558870
<dbpedia:Andre_Iguodala>	553875
<dbpedia:George_Foreman>	549892
<dbpedia:Dirk_Nowitzki>	548727
<dbpedia:Charles_Barkley>	542355
<dbpedia:Roy_Jones,_Jr.>	537672
<dbpedia:Steve_Nash>	533457
<dbpedia:Louis_Zamperini>	519175
<dbpedia:Andre_Berto>	518908
<dbpedia:Carli_Lloyd>	507760
<dbpedia:Xavi>	500074
<dbpedia:Oscar_Pistorius>	491800
<dbpedia:Gianluigi_Buffon>	487316
<dbpedia:Kevin_Garnett>	487070
<dbpedia:Carmelo_Anthony>	477577
<dbpedia:Scottie_Pippen>	461843
<dbpedia:Ryan_Giggs>	459832
<dbpedia:David_de_Gea>	459477
<dbpedia:Ana_Ivanovic>	445722
<dbpedia:Pete_Sampras>	443617
<dbpedia:Miguel_Cotto>	443278
<dbpedia:Andre_Ward>	440412
<dbpedia:Vince_Carter>	438457
<dbpedia:Tonya_Harding>	428639
<dbpedia:Bill_Russell>	425442
<dbpedia:Luis_Su%C3%A1rez>	424478
<dbpedia:Albert_II,_Prince_of_Monaco>	421120
<dbpedia:Saina_Nehwal>	418436
<dbpedia:Daniel_Sturridge>	416640
<dbpedia:Ray_Allen>	414972
<dbpedia:Hakeem_Olajuwon>	412373
<dbpedia:Dwight_Howard>	411511
<dbpedia:Dan_Henderson>	409516
<dbpedia:Blake_Griffin>	398904
<dbpedia:Karl_Malone>	397973
<dbpedia:Tony_Parker>	395797
<dbpedia:Anthony_Davis_(basketball)>	395279
<dbpedia:Dave_Schultz_(wrestling)>	395230
<dbpedia:Mark_Schultz_(wrestler)>	394461
<dbpedia:Chris_Paul>	386389
<dbpedia:Kevin_Love>	381911
<dbpedia:Yoel_Romero>	379373
<dbpedia:Juan_Mata>	378832
<dbpedia:Lleyton_Hewitt>	376133
<dbpedia:Joe_Frazier>	371597
<dbpedia:Pau_Gasol>	371358
<dbpedia:Angelique_Kerber>	370991
<dbpedia:Oscar_De_La_Hoya>	365347
<dbpedia:Boris_Becker>	363360
<dbpedia:Sidney_Crosby>	360918
<dbpedia:Andy_Roddick>	357037
<dbpedia:Martina_Navratilova>	354390
<dbpedia:Diego_Simeone>	350809
<dbpedia:Megan_Rapinoe>	349126
<dbpedia:Chris_Froome>	346370
<dbpedia:Shinji_Okazaki>	344686
<dbpedia:McKayla_Maroney>	339813
<dbpedia:Mark_Henry>	331065
<dbpedia:Roberto_Carlos_(footballer)>	329602
<dbpedia:Matthew_Dellavedova>	329225
<dbpedia:Monica_Seles>	318245
<dbpedia:Sugar_Ray_Leonard>	318037
<dbpedia:Patrick_Kane>	317997
<dbpedia:Victoria_Azarenka>	315225
<dbpedia:Sergio_Ag%C3%BCero>	314225
<dbpedia:Jason_Kidd>	313614
<dbpedia:Sebastian_Giovinco>	312058
<dbpedia:Edinson_Cavani>	311593
<dbpedia:Tim_Howard>	308791
<dbpedia:Chris_Evert>	305299
<dbpedia:Simona_Halep>	304209
<dbpedia:Zara_Phillips>	303805
<dbpedia:Flavia_Pennetta>	302659
<dbpedia:Milos_Raonic>	297937
<dbpedia:Patrick_Ewing>	293804
<dbpedia:Mohamed_Salah>	290732
<dbpedia:Sydney_Leroux>	290506
<dbpedia:Freddy_Adu>	286044
<dbpedia:Lindsey_Vonn>	285427
<dbpedia:Leander_Paes>	285294
<dbpedia:Ross_Rebagliati>	283664
<dbpedia:Mary_Kom>	282633
<dbpedia:Samuel_Eto'o>	278202
<dbpedia:Caroline_Wozniacki>	277152
<dbpedia:Michel_Platini>	276880
<dbpedia:Gabby_Douglas>	275572
<dbpedia:Aaron_Ramsey>	273957
<dbpedia:Rivaldo>	271086
<dbpedia:David_Robinson_(basketball)>	271038
<dbpedia:Kei_Nishikori>	271012
<dbpedia:Chris_Bosh>	270513
<dbpedia:Justin_Gatlin>	270206
<dbpedia:Mo_Farah>	270124
<dbpedia:Jerry_West>	269065
<dbpedia:Javier_Mascherano>	268413
<dbpedia:Mia_Hamm>	265585
<dbpedia:Andrew_Bogut>	263414
<dbpedia:Harald_V_of_Norway>	260627
<dbpedia:Patrick_Vieira>	260536
<dbpedia:Grigor_Dimitrov>	258663
<dbpedia:Alexander_Povetkin>	256717
<dbpedia:Landon_Donovan>	256007
<dbpedia:Christian_Laettner>	254129
<dbpedia:Spencer_Haywood>	253161
<dbpedia:Roberta_Vinci>	252364
<dbpedia:John_Stockton>	252313
<dbpedia:Reggie_Miller>	250965
<dbpedia:Nancy_Kerrigan>	250000
<dbpedia:Giovani_dos_Santos>	246106
<dbpedia:Tim_Cahill>	245022
<dbpedia:Alexander_Ovechkin>	244928
<dbpedia:Hulk_(footballer)>	243231
<dbpedia:Jim_Thorpe>	242773
<dbpedia:Gary_Payton>	241678
<dbpedia:Valeri_Bure>	240401
<dbpedia:Shinji_Kagawa>	235945
<dbpedia:David_Lee_(basketball)>	234719
<dbpedia:Jake_Arrieta>	233414
<dbpedia:Ra%C3%BAl_(footballer)>	231125
<dbpedia:Mohamed_Elneny>	230009
<dbpedia:Herschel_Walker>	229673
<dbpedia:Isco>	226854
<dbpedia:Carolyn_Jones>	222299
<dbpedia:Grant_Hill>	218963
<dbpedia:Jo-Wilfried_Tsonga>	218771
<dbpedia:Tom_Daley>	218588
<dbpedia:Marouane_Fellaini>	216684
<dbpedia:Jonathan_Toews>	216498
<dbpedia:Milkha_Singh>	215274
<dbpedia:Mario_Lemieux>	214173
<dbpedia:Penny_Hardaway>	211508
<dbpedia:Fabio_Cannavaro>	211467
<dbpedia:Oscar_Robertson>	211090
<dbpedia:Ezequiel_Lavezzi>	209654
<dbpedia:Marion_Jones>	207112
<dbpedia:Carl_Lewis>	206282
<dbpedia:Heather_Watson>	206225
<dbpedia:Asamoah_Gyan>	205441
<dbpedia:Johnny_Weissmuller>	205280
<dbpedia:Casemiro>	204436
<dbpedia:Shawn_Johnson>	203567
<dbpedia:Alex_Song>	202961
<dbpedia:Carlos_Boozer>	200960
<dbpedia:Carles_Puyol>	199060
<dbpedia:Stephon_Marbury>	197423
<dbpedia:Tyson_Gay>	196989
<dbpedia:Ramires>	193796
<dbpedia:Deron_Williams>	193593
<dbpedia:Jamie_Murray>	192677
<dbpedia:Charlene,_Princess_of_Monaco>	192055
<dbpedia:Thomas_Vermaelen>	190055
<dbpedia:Bradley_Wiggins>	190002
<dbpedia:Vincent_Kompany>	189933
<dbpedia:John_Isner>	189627
<dbpedia:Paula_Radcliffe>	189422
<dbpedia:Florence_Griffith_Joyner>	189256
<dbpedia:Lee_Chong_Wei>	186862
<dbpedia:Ander_Herrera>	186793
<dbpedia:Debi_Thomas>	186208
<dbpedia:Richard_Gasquet>	186112
<dbpedia:Marcelo_Vieira>	184402
<dbpedia:Christen_Press>	184164
<dbpedia:Bud_Spencer>	181493
<dbpedia:Vlade_Divac>	178955
<dbpedia:Marin_%C4%8Cili%C4%87>	177169
<dbpedia:Joakim_Noah>	176912
<dbpedia:Marc_Gasol>	176791
<dbpedia:Jay-Jay_Okocha>	176750
<dbpedia:Clyde_Drexler>	176628
<dbpedia:Billy_Joe_Saunders>	176270
<dbpedia:Christie_Rampone>	175915
<dbpedia:Henry_Cejudo>	175809
<dbpedia:Tobin_Heath>	172631
<dbpedia:Jozy_Altidore>	170970
<dbpedia:Suzy_Favor_Hamilton>	169786
<dbpedia:Tyson_Chandler>	169041
<dbpedia:Giuseppe_Rossi>	169024
<dbpedia:Peter_Sagan>	166860
<dbpedia:Micah_Richards>	166245
<dbpedia:Suzanne_Lenglen>	165747
<dbpedia:Ekaterina_Makarova>	164995
<dbpedia:Ian_Thorpe>	164490
<dbpedia:Keisuke_Honda>	164369
<dbpedia:Jwala_Gutta>	164139
<dbpedia:Greg_Louganis>	163833
<dbpedia:Justine_Henin>	162597
<dbpedia:Becky_Hammon>	162262
<dbpedia:Amar'e_Stoudemire>	161354
<dbpedia:Alonzo_Mourning>	161146
<dbpedia:Aly_Raisman>	159683
<dbpedia:Ruslan_Chagaev>	159650
<dbpedia:Arvydas_Sabonis>	159001
<dbpedia:Alberto_Contador>	158581
<dbpedia:Sebastian_Coe>	158523
<dbpedia:Carey_Price>	158096
<dbpedia:P._T._Usha>	157206
<dbpedia:Kevin_Anderson_(tennis)>	156305
<dbpedia:Javier_Zanetti>	156282
<dbpedia:Jack_Butland>	155999
<dbpedia:Mark_McGwire>	155768
<dbpedia:Ricky_Rubio>	154776
<dbpedia:P._K._Subban>	154658
<dbpedia:Marat_Safin>	154237
<dbpedia:Steve_Prefontaine>	154199
<dbpedia:Jennifer_Capriati>	153613
<dbpedia:Larry_Brown_(basketball)>	153439
<dbpedia:Bernard_Tomic>	153275
<dbpedia:Abebe_Bikila>	152869
<dbpedia:Yohan_Blake>	152780
<dbpedia:Kim_Clijsters>	152330
<dbpedia:Cameron_Winklevoss>	151852
<dbpedia:Eric_Moussambani>	151083
<dbpedia:Emeka_Okafor>	151042
<dbpedia:Riddick_Bowe>	150775
<dbpedia:Serge_Ibaka>	149787
<dbpedia:David_Ferrer>	149467
<dbpedia:Steven_Caulker>	149179
<dbpedia:Antonio_Tarver>	147795
<dbpedia:Alessandro_Nesta>	147207
<dbpedia:Luol_Deng>	147008
<dbpedia:Cristian_Tello>	146955
<dbpedia:R.A._Dickey>	146920
<dbpedia:Lucas_Moura>	146807
<dbpedia:Mirka_Federer>	146297
<dbpedia:Timofey_Mozgov>	146112
<dbpedia:Mahesh_Bhupathi>	145061
<dbpedia:Michael_Chang>	144080
<dbpedia:Lucas_Leiva>	144024
<dbpedia:Michelle_Kwan>	143757
<dbpedia:Marta_(footballer)>	143420
<dbpedia:Boy_Charlton>	142613
<dbpedia:Chris_Mullin_(basketball)>	141801
<dbpedia:Vijender_Singh>	141713
<dbpedia:Vasek_Pospisil>	141509
<dbpedia:Phil_Kessel>	140832
<dbpedia:Javier_Saviola>	140774
<dbpedia:Trevor_Berbick>	140111
<dbpedia:Andy_Lee_(boxer)>	140089
<dbpedia:Leandro_Barbosa>	139464
<dbpedia:Daniele_De_Rossi>	139441
<dbpedia:Jarom%C3%ADr_J%C3%A1gr>	138646
<dbpedia:Christine_Sinclair>	138291
<dbpedia:Ben_Askren>	138041
<dbpedia:Tom_Cleverley>	137858
<dbpedia:Jordi_Alba>	137854
<dbpedia:Stefan_Edberg>	137808
<dbpedia:Katie_Ledecky>	137766
<dbpedia:Timea_Bacsinszky>	137497
<dbpedia:Lev_Yashin>	137040
<dbpedia:Guillermo_Rigondeaux>	136028
<dbpedia:Agnieszka_Radwa%C5%84ska>	135920
<dbpedia:Gennaro_Gattuso>	135493
<dbpedia:Sara_McMann>	135328
<dbpedia:Tyler_Winklevoss>	135309
<dbpedia:Eddy_Merckx>	135173
<dbpedia:Ryan_Lochte>	135079
<dbpedia:Dafne_Schippers>	133425
<dbpedia:Ben_Johnson_(sprinter)>	133023
<dbpedia:Gabriela_Sabatini>	132939
<dbpedia:Nwankwo_Kanu>	132768
<dbpedia:Diego_Ribas_da_Cunha>	132303
<dbpedia:Richard_Jefferson>	132295
<dbpedia:Michael_Bradley_(soccer)>	132220
<dbpedia:Leon_Spinks>	132174
<dbpedia:Lucie_%C5%A0af%C3%A1%C5%99ov%C3%A1>	131353
<dbpedia:Yi_Jianlian>	131308
<dbpedia:Vyacheslav_Glazkov>	130637
<dbpedia:Ashton_Eaton>	130484
<dbpedia:Mark_Cavendish>	129911
<dbpedia:Petra_Kvitov%C3%A1>	129803
<dbpedia:Cathy_Freeman>	129578
<dbpedia:Kubrat_Pulev>	128359
<dbpedia:Alex_Sandro>	127589
<dbpedia:Nastia_Liukin>	127119
<dbpedia:Lin_Dan>	126996
<dbpedia:Missy_Franklin>	126410
<dbpedia:Claudio_Marchisio>	126173
<dbpedia:Shawn_Marion>	126098
<dbpedia:Yuzuru_Hanyu>	125459
<dbpedia:Lindsay_Davenport>	124999
<dbpedia:James_DeGale>	124903
<dbpedia:Marco_Pantani>	124850
<dbpedia:Dhyan_Chand>	124812
<dbpedia:Caster_Semenya>	124752
<dbpedia:Steven_Stamkos>	124252
<dbpedia:Michael_Johnson_(sprinter)>	123770
<dbpedia:J%C3%BCrgen_Klinsmann>	123237
<dbpedia:Alina_Kabaeva>	123063
<dbpedia:Wilma_Rudolph>	122753
<dbpedia:Allyson_Felix>	122166
<dbpedia:Pat_Summitt>	122002
<dbpedia:Scott_Sinclair>	120708
<dbpedia:Mike_Leigh>	120507
<dbpedia:Tim_Hardaway>	120305
<dbpedia:Lolo_Jones>	119968
<dbpedia:Mark_Coleman>	119919
<dbpedia:Fabio_Fognini>	118909
<dbpedia:Sabine_Lisicki>	118881
<dbpedia:Hernanes>	118709
<dbpedia:Barry_Larkin>	118394
<dbpedia:Giorgio_Chiellini>	118288
<dbpedia:Am%C3%A9lie_Mauresmo>	117965
<dbpedia:Samantha_Stosur>	116899
<dbpedia:Bill_Bradley>	116343
<dbpedia:Dra%C5%BEen_Petrovi%C4%87>	116288
<dbpedia:Floyd_Patterson>	116196
<dbpedia:Katarina_Witt>	115664
<dbpedia:Mark_Phillips>	115556
<dbpedia:Olav_V_of_Norway>	115419
<dbpedia:Eric_Liddell>	114865
<dbpedia:Dominique_Moceanu>	114738
<dbpedia:Maya_Moore>	114375
<dbpedia:Sadio_Man%C3%A9>	114132
<dbpedia:Jarome_Iginla>	112851
<dbpedia:Raul_Meireles>	112536
<dbpedia:Patrick_Roy>	112335
<dbpedia:Ryan_Bertrand>	112169
<dbpedia:Shaun_White>	112078
<dbpedia:Jan_Vertonghen>	111965
<dbpedia:Steve_Yzerman>	111840
<dbpedia:Rudy_Gay>	111641
<dbpedia:Laura_Robson>	111204
<dbpedia:Joe_Thornton>	110609
<dbpedia:Peter_Norman>	110472
<dbpedia:David_Price_(boxer)>	109925
<dbpedia:Eric_Lindros>	109757
<dbpedia:Dorothy_Hamill>	109726
<dbpedia:Ryan_Babel>	109392
<dbpedia:Sergei_Fedorov>	108739
<dbpedia:Fernando_Morientes>	108681
<dbpedia:Vasyl_Lomachenko>	108290
<dbpedia:Duncan_Keith>	107442
<dbpedia:Ivo_Karlovi%C4%87>	106861
<dbpedia:Pavel_Bure>	106756
<dbpedia:Diana_Taurasi>	106348
<dbpedia:Craig_Bellamy>	106031
<dbpedia:Pablo_Zabaleta>	105470
<dbpedia:Michael_Spinks>	105175
<dbpedia:Martin_Brodeur>	105173
<dbpedia:Miguel_Indurain>	104650
<dbpedia:Zdeno_Ch%C3%A1ra>	104649
<dbpedia:Marco_Amelia>	104428
<dbpedia:Nicolas_Batum>	104415
<dbpedia:Meryl_Davis>	104293
<dbpedia:David_Goffin>	104228
<dbpedia:Badou_Jack>	104082
<dbpedia:Oriol_Romeu>	103355
<dbpedia:Luis_Scola>	103005
<dbpedia:Tim_Henman>	102956
<dbpedia:Alexi_Lalas>	102384
<dbpedia:Kristina_Mladenovic>	102338
<dbpedia:Nadia_Com%C4%83neci>	101612
<dbpedia:Franco_Baresi>	101196
<dbpedia:Candace_Parker>	101152
<dbpedia:Hidetoshi_Nakata>	100922
<dbpedia:Svetlana_Kuznetsova>	100777
<dbpedia:Shelly-Ann_Fraser-Pryce>	100629
<dbpedia:T._J._Oshie>	100553
<dbpedia:Nomar_Garciaparra>	100536
<dbpedia:Robbie_Rogers>	100435
<dbpedia:Rom%C3%A1rio>	100006
<dbpedia:Tayshaun_Prince>	99934
<dbpedia:Vincenzo_Nibali>	99886
<dbpedia:Mark_Spitz>	99747
<dbpedia:Aleksandr_Karelin>	99297
<dbpedia:Andrei_Kirilenko>	99279
<dbpedia:Alberto_Gilardino>	99239
<dbpedia:Brad_Friedel>	99144
<dbpedia:Vanessa-Mae>	98875
<dbpedia:Boris_Diaw>	98629
<dbpedia:Dunga>	98573
<dbpedia:Brad_Guzan>	98501
<dbpedia:Salvatore_Sirigu>	98230
<dbpedia:Manu_Gin%C3%B3bili>	96631
<dbpedia:Lisa_Leslie>	96624
<dbpedia:Munenori_Kawasaki>	96484
<dbpedia:Benjamin_Spock>	95052
<dbpedia:Hern%C3%A1n_Crespo>	95040
<dbpedia:David_Rudisha>	94922
<dbpedia:Gracie_Gold>	94137
<dbpedia:Philip_Boit>	94071
<dbpedia:Shareef_Abdur-Rahim>	93420
<dbpedia:Geeta_Phogat>	93400
<dbpedia:Dominic_Breazeale>	92876
<dbpedia:Homare_Sawa>	92785
<dbpedia:Gustavo_Kuerten>	92666
<dbpedia:Al-Farouq_Aminu>	92597
<dbpedia:Brett_Hull>	92481
<dbpedia:Pavel_Datsyuk>	92472
<dbpedia:Chris_Pronger>	92284
<dbpedia:Kevin_Mirallas>	92209
<dbpedia:Mike_Richards>	92134
<dbpedia:Stuart_Holden>	91991
<dbpedia:Ezequiel_Garay>	91706
<dbpedia:Asafa_Powell>	91587
<dbpedia:Tommy_Haas>	91485
<dbpedia:Jessica_Mendoza>	91261
<dbpedia:Mark_Philippoussis>	91044
<dbpedia:Amy_Rodriguez>	90987
<dbpedia:Andrea_Barzagli>	90956
<dbpedia:Shizo_Kanakuri>	90531
<dbpedia:Henrik_Lundqvist>	90389
<dbpedia:Paula_Barila_Bolopa>	90168
<dbpedia:Kristi_Yamaguchi>	89952
<dbpedia:David_Tua>	89927
<dbpedia:Peter_Odemwingie>	89913
<dbpedia:Mohamed_Sissoko>	89516
<dbpedia:John_Tavares_(ice_hockey)>	89373
<dbpedia:Marcos_Baghdatis>	89338
<dbpedia:Hicham_El_Guerrouj>	89102
<dbpedia:Prince_Hubertus_of_Hohenlohe-Langenburg>	89019
<dbpedia:Haile_Gebrselassie>	88962
<dbpedia:Evgeni_Malkin>	88902
<dbpedia:Detlef_Schrempf>	88803
<dbpedia:Shunsuke_Nakamura>	88375
<dbpedia:Giovanni_Trapattoni>	88087
<dbpedia:Patrick_Sharp>	88073
<dbpedia:Gilles_Simon>	87877
<dbpedia:Jim_Courier>	87602
<dbpedia:Jo%C3%A3o_Havelange>	87521
<dbpedia:Tara_Lipinski>	87425
<dbpedia:Jamie_Benn>	87344
<dbpedia:Yu_Darvish>	86680
<dbpedia:Ferenc_Pusk%C3%A1s>	86601
<dbpedia:Brandi_Chastain>	86580
<dbpedia:Kevin_McBride>	86562
<dbpedia:Sara_Errani>	86527
<dbpedia:Chris_Byrd>	86027
<dbpedia:Goran_Ivani%C5%A1evi%C4%87>	85740
<dbpedia:Andrew_Golota>	85727
<dbpedia:Linford_Christie>	85645
<dbpedia:Pernell_Whitaker>	85557
<dbpedia:Dany_Heatley>	85406
<dbpedia:Ra%C3%BAl_Jim%C3%A9nez>	85339
<dbpedia:Aitor_Karanka>	84970
<dbpedia:Kyla_Ross>	84845
<dbpedia:Pajtim_Kasami>	84554
<dbpedia:Jackie_Joyner-Kersee>	84442
<dbpedia:Jelena_Jankovi%C4%87>	84253
<dbpedia:Omar_Abdulrahman>	84146
<dbpedia:Roy_Makaay>	84029
<dbpedia:Fuahea_Semi>	83457
<dbpedia:Juan_Mart%C3%ADn_del_Potro>	83094
<dbpedia:Valerie_Adams>	82837
<dbpedia:Chris_Chelios>	82634
<dbpedia:Ben_Gordon>	82445
<dbpedia:Tom%C3%A1%C5%A1_Berdych>	82385
<dbpedia:Fabian_Cancellara>	82294
<dbpedia:Kenenisa_Bekele>	82263
<dbpedia:Yuto_Nagatomo>	82114
<dbpedia:Andrea_Ranocchia>	81934
<dbpedia:Ilya_Kovalchuk>	81850
<dbpedia:Princess_Haya_bint_Al_Hussein>	81657
<dbpedia:Sue_Bird>	81438
<dbpedia:Becky_Sauerbrunn>	81421
<dbpedia:Hiroaki_Aoki>	81385
<dbpedia:Riccardo_Montolivo>	81364
<dbpedia:Gianluca_Zambrotta>	81302
<dbpedia:Tiago_Splitter>	81253
<dbpedia:Federico_Fazio>	81229
<dbpedia:Royston_Drenthe>	81182
<dbpedia:Ben_Ainslie>	80758
<dbpedia:Antonio_Nocerino>	80655
<dbpedia:Picabo_Street>	79706
<dbpedia:Audley_Harrison>	79536
<dbpedia:Sushil_Kumar_(wrestler)>	79170
<dbpedia:Peter_Forsberg>	79102
<dbpedia:Shannon_Boxx>	79052
<dbpedia:Errol_Spence>	78606
<dbpedia:Ron_Clarke>	78552
<dbpedia:Christian_Abbiati>	78239
<dbpedia:Yelena_Isinbayeva>	77936
<dbpedia:Greg_Rutherford>	77920
<dbpedia:Paulo_Henrique_Ganso>	77816
<dbpedia:Jennie_Finch>	77417
<dbpedia:Admir_Mehmedi>	77319
<dbpedia:Mary_Lou_Retton>	77122
<dbpedia:Brad_Jones_(footballer)>	76705
<dbpedia:Mart%C3%ADn_Montoya>	76209
<dbpedia:Fernando_Verdasco>	76153
<dbpedia:Bruno_Alves>	76076
<dbpedia:Alejandro_Valverde>	75979
<dbpedia:Mardy_Fish>	75846
<dbpedia:Tommie_Smith>	75530
<dbpedia:Cheryl_Miller>	75421
<dbpedia:Martin_St._Louis>	75224
<dbpedia:Ma_Long_(table_tennis)>	75172
<dbpedia:Fernando_Gago>	75033
<dbpedia:Antonio_Candreva>	74844
<dbpedia:Joe_Sakic>	74700
<dbpedia:Gaizka_Mendieta>	74642
<dbpedia:Pam_Shriver>	74539
<dbpedia:Rebecca_Adlington>	74465
<dbpedia:Mao_Asada>	74411
<dbpedia:Jim_Abbott>	74391
<dbpedia:Verne_Gagne>	73690
<dbpedia:Gabriel_Heinze>	73575
<dbpedia:C%C3%A9sar_Azpilicueta>	73454
<dbpedia:Idrissa_Gueye>	73402
<dbpedia:Ewa_K%C5%82obukowska>	73251
<dbpedia:Dinara_Safina>	73224
<dbpedia:Genzebe_Dibaba>	73219
<dbpedia:Misty_May-Treanor>	72759
<dbpedia:Bob_Bryan>	72605
<dbpedia:Brian_Boitano>	72511
<dbpedia:Fabricio_Coloccini>	72486
<dbpedia:Yakubu_Aiyegbeni>	72366
<dbpedia:David_Nalbandian>	72365
<dbpedia:Viktor_Troicki>	72343
<dbpedia:Juninho_Paulista>	72163
<dbpedia:Vin_Baker>	72027
<dbpedia:L%C3%BAcio>	71925
<dbpedia:Robert_Pir%C3%A8s>	71781
<dbpedia:Brendan_Shanahan>	71395
<dbpedia:Chen_Long>	70829
<dbpedia:Kristine_Lilly>	70780
<dbpedia:Andy_Schleck>	70589
<dbpedia:Viacheslav_Fetisov>	70253
<dbpedia:Mike_Modano>	69948
<dbpedia:Mark_Viduka>	69944
<dbpedia:Mitch_Richmond>	69685
<dbpedia:Satoshi_Ishii>	69636
<dbpedia:Chris_Kaman>	69613
<dbpedia:Ashley_Wagner>	69312
<dbpedia:Kerri_Strug>	69277
<dbpedia:Kerri_Walsh_Jennings>	69224
<dbpedia:Nadine_Angerer>	69151
<dbpedia:Alicia_Sacramone>	68964
<dbpedia:Roberto_Luongo>	68868
<dbpedia:Sasha_Cohen>	68722
<dbpedia:Maria_Kirilenko>	68620
<dbpedia:Liu_Xiang>	68403
<dbpedia:Daniel_Geale>	68379
<dbpedia:Mary_Pierce>	68003
<dbpedia:Ottmar_Hitzfeld>	67600
<dbpedia:Peter_Prevc>	67507
<dbpedia:Luz_Long>	67390
<dbpedia:Ray_Mercer>	67284
<dbpedia:Dmitry_Klokov>	67100
<dbpedia:Hugo_Almeida>	66768
<dbpedia:Jason_Giambi>	66738
<dbpedia:Babe_Didrikson_Zaharias>	66696
<dbpedia:Nancy_Lieberman>	66650
<dbpedia:Ryan_Miller>	66434
<dbpedia:Fara_Williams>	66106
<dbpedia:Norberto_Murara_Neto>	65992
<dbpedia:Jordyn_Wieber>	65717
<dbpedia:Derek_Redmond>	65688
<dbpedia:Natalie_Coughlin>	65640
<dbpedia:Arnold_Peralta>	65583
<dbpedia:Claude_Mak%C3%A9l%C3%A9l%C3%A9>	65544
<dbpedia:Olga_Korbut>	65474
<dbpedia:Cael_Sanderson>	65334
<dbpedia:Donovan_Bailey>	65330
<dbpedia:Pablo_Prigioni>	65173
<dbpedia:Arno_Breker>	65046
<dbpedia:Galen_Rupp>	64949
<dbpedia:Kimmo_Timonen>	64870
<dbpedia:Danny_Manning>	64858
<dbpedia:Javi_Mart%C3%ADnez>	64679
<dbpedia:Sandro_Raniere>	64588
<dbpedia:Maurice_Greene_(athlete)>	64468
<dbpedia:Zhang_Shuai_(tennis)>	64466
<dbpedia:Vincent_Lecavalier>	64449
<dbpedia:Steve_Smith_(basketball)>	64356
<dbpedia:Sheryl_Swoopes>	64187
<dbpedia:Michelle_Akers>	64168
<dbpedia:Buster_Crabbe>	63899
<dbpedia:Mike_Bryan>	63865
<dbpedia:Sonja_Henie>	63829
<dbpedia:Danny_(footballer)>	63782
<dbpedia:Harold_Abrahams>	63713
<dbpedia:Brad_Richards>	63618
<dbpedia:Patrick_Rafter>	63322
<dbpedia:Masahiro_Tanaka>	63284
<dbpedia:Stephen_Strasburg>	63216
<dbpedia:Diego_Buonanotte>	63212
<dbpedia:Brett_Lawrie>	62823
<dbpedia:Ga%C3%ABl_Monfils>	62808
<dbpedia:Bebeto>	62648
<dbpedia:Jermain_Taylor>	62635
<dbpedia:Oksana_Baiul>	62517
<dbpedia:Victoria_Pendleton>	62461
<dbpedia:Luc_Longley>	62375
<dbpedia:Eric_Staal>	62239
<dbpedia:Daniele_Bonera>	61888
<dbpedia:Iker_Muniain>	61699
<dbpedia:Johnny_Weir>	61619
<dbpedia:Valentin_Yordanov>	61533
<dbpedia:Vassilis_Spanoulis>	61531
<dbpedia:Dick_Fosbury>	61412
<dbpedia:Ray_Bourque>	61383
<dbpedia:Carlos_Takam>	61291
<dbpedia:Rohan_Bopanna>	61205
<dbpedia:Stanislas_Wawrinka>	61147
<dbpedia:Jeremy_Roenick>	60933
<dbpedia:Roger_Milla>	60884
<dbpedia:Sun_Yang>	60841
<dbpedia:Sylvain_Wiltord>	60778
<dbpedia:Kelly_Holmes>	60634
<dbpedia:Chris_Hoy>	60551
<dbpedia:Patrick_Chan>	60447
<dbpedia:Nordin_Amrabat>	60445
<dbpedia:Timm_Klose>	60346
<dbpedia:Doug_Collins_(basketball)>	60329
<dbpedia:Salah_Mejri>	60292
<dbpedia:Henrik_Sedin>	60251
<dbpedia:Paul_Kariya>	60013
<dbpedia:Toni_Kuko%C4%8D>	59828
<dbpedia:Paul_Anderson_(weightlifter)>	59799
<dbpedia:Michael_Redd>	59689
<dbpedia:Donald_Young_(tennis)>	59527
<dbpedia:Surya_Bonaly>	59525
<dbpedia:Erik_Karlsson>	59484
<dbpedia:Max_Pacioretty>	59095
<dbpedia:Maya_Yoshida>	59007
<dbpedia:Kelley_O'Hara>	58996
<dbpedia:Sergey_Bubka>	58873
<dbpedia:Vladimir_Tarasenko>	58577
<dbpedia:Avery_Brundage>	58458
<dbpedia:Tirunesh_Dibaba>	58454
<dbpedia:Carlos_Marchena>	58349
<dbpedia:Walter_Zenga>	58299
<dbpedia:Steve_Alford>	58215
<dbpedia:Juan_Carlos_Ferrero>	57930
<dbpedia:Sofoklis_Schortsanitis>	57922
<dbpedia:Abhinav_Bindra>	57773
<dbpedia:Aliya_Mustafina>	57720
<dbpedia:Daley_Thompson>	57673
<dbpedia:Juan_Rom%C3%A1n_Riquelme>	57514
<dbpedia:Andrea_Petkovic>	57501
<dbpedia:Davor_%C5%A0uker>	57459
<dbpedia:Lauren_Jackson>	57454
<dbpedia:Yevgeny_Kafelnikov>	57448
<dbpedia:Faustino_Asprilla>	57192
<dbpedia:Ignazio_Abate>	57074
<dbpedia:John_Carlos>	56998
<dbpedia:Oribe_Peralta>	56959
<dbpedia:Steph_Houghton>	56855
<dbpedia:Jordan_Burroughs>	56766
<dbpedia:Louise_Hazel>	56641
<dbpedia:Dawn_Fraser>	56535
<dbpedia:Johnny_Oduya>	56403
<dbpedia:Anja_Mittag>	56196
<dbpedia:Todd_Bertuzzi>	56127
<dbpedia:Peja_Stojakovi%C4%87>	56104
<dbpedia:Cadel_Evans>	56045
<dbpedia:Adrian_Dantley>	55969
<dbpedia:Benni_McCarthy>	55893
<dbpedia:Ken_Patera>	55879
<dbpedia:Milo%C5%A1_Krasi%C4%87>	55837
<dbpedia:Ekaterina_Gordeeva>	55648
<dbpedia:Summer_Sanders>	55648
<dbpedia:Bill_Johnson_(skier)>	55637
<dbpedia:Daniel_Nestor>	55388
<dbpedia:Eniola_Aluko>	55373
<dbpedia:Jonas_Valan%C4%8Di%C5%ABnas>	55245
<dbpedia:Alex_Zanardi>	55210
<dbpedia:Rick_DiPietro>	55206
<dbpedia:Roman_B%C3%BCrki>	55035
<dbpedia:R._Norris_Williams>	55004
<dbpedia:Alexey_Shved>	54808
<dbpedia:Zheng_Zhi>	54765
<dbpedia:Jan_Ullrich>	54668
<dbpedia:Paolo_De_Ceglie>	54559
<dbpedia:Patrice_Bergeron>	54370
<dbpedia:Nikolay_Davydenko>	54332
<dbpedia:Claudio_Reyna>	54272
<dbpedia:Oscar_Schmidt>	54227
<dbpedia:Lori_Chalupny>	54175
<dbpedia:Geraint_Thomas>	54174
<dbpedia:Magnus_Norman>	54116
<dbpedia:Bob_Anderson_(fencer)>	53959
<dbpedia:Joe_Pavelski>	53908
<dbpedia:Sam_Querrey>	53803
<dbpedia:Ingemar_Johansson>	53709
<dbpedia:Mats_Sundin>	53570
<dbpedia:Joseph_Schooling>	53475
<dbpedia:Adelina_Sotnikova>	53466
<dbpedia:Juan_Carlos_Navarro_(basketball)>	53367
<dbpedia:Elena_Dementieva>	53324
<dbpedia:Alberto_Salazar>	53252
<dbpedia:Jan-Ove_Waldner>	53180
<dbpedia:Vijay_Amritraj>	53115
<dbpedia:Apolo_Ohno>	53090
<dbpedia:Harold_Sakata>	52986
<dbpedia:Charlotte_Lewis>	52950
<dbpedia:Louisa_N%C3%A9cib>	52781
<dbpedia:Francesca_Schiavone>	52443
<dbpedia:Daniela_Hantuchov%C3%A1>	52439
<dbpedia:Juan_Jesus>	52381
<dbpedia:Cobi_Jones>	52302
<dbpedia:%C3%89ver_Banega>	52296
<dbpedia:Dan_Gable>	52270
<dbpedia:Tejay_van_Garderen>	52220
<dbpedia:Daisuke_Matsuzaka>	52211
<dbpedia:Jonathan_de_Guzm%C3%A1n>	51992
<dbpedia:Igor_Larionov>	51949
<dbpedia:Carlos_Arroyo>	51850
<dbpedia:Shannon_Miller>	51831
<dbpedia:Nathan_Adrian>	51810
<dbpedia:Robin_S%C3%B6derling>	51743
<dbpedia:Evgeni_Plushenko>	51661
<dbpedia:Colby_Rasmus>	51638
<dbpedia:Christophe_Lemaitre>	51606
<dbpedia:Diego_Antonio_Reyes>	51511
<dbpedia:Pat_Cash>	51225
<dbpedia:Dan_Majerle>	51218
<dbpedia:Samuel_Peter>	51090
<dbpedia:Milan_Baro%C5%A1>	50872
<dbpedia:Sam_Perkins>	50657
<dbpedia:Allan_Houston>	50547
<dbpedia:Beth_Tweddle>	50466
<dbpedia:Henry_Cooper>	50458
<dbpedia:Tim_Thomas_(ice_hockey)>	50451
<dbpedia:Henrik_Zetterberg>	50405
<dbpedia:Feliciano_L%C3%B3pez>	50304
<dbpedia:Mari%C3%A1n_Hossa>	50164
<dbpedia:Corey_Perry>	50142
<dbpedia:Theoren_Fleury>	50006
<dbpedia:Yuriorkis_Gamboa>	49688
<dbpedia:Elena_Vesnina>	49675
<dbpedia:Aron_Baynes>	49608
<dbpedia:James_Blake>	49558
<dbpedia:Teddy_Riner>	49475
<dbpedia:Urby_Emanuelson>	49462
<dbpedia:Greg_Rusedski>	49329
<dbpedia:Abdoulaye_Ba>	49321
<dbpedia:Fernando_Vargas>	49300
<dbpedia:Sasha_Kaun>	49254
<dbpedia:Roberto_Ayala>	49140
<dbpedia:Idriss_Carlos_Kameni>	49061
<dbpedia:Renaud_Lavillenie>	49009
<dbpedia:Katarina_Johnson-Thompson>	48761
<dbpedia:Sanya_Richards-Ross>	48614
<dbpedia:Joan_Capdevila>	48569
<dbpedia:Patrick_Marleau>	48534
<dbpedia:James_Troisi>	48414
<dbpedia:Keith_Tkachuk>	48373
<dbpedia:Rebecca_Lobo>	48368
<dbpedia:Nando_de_Colo>	48147
<dbpedia:Bob_Beamon>	48106
<dbpedia:Brian_McBride>	48087
<dbpedia:Dimitris_Diamantidis>	47984
<dbpedia:Rajyavardhan_Singh_Rathore>	47887
<dbpedia:Adam_Federici>	47803
<dbpedia:James_van_Riemsdyk>	47667
<dbpedia:Tessa_Virtue>	47617
<dbpedia:Christian_Panucci>	47532
<dbpedia:Andreas_Seppi>	47529
<dbpedia:Sergio_Llull>	47436
<dbpedia:Bode_Miller>	47307
<dbpedia:Hugo_S%C3%A1nchez>	47124
<dbpedia:Chris_Cairns>	47101
<dbpedia:Ariel_Ortega>	47068
<dbpedia:Daniel_Sedin>	47050
<dbpedia:Vladislav_Tretiak>	46780
<dbpedia:Anderson_Varej%C3%A3o>	46699
<dbpedia:Morgan_De_Sanctis>	46524
<dbpedia:Mal_Whitfield>	46340
<dbpedia:Colin_Jackson>	46318
<dbpedia:Tony_Martin_(cyclist)>	46265
<dbpedia:Zach_Parise>	46107
<dbpedia:Paavo_Nurmi>	45889
<dbpedia:Arantxa_S%C3%A1nchez_Vicario>	45773
<dbpedia:Anthony_Ogogo>	45732
<dbpedia:Meb_Keflezighi>	45664
<dbpedia:Margo_Dydek>	45537
<dbpedia:Julie_Foudy>	45475
<dbpedia:Nuno_Gomes>	45433
<dbpedia:Jorge_Campos>	45393
<dbpedia:Sunday_Oliseh>	45332
<dbpedia:Dominique_Dawes>	45317
<dbpedia:Taufik_Hidayat>	45289
<dbpedia:Amy_Van_Dyken>	45259
<dbpedia:Pia_Sundhage>	45208
<dbpedia:Gunnar_Nordahl>	45070
<dbpedia:Tamika_Catchings>	45064
<dbpedia:Dustin_Brown>	45062
<dbpedia:Sebasti%C3%A1n_Coates>	44933
<dbpedia:Vera_Zvonareva>	44810
<dbpedia:David_Pizarro>	44599
<dbpedia:Tommy_Kono>	44591
<dbpedia:Scott_Stevens>	44569
<dbpedia:Sultan_Ibragimov>	44536
<dbpedia:Shea_Weber>	44534
<dbpedia:Menzies_Campbell>	44467
<dbpedia:Dara_Torres>	44319
<dbpedia:Robin_Ventura>	44278
<dbpedia:Neil_Taylor_(footballer)>	44183
<dbpedia:Nicola_Adams>	44071
<dbpedia:Kelly_Smith>	44047
<dbpedia:Archie_Thompson>	44024
<dbpedia:Ryan_Getzlaf>	43972
<dbpedia:Alexander_Semin>	43917
<dbpedia:Diego_Benaglio>	43842
<dbpedia:Dick_Button>	43809
<dbpedia:Bob_Hayes>	43787
<dbpedia:Jerry_Lucas>	43704
<dbpedia:Gabriel_Vasconcelos_Ferreira>	43499
<dbpedia:Ronny_Turiaf>	43382
<dbpedia:Charlie_White_(figure_skater)>	43373
<dbpedia:Dave_Sime>	43341
<dbpedia:Ren%C3%A9_Lacoste>	43321
<dbpedia:Wayman_Tisdale>	43296
<dbpedia:Dick_Pound>	43261
<dbpedia:Carmelita_Jeter>	43235
<dbpedia:Jarkko_Nieminen>	43170
<dbpedia:Philipp_Kohlschreiber>	43000
<dbpedia:Cheikhou_Kouyat%C3%A9>	42929
<dbpedia:Karen_Carney>	42905
<dbpedia:Steve_Redgrave>	42803
<dbpedia:Lauren_Sesselmann>	42748
<dbpedia:Shane_Doan>	42725
<dbpedia:Rick_Nash>	42722
<dbpedia:Aleksandar_%C4%90or%C4%91evi%C4%87>	42704
<dbpedia:Chris_Boardman>	42619
<dbpedia:Domenico_Criscito>	42617
<dbpedia:Ricardo_Costa_(Portuguese_footballer)>	42611
<dbpedia:Dhanraj_Pillay>	42544
<dbpedia:James_Tomkins_(footballer)>	42465
<dbpedia:Scott_Hamilton_(figure_skater)>	42455
<dbpedia:Svetlana_Khorkina>	42450
<dbpedia:Jo_Jo_White>	42432
<dbpedia:Gast%C3%B3n_Ram%C3%ADrez>	42393
<dbpedia:Karen_Bardsley>	42383
<dbpedia:Mary_Decker>	42378
<dbpedia:Chad_le_Clos>	42336
<dbpedia:Tommy_Robredo>	42320
<dbpedia:Julius_Yego>	42296
<dbpedia:Tom_Boonen>	42257
<dbpedia:Mikaela_Shiffrin>	42185
<dbpedia:Louis_Smith_(gymnast)>	42144
<dbpedia:Carl_Hagelin>	42114
<dbpedia:Ilya_Bryzgalov>	42045
<dbpedia:Giampiero_Boniperti>	41969
<dbpedia:Birgit_Prinz>	41952
<dbpedia:Hossein_Rezazadeh>	41880
<dbpedia:Tanni_Grey-Thompson>	41817
<dbpedia:Tuukka_Rask>	41759
<dbpedia:Ryan_Kesler>	41738
<dbpedia:Adri%C3%A1n_L%C3%B3pez_%C3%81lvarez>	41712
<dbpedia:Zola_Budd>	41664
<dbpedia:Joe_Ingles>	41620
<dbpedia:Chien-Ming_Wang>	41549
<dbpedia:Jonathan_Quick>	41482
<dbpedia:Karnam_Malleswari>	41348
<dbpedia:Luke_Campbell_(boxer)>	41320
<dbpedia:Tsvetana_Pironkova>	41310
<dbpedia:Dexter_Fowler>	41288
<dbpedia:Victor_Anichebe>	41244
<dbpedia:Omar_El_Kaddouri>	41238
<dbpedia:Andre_Dirrell>	41238
<dbpedia:Jessica_Springsteen>	41196
<dbpedia:Dejan_Bodiroga>	41187
<dbpedia:Mitch_Kupchak>	41161
<dbpedia:Javier_Sotomayor>	41087
<dbpedia:Koji_Uehara>	40932
<dbpedia:Saku_Koivu>	40853
<dbpedia:Ricardo_Rodr%C3%ADguez_(footballer)>	40771
<dbpedia:Jason_Varitek>	40731
<dbpedia:Cameron_van_der_Burgh>	40719
<dbpedia:Erin_McLeod>	40603
<dbpedia:Andr%C3%A9_Greipel>	40484
<dbpedia:Jim_Craig_(ice_hockey)>	40412
<dbpedia:Billy_Mills>	40402
<dbpedia:Merlene_Ottey>	40325
<dbpedia:Ed_Belfour>	40144
<dbpedia:Iwan_Thomas>	40054
<dbpedia:Antonio_McDyess>	40002
<dbpedia:Kasey_Keller>	39893
<dbpedia:Marita_Koch>	39886
<dbpedia:St%C3%A9phane_Mbia>	39859
<dbpedia:Andreas_Brehme>	39700
<dbpedia:Matt_Anderson_(volleyball)>	39680
<dbpedia:Atsuto_Uchida>	39566
<dbpedia:Hideo_Nomo>	39538
<dbpedia:Taribo_West>	39439
<dbpedia:Mazinho>	39279
<dbpedia:Eddie_%22The_Eagle%22_Edwards>	39252
<dbpedia:Brian_Viloria>	39217
<dbpedia:Tyler_Hamilton>	39186
<dbpedia:Dong_Fangzhuo>	39163
<dbpedia:Amanda_Beard>	39161
<dbpedia:Vasily_Alekseyev>	39106
<dbpedia:Zakaria_Labyad>	39078
<dbpedia:Brent_Seabrook>	39067
<dbpedia:Massimo_Ambrosini>	39037
<dbpedia:Gianni_Rivera>	39034
<dbpedia:Drew_Doughty>	39033
<dbpedia:Brian_Nielsen_(boxer)>	39020
<dbpedia:Galina_Prozumenshchikova>	38950
<dbpedia:Max_Mirnyi>	38931
<dbpedia:Geoff_Capes>	38884
<dbpedia:Tina_Maze>	38881
<dbpedia:Amy_Williams>	38858
<dbpedia:Carolina_Mar%C3%ADn>	38841
<dbpedia:Jack_Cork>	38835
<dbpedia:Eliud_Kipchoge>	38745
<dbpedia:Linas_Kleiza>	38689
<dbpedia:Camille_Muffat>	38685
<dbpedia:Katie_Taylor>	38575
<dbpedia:Alexsandro_de_Souza>	38558
<dbpedia:Brad_Gilbert>	38479
<dbpedia:Caldwell_Esselstyn>	38410
<dbpedia:Sacha_Kljestan>	38376
<dbpedia:Noel_Harrison>	38355
<dbpedia:Isao_Inokuma>	38332
<dbpedia:Allen_Coage>	38322
<dbpedia:Ashwini_Ponnappa>	38310
<dbpedia:Valeri_Kharlamov>	38255
<dbpedia:Sun_Yue_(basketball)>	38150
<dbpedia:Michael_Turnbull_(footballer)>	38121
<dbpedia:Christine_Ohuruogu>	38101
<dbpedia:Helton_Arruda>	38100
<dbpedia:Zhang_Jike>	38084
<dbpedia:Rulon_Gardner>	38082
<dbpedia:Martin_Fourcade>	38070
<dbpedia:Tim_Montgomery>	38061
<dbpedia:Scott_Niedermayer>	37999
<dbpedia:Gabriel_Landeskog>	37945
<dbpedia:Erik_Pieters>	37944
<dbpedia:Scott_Gomez>	37941
<dbpedia:Gertrude_Ederle>	37845
<dbpedia:Jens_Voigt>	37788
<dbpedia:Ryan_Hall_(runner)>	37739
<dbpedia:Evan_Lysacek>	37691
<dbpedia:Jeremy_Wariner>	37632
<dbpedia:Benny_Feilhaber>	37585
<dbpedia:Jennifer_Jones_(curler)>	37547
<dbpedia:Dominika_Cibulkov%C3%A1>	37538
<dbpedia:Fabio_Casartelli>	37426
<dbpedia:Aries_Merritt>	37384
<dbpedia:Marcelo_Gallardo>	37383
<dbpedia:Erik_Johnson>	37369
<dbpedia:Pavol_Demitra>	37347
<dbpedia:Karl-Heinz_Riedle>	37301
<dbpedia:Anthony_Vanden_Borre>	37287
<dbpedia:Yaroslava_Shvedova>	37234
<dbpedia:Craig_Dawson>	37062
<dbpedia:Steve_Ovett>	37000
<dbpedia:Grand_Duke_Dmitri_Pavlovich_of_Russia>	36949
<dbpedia:Marvin_Sordell>	36913
<dbpedia:Heather_Mitts>	36857
