<dbpedia:Auschwitz_concentration_camp>	1048372
<dbpedia:Hagia_Sophia>	757179
<dbpedia:White_House>	728118
<dbpedia:USS_Constitution>	585855
<dbpedia:Neuschwanstein_Castle>	484698
<dbpedia:Rock_and_Roll_Hall_of_Fame>	439444
<dbpedia:British_Museum>	356815
<dbpedia:USS_Missouri_(BB-63)>	344197
<dbpedia:Madame_Tussauds>	310749
<dbpedia:Fallingwater>	274316
<dbpedia:Vasa_(ship)>	263707
<dbpedia:Smithsonian_Institution>	252043
<dbpedia:Metropolitan_Museum_of_Art>	251942
<dbpedia:RMS_Queen_Mary>	244230
<dbpedia:USS_Pueblo_(AGER-2)>	222955
<dbpedia:Les_Invalides>	220054
<dbpedia:Museum_of_Modern_Art>	211854
<dbpedia:Hearst_Castle>	201342
<dbpedia:Graceland>	188817
<dbpedia:Hermitage_Museum>	188517
<dbpedia:Solomon_R._Guggenheim_Museum>	184764
<dbpedia:Kensington_Palace>	170563
<dbpedia:USS_Midway_(CV-41)>	162956
<dbpedia:USS_Texas_(BB-35)>	157680
<dbpedia:La_Brea_Tar_Pits>	153571
<dbpedia:Pro_Football_Hall_of_Fame>	151027
<dbpedia:American_Museum_of_Natural_History>	147978
<dbpedia:Icelandic_Phallological_Museum>	144874
<dbpedia:Museum_of_Bad_Art>	135561
<dbpedia:Victoria_and_Albert_Museum>	134300
<dbpedia:Tate_Modern>	134088
<dbpedia:Guggenheim_Museum_Bilbao>	133856
<dbpedia:National_Gallery>	132967
<dbpedia:Museo_del_Prado>	132604
<dbpedia:National_Museum_of_Natural_History,_New_Delhi>	128972
<dbpedia:Tuol_Sleng_Genocide_Museum>	127063
<dbpedia:Uffizi>	125841
<dbpedia:California_Academy_of_Sciences>	125133
<dbpedia:USS_New_Jersey_(BB-62)>	119723
<dbpedia:USS_Wisconsin_(BB-64)>	118894
<dbpedia:German_submarine_U-505>	118711
<dbpedia:Hull_House>	117711
<dbpedia:National_Baseball_Hall_of_Fame_and_Museum>	117436
<dbpedia:Roman_Baths_(Bath)>	114972
<dbpedia:HMS_Warrior_(1860)>	112604
<dbpedia:National_Museum_of_the_United_States_Air_Force>	111905
<dbpedia:Naismith_Memorial_Basketball_Hall_of_Fame>	108854
<dbpedia:National_Gallery_of_Art>	108448
<dbpedia:The_Breakers>	107965
<dbpedia:Yad_Vashem>	105951
<dbpedia:Art_Institute_of_Chicago>	104848
<dbpedia:USS_North_Carolina_(BB-55)>	103401
<dbpedia:Vatican_Museums>	102073
<dbpedia:Anne_Frank_House>	100241
<dbpedia:INS_Vikrant_(R11)>	99157
<dbpedia:USS_Lexington_(CV-16)>	98346
<dbpedia:USS_Intrepid_(CV-11)>	98250
<dbpedia:Palazzo_Vecchio>	97694
<dbpedia:USS_Hornet_(CV-12)>	96651
<dbpedia:New_York_Hall_of_Science>	94864
<dbpedia:Pacific_Science_Center>	94261
<dbpedia:Ronald_Reagan_Presidential_Library>	93415
<dbpedia:Imperial_War_Museum>	92356
<dbpedia:USS_Alabama_(BB-60)>	92285
<dbpedia:Rijksmuseum>	90980
<dbpedia:National_September_11_Memorial_&_Museum>	89432
<dbpedia:Chabot_Space_and_Science_Center>	88103
<dbpedia:Fernbank_Science_Center>	86891
<dbpedia:Maryland_Science_Center>	86149
<dbpedia:Parthenon_(Nashville)>	85826
<dbpedia:SS_Great_Britain>	84739
<dbpedia:National_Museum_of_Natural_History>	83655
<dbpedia:Griffith_Observatory>	83431
<dbpedia:Cabinet_of_curiosities>	83337
<dbpedia:Science_Barge>	83261
<dbpedia:Eastern_State_Penitentiary>	82464
<dbpedia:Pergamon_Museum>	82021
<dbpedia:Whitney_Museum_of_American_Art>	81659
<dbpedia:Steven_F._Udvar-Hazy_Center>	79651
<dbpedia:Casa_Loma>	79316
<dbpedia:Kilmainham_Gaol>	77966
<dbpedia:Palace_of_Fontainebleau>	77008
<dbpedia:The_Cloisters>	74450
<dbpedia:Hockey_Hall_of_Fame>	72150
<dbpedia:Russian_cruiser_Aurora>	71111
<dbpedia:Fort_George_G._Meade>	69791
<dbpedia:Philadelphia_Museum_of_Art>	68677
<dbpedia:Golden_Hind>	67802
<dbpedia:United_States_Holocaust_Memorial_Museum>	67729
<dbpedia:HMY_Britannia>	67198
<dbpedia:Galleria_Borghese>	65736
<dbpedia:Van_Gogh_Museum>	65553
<dbpedia:Kunsthistorisches_Museum>	63246
<dbpedia:USS_Olympia_(C-6)>	63173
<dbpedia:Field_Museum_of_Natural_History>	63013
<dbpedia:National_Museum_of_American_History>	62790
<dbpedia:Egyptian_Museum>	62263
<dbpedia:National_Palace_Museum>	62056
<dbpedia:Palazzo_Pitti>	61174
<dbpedia:Chapultepec_Castle>	60950
<dbpedia:USS_Massachusetts_(BB-59)>	60875
<dbpedia:Brooklyn_Museum>	60860
<dbpedia:EMP_Museum>	60441
<dbpedia:National_Civil_Rights_Museum>	58969
<dbpedia:Rideau_Hall>	58537
<dbpedia:Computer_History_Museum>	58364
<dbpedia:Kubinka_Tank_Museum>	58297
<dbpedia:Isabella_Stewart_Gardner_Museum>	57706
<dbpedia:The_Henry_Ford>	57678
<dbpedia:Serpent_Mound>	57542
<dbpedia:Springfield_Armory>	56918
<dbpedia:Fremantle_Prison>	56694
<dbpedia:Royal_Ontario_Museum>	55835
<dbpedia:Creation_Museum>	55269
<dbpedia:The_Tank_Museum>	54889
<dbpedia:Tate_Britain>	54563
<dbpedia:Los_Angeles_County_Museum_of_Art>	54510
<dbpedia:Science_Museum,_London>	53158
<dbpedia:National_Portrait_Gallery,_London>	52813
<dbpedia:SS_Nomadic_(1911)>	52729
<dbpedia:East_Side_Gallery>	52324
<dbpedia:Museum_of_Science_and_Industry_(Chicago)>	52081
<dbpedia:Frida_Kahlo_Museum>	52026
<dbpedia:Earls_Court_Exhibition_Centre>	51199
<dbpedia:Museum_of_Fine_Arts,_Boston>	50458
<dbpedia:Wisconsin_State_Capitol>	50055
<dbpedia:Mission_San_Carlos_Borromeo_de_Carmelo>	50007
<dbpedia:Topography_of_Terror>	49916
<dbpedia:The_Hermitage_(Nashville,_Tennessee)>	49692
<dbpedia:Australian_War_Memorial>	49184
<dbpedia:Ohio_State_Reformatory>	49167
<dbpedia:J._Paul_Getty_Museum>	47622
<dbpedia:German_submarine_U-534>	47559
<dbpedia:Rock_Island_Arsenal>	47531
<dbpedia:Salar_Jung_Museum>	47475
<dbpedia:HMNB_Portsmouth>	47382
<dbpedia:Madame_Tussauds_London>	47043
<dbpedia:National_Maritime_Museum>	46011
<dbpedia:USS_Salem_(CA-139)>	45920
<dbpedia:College_Football_Hall_of_Fame>	45653
<dbpedia:Wollaton_Hall>	45577
<dbpedia:World_of_Coca-Cola>	45184
<dbpedia:Soviet_aircraft_carrier_Kiev>	44597
<dbpedia:Sex_museum>	43639
<dbpedia:Newseum>	43342
<dbpedia:Capitoline_Museums>	43209
<dbpedia:Library_and_Archives_Canada>	43011
<dbpedia:National_Museum_of_the_Philippines>	42342
<dbpedia:Barnes_Foundation>	42174
<dbpedia:Altes_Museum>	41576
<dbpedia:Chora_Church>	41425
<dbpedia:Acropolis_Museum>	41321
<dbpedia:Imperial_War_Museum_Duxford>	40768
<dbpedia:Mittelbau-Dora>	40608
<dbpedia:Ashmolean_Museum>	40567
<dbpedia:Jewish_Museum,_Berlin>	40466
<dbpedia:Art_Gallery_of_Ontario>	40142
<dbpedia:Fortress_of_Louisbourg>	39615
<dbpedia:Frick_Collection>	39260
<dbpedia:Deutsches_Museum>	39107
<dbpedia:Naples_National_Archaeological_Museum>	39099
<dbpedia:Fort_Monroe>	38885
<dbpedia:Neues_Museum>	38539
<dbpedia:Saatchi_Gallery>	38514
<dbpedia:USS_Laffey_(DD-724)>	38488
<dbpedia:National_Museum_of_African_American_History_and_Culture>	38227
<dbpedia:Kingston_Penitentiary>	37853
<dbpedia:National_Railway_Museum>	37786
<dbpedia:San_Francisco_Museum_of_Modern_Art>	37461
<dbpedia:Detroit_Institute_of_Arts>	37293
<dbpedia:Greek_cruiser_Georgios_Averof>	37124
<dbpedia:Walters_Art_Museum>	37055
<dbpedia:International_Tennis_Hall_of_Fame>	36997
<dbpedia:Sinchon_Museum_of_American_War_Atrocities>	36672
<dbpedia:Huntington_Library>	36622
<dbpedia:Villa_Vizcaya>	36331
<dbpedia:Yasnaya_Polyana>	36260
<dbpedia:English_Football_Hall_of_Fame>	36057
<dbpedia:Churchill_War_Rooms>	35905
<dbpedia:Sforza_Castle>	35673
<dbpedia:Museum_of_London>	35597
<dbpedia:Royal_Palace_of_Amsterdam>	35556
<dbpedia:Walhalla_memorial>	35468
<dbpedia:Royal_Castle,_Warsaw>	35334
<dbpedia:Louvre_Abu_Dhabi>	34669
<dbpedia:Exploratorium>	34663
<dbpedia:Smithsonian_American_Art_Museum>	34609
<dbpedia:Chimney_Rock_National_Historic_Site>	34493
<dbpedia:Mole_Antonelliana>	34452
<dbpedia:Museum_of_Flight>	34427
<dbpedia:National_Museum,_New_Delhi>	34371
<dbpedia:Gamble_House_(Pasadena,_California)>	34189
<dbpedia:House_of_Terror>	34184
<dbpedia:Sherlock_Holmes_Museum>	33875
<dbpedia:Soviet_aircraft_carrier_Minsk>	33856
<dbpedia:Tretyakov_Gallery>	33818
<dbpedia:Ernest_Hemingway_House>	33663
<dbpedia:Vasa_Museum>	33564
<dbpedia:Franklin_Institute>	33552
<dbpedia:RV_Calypso>	33550
<dbpedia:Milwaukee_Art_Museum>	33320
<dbpedia:Granma_(yacht)>	33088
<dbpedia:Kennedy_Space_Center_Visitor_Complex>	32636
<dbpedia:Indian_Museum>	32594
<dbpedia:USS_Cairo>	32495
<dbpedia:Achilleion_(Corfu)>	32086
<dbpedia:Dubai_Museum>	31842
<dbpedia:Dumbarton_Oaks>	31836
<dbpedia:Fram>	31749
<dbpedia:Little_White_House>	31421
<dbpedia:Wallace_Collection>	31139
<dbpedia:Thyssen-Bornemisza_Museum>	30896
<dbpedia:John_F._Kennedy_Presidential_Library_and_Museum>	30854
<dbpedia:Hagia_Irene>	30802
<dbpedia:National_Portrait_Gallery_(United_States)>	30764
<dbpedia:German_Tank_Museum>	30762
<dbpedia:National_Museum_of_the_American_Indian>	30562
<dbpedia:Israel_Museum>	30522
<dbpedia:Mauritshuis>	30500
<dbpedia:Holy_Land_Experience>	30449
<dbpedia:Voyage_of_the_James_Caird>	30340
<dbpedia:Autostadt>	30109
<dbpedia:Museum_of_Islamic_Art,_Doha>	30075
<dbpedia:National_Gallery_of_Victoria>	30063
<dbpedia:USS_Midway_Museum>	29894
<dbpedia:Tokyo_National_Museum>	29851
<dbpedia:Nemi_ships>	29704
<dbpedia:Old_State_House_(Boston)>	29518
<dbpedia:Museum_of_Sex>	29374
<dbpedia:National_Toy_Hall_of_Fame>	28723
<dbpedia:Livadia_Palace>	28580
<dbpedia:Cabazon_Dinosaurs>	28508
<dbpedia:Neue_Nationalgalerie>	28418
<dbpedia:Kelvingrove_Art_Gallery_and_Museum>	28242
<dbpedia:Hirshhorn_Museum_and_Sculpture_Garden>	28138
<dbpedia:Alte_Pinakothek>	28051
<dbpedia:Museum_of_the_Revolution_(Cuba)>	28025
<dbpedia:USS_Little_Rock_(CL-92)>	27936
<dbpedia:Richard_Nixon_Presidential_Library_and_Museum>	27879
<dbpedia:Museum_of_Old_and_New_Art>	27854
<dbpedia:Old_Parliament_House,_Canberra>	27785
<dbpedia:City_Museum>	27769
<dbpedia:Alte_Nationalgalerie>	27754
<dbpedia:Nikola_Tesla_Museum>	27682
<dbpedia:National_Gallery_of_Canada>	27635
<dbpedia:Vanderbilt_Mansion_National_Historic_Site>	27592
<dbpedia:National_Archaeological_Museum,_Athens>	27540
<dbpedia:Gillette_Castle_State_Park>	27524
<dbpedia:Plimoth_Plantation>	27364
<dbpedia:George_Washington_Masonic_National_Memorial>	27340
<dbpedia:RRS_Discovery>	27197
<dbpedia:Petit_Palais>	26980
<dbpedia:Royal_Air_Force_Museum_London>	26753
<dbpedia:Kimbell_Art_Museum>	26733
<dbpedia:Petersen_Automotive_Museum>	26630
<dbpedia:War_Remnants_Museum>	26488
<dbpedia:Cancun_Underwater_Museum>	26403
<dbpedia:USS_Albacore_(AGSS-569)>	26334
<dbpedia:USS_Barry_(DD-933)>	26285
<dbpedia:Turbinia>	25963
<dbpedia:Country_Music_Hall_of_Fame_and_Museum>	25822
<dbpedia:Pushkin_Museum>	25780
<dbpedia:Fort_Denison>	25649
<dbpedia:HMS_Trincomalee>	25582
<dbpedia:Crystal_Bridges_Museum_of_American_Art>	25558
<dbpedia:Secret_Museum,_Naples>	25459
<dbpedia:Bargello>	25450
<dbpedia:Cleveland_Museum_of_Art>	25376
<dbpedia:Museum_of_Contemporary_Art,_Los_Angeles>	25324
<dbpedia:Sagamore_Hill_(house)>	25300
<dbpedia:Riverside_Museum>	25248
<dbpedia:Museo_Soumaya>	25224
<dbpedia:Corcoran_Gallery_of_Art>	25020
<dbpedia:HMCS_Haida_(G63)>	24954
<dbpedia:Gagosian_Gallery>	24942
<dbpedia:Paley_Center_for_Media>	24807
<dbpedia:Intrepid_Sea,_Air_&_Space_Museum>	24611
<dbpedia:California_Science_Center>	24504
<dbpedia:Siriraj_Medical_Museum>	24343
<dbpedia:National_Museum_of_Iraq>	24274
<dbpedia:Museu_Picasso>	24225
<dbpedia:Tula_(Mesoamerican_site)>	24217
<dbpedia:National_Museum_of_Scotland>	24128
<dbpedia:USS_Cassin_Young_(DD-793)>	24071
<dbpedia:Auschwitz-Birkenau_State_Museum>	24058
<dbpedia:Pinacoteca_di_Brera>	23864
<dbpedia:Abraham_Lincoln_Birthplace_National_Historical_Park>	23862
<dbpedia:White_Tower_of_Thessaloniki>	23813
<dbpedia:International_Spy_Museum>	23801
<dbpedia:Hiroshima_Peace_Memorial_Museum>	23770
<dbpedia:Denver_Art_Museum>	23510
<dbpedia:Fantasy_of_Flight>	23450
<dbpedia:Black_Museum>	23402
<dbpedia:Barber_Motorsports_Park>	23309
<dbpedia:Raja_Dinkar_Kelkar_Museum>	23274
<dbpedia:Arizona_State_Capitol>	23255
<dbpedia:Monument_Park_(Yankee_Stadium)>	23211
<dbpedia:Museum_of_New_Zealand_Te_Papa_Tongarewa>	23186
<dbpedia:National_Museum_of_China>	23147
<dbpedia:Montreal_Biosph%C3%A8re>	23111
<dbpedia:Liberty_Memorial>	23062
<dbpedia:Battleship_Cove>	23037
<dbpedia:Mercedes-Benz_Museum>	22994
<dbpedia:Nelson-Atkins_Museum_of_Art>	22953
<dbpedia:Canadian_War_Museum>	22871
<dbpedia:Ch%C3%A2teau_de_Chantilly>	22869
<dbpedia:Lenin_(nuclear_icebreaker)>	22843
<dbpedia:Kerameikos>	22828
<dbpedia:New_York_Botanical_Garden>	22828
<dbpedia:American_Legation,_Tangier>	22733
<dbpedia:Stedelijk_Museum_Amsterdam>	22680
<dbpedia:National_Building_Museum>	22604
<dbpedia:American_Gothic_House>	22581
<dbpedia:Paul_Revere_House>	22535
<dbpedia:Abraham_Lincoln_Presidential_Library_and_Museum>	22381
<dbpedia:Canadian_Museum_for_Human_Rights>	22278
<dbpedia:Viking_Ship_Museum_(Oslo)>	22249
<dbpedia:Sixth_Floor_Museum_at_Dealey_Plaza>	22222
<dbpedia:British_Museum_Reading_Room>	22184
<dbpedia:Old_Melbourne_Gaol>	22005
<dbpedia:Television_Hall_of_Fame>	21992
<dbpedia:The_Andy_Warhol_Museum>	21966
<dbpedia:Museum_of_Jurassic_Technology>	21963
<dbpedia:Fort_Bridger>	21862
<dbpedia:Cincinnati_Museum_Center_at_Union_Terminal>	21824
<dbpedia:National_Museum_of_the_United_States_Navy>	21809
<dbpedia:Museum_of_Science_(Boston)>	21808
<dbpedia:HNLMS_Abraham_Crijnssen_(1936)>	21714
<dbpedia:National_Gallery_of_Australia>	21684
<dbpedia:Vindolanda>	21519
<dbpedia:M%C3%BCtter_Museum>	21517
<dbpedia:Istanbul_Archaeology_Museums>	21363
<dbpedia:Kremlin_Armoury>	21311
<dbpedia:HMS_M33>	21264
<dbpedia:Oxford_University_Museum_of_Natural_History>	21188
<dbpedia:The_Louvre>	20991
<dbpedia:USS_Growler_(SSG-577)>	20975
<dbpedia:Psychiatry:_An_Industry_of_Death>	20974
<dbpedia:Menil_Collection>	20964
<dbpedia:National_Naval_Aviation_Museum>	20933
<dbpedia:Bode_Museum>	20854
<dbpedia:Fitzwilliam_Museum>	20819
<dbpedia:Musaeum>	20800
<dbpedia:Walker_Art_Center>	20698
<dbpedia:Shanghai_Museum>	20698
<dbpedia:House_of_the_Seven_Gables>	20644
<dbpedia:Pennsylvania_Academy_of_the_Fine_Arts>	20633
<dbpedia:Palais_de_Tokyo>	20617
<dbpedia:London_Transport_Museum>	20599
<dbpedia:Art_Gallery_of_New_South_Wales>	20593
<dbpedia:Dallas_Museum_of_Art>	20580
<dbpedia:Ahsan_Manzil>	20562
<dbpedia:National_Museum_of_Korea>	20525
<dbpedia:Skansen>	20524
<dbpedia:Royal_Museums_of_Fine_Arts_of_Belgium>	20517
<dbpedia:Down_House>	20440
<dbpedia:Meadowcroft_Rockshelter>	20321
<dbpedia:Yale_University_Art_Gallery>	20313
<dbpedia:The_Clink>	20235
<dbpedia:MoMA_PS1>	20235
<dbpedia:Dresden_Castle>	20213
<dbpedia:Peggy_Guggenheim_Collection>	20145
<dbpedia:Museum_of_Fine_Arts,_Houston>	20133
<dbpedia:Gandhi_Smriti>	20105
<dbpedia:New_York_Transit_Museum>	20051
<dbpedia:Grand_Egyptian_Museum>	20049
<dbpedia:Titan_Missile_Museum>	20040
<dbpedia:War_Memorial_of_Korea>	20034
<dbpedia:Vitra_Design_Museum>	19983
<dbpedia:Ny_Carlsberg_Glyptotek>	19786
<dbpedia:Visvesvaraya_Industrial_and_Technological_Museum>	19764
<dbpedia:Russian_Museum>	19635
<dbpedia:Fort_Mackinac>	19600
<dbpedia:Beamish_Museum>	19585
<dbpedia:Het_Loo_Palace>	19582
<dbpedia:Museum_of_Science_and_Industry_(Manchester)>	19558
<dbpedia:Museum_of_Contemporary_Art_San_Diego>	19550
<dbpedia:Huis_Doorn>	19511
<dbpedia:Renwick_Gallery>	19487
<dbpedia:Central_Air_Force_Museum>	19457
<dbpedia:Centre_Pompidou-Metz>	19399
<dbpedia:Mevlana_Museum>	19392
<dbpedia:Bodrum_Castle>	19367
<dbpedia:Imperial_War_Museum_North>	19305
<dbpedia:Norwich_Castle>	19295
<dbpedia:Charles_W._Morgan_(ship)>	19266
<dbpedia:Gunnersbury_Park>	19259
<dbpedia:National_Museum_of_Singapore>	19187
<dbpedia:Royal_Tyrrell_Museum_of_Palaeontology>	19144
<dbpedia:Villa_Ephrussi_de_Rothschild>	19121
<dbpedia:National_Cryptologic_Museum>	19102
<dbpedia:Hitsville_U.S.A.>	19096
<dbpedia:HMS_President_(1918)>	18994
<dbpedia:Freer_Gallery_of_Art>	18813
<dbpedia:Maritime_Museum_of_San_Diego>	18760
<dbpedia:ArtScience_Museum>	18757
<dbpedia:Government_Museum,_Chennai>	18756
<dbpedia:BMW_Museum>	18658
<dbpedia:Warsaw_Uprising_Museum>	18496
<dbpedia:HMS_Cavalier_(R73)>	18469
<dbpedia:Polynesian_Cultural_Center>	18420
<dbpedia:The_Walt_Disney_Family_Museum>	18373
<dbpedia:Shrine_of_the_Book>	18311
<dbpedia:NEMO_(museum)>	18279
<dbpedia:Lee_Chapel>	18270
<dbpedia:New_Museum>	18183
<dbpedia:Harry_S._Truman_Presidential_Library_and_Museum>	18140
<dbpedia:Horniman_Museum>	18133
<dbpedia:Glyptothek>	18121
<dbpedia:Museum_of_Tolerance>	18087
<dbpedia:Louisiana_Museum_of_Modern_Art>	18072
<dbpedia:Kunsthaus_Graz>	18006
<dbpedia:Fort_York>	18002
<dbpedia:Flying_Heritage_Collection>	17975
<dbpedia:United_States_Army_Ordnance_Museum>	17920
<dbpedia:Kunstkamera>	17900
<dbpedia:HMS_Unicorn_(1824)>	17863
<dbpedia:Pittock_Mansion>	17863
<dbpedia:Design_Museum>	17837
<dbpedia:Natural_History_Museum_of_Los_Angeles_County>	17830
<dbpedia:Battleship_Memorial_Park>	17802
<dbpedia:National_Soccer_Hall_of_Fame>	17797
<dbpedia:Museo_Nacional_Centro_de_Arte_Reina_Sof%C3%ADa>	17772
<dbpedia:Weisman_Art_Museum>	17746
<dbpedia:Quarry_Bank_Mill>	17702
<dbpedia:Rodin_Museum>	17657
<dbpedia:Queen's_House>	17619
<dbpedia:Aga_Khan_Museum>	17585
<dbpedia:Gorch_Fock_(1933)>	17556
<dbpedia:National_Gallery_in_Prague>	17502
<dbpedia:Yuma_Territorial_Prison>	17446
<dbpedia:National_Rail_Museum,_New_Delhi>	17404
<dbpedia:Galerie_nationale_du_Jeu_de_Paume>	17371
<dbpedia:Bardo_National_Museum>	17336
<dbpedia:Walker_Art_Gallery>	17323
<dbpedia:Mystic_Seaport>	17291
<dbpedia:Palacio_de_Cristal>	17140
<dbpedia:United_States_Capitol_Visitor_Center>	17121
<dbpedia:USS_Joseph_P._Kennedy,_Jr._(DD-850)>	17110
<dbpedia:Mark_Twain_House>	17093
<dbpedia:Dulwich_Picture_Gallery>	17067
<dbpedia:National_Museum_of_Ireland>	17006
<dbpedia:National_Media_Museum>	17001
<dbpedia:Australian_Museum>	16985
<dbpedia:National_Museum,_Warsaw>	16944
<dbpedia:251_Menlove_Avenue>	16924
<dbpedia:Moundville_Archaeological_Site>	16830
<dbpedia:Lyndon_Baines_Johnson_Library_and_Museum>	16827
<dbpedia:City_of_Adelaide_(1864)>	16818
<dbpedia:Virtual_museum>	16796
<dbpedia:Tredegar_Iron_Works>	16722
<dbpedia:Montreal_Museum_of_Fine_Arts>	16717
<dbpedia:San_Diego_Museum_of_Man>	16706
<dbpedia:National_Museum_of_Iran>	16628
<dbpedia:Serpentine_Gallery>	16617
<dbpedia:United_States_National_Arboretum>	16558
<dbpedia:State_Historical_Museum>	16512
<dbpedia:Pitt_Rivers_Museum>	16494
<dbpedia:Yamato_Museum>	16488
<dbpedia:Dal%C3%AD_Theatre_and_Museum>	16386
<dbpedia:National_Museum_of_Racing_and_Hall_of_Fame>	16371
<dbpedia:Memento_Park>	16368
<dbpedia:F%C3%BChrermuseum>	16349
<dbpedia:Museum_of_the_City_of_New_York>	16304
<dbpedia:Yad_La-Shiryon>	16298
<dbpedia:Scottish_National_Gallery>	16287
<dbpedia:New-York_Historical_Society>	16257
<dbpedia:George_Eastman_House>	16254
<dbpedia:Madame_Tussauds_Hollywood>	16192
<dbpedia:ORP_B%C5%82yskawica>	16187
<dbpedia:Barcelona_Museum_of_Contemporary_Art>	16167
<dbpedia:National_Museum_of_the_Marine_Corps>	16163
<dbpedia:Carnavalet_Museum>	16144
<dbpedia:Schuyler_Mansion>	16138
<dbpedia:Hermitage_Amsterdam>	16135
<dbpedia:Mus%C3%A9e_Rodin>	16135
<dbpedia:Cranbrook_Educational_Community>	16132
<dbpedia:Madame_Tussauds_Hong_Kong>	16127
<dbpedia:Museo_Egizio>	16101
<dbpedia:Vajdahunyad_Castle>	16064
<dbpedia:National_Museum_(Prague)>	16054
<dbpedia:Nagasaki_Atomic_Bomb_Museum>	16038
<dbpedia:Flagler_Museum>	15990
<dbpedia:Museum_of_Contemporary_Art,_Chicago>	15968
<dbpedia:French_submarine_Redoutable_(S611)>	15940
<dbpedia:Larco_Museum>	15914
<dbpedia:291_(art_gallery)>	15892
<dbpedia:Seattle_Art_Museum>	15818
<dbpedia:Illinois_Railway_Museum>	15739
<dbpedia:Houston_Museum_of_Natural_Science>	15689
<dbpedia:Museum_of_Anatolian_Civilizations>	15683
<dbpedia:Evergreen_Aviation_&_Space_Museum>	15672
<dbpedia:Albertina>	15659
<dbpedia:Louvre-Lens>	15652
<dbpedia:U.S._Space_&_Rocket_Center>	15634
<dbpedia:Olympias_(trireme)>	15599
<dbpedia:National_Space_Centre>	15542
<dbpedia:Carolinas_Aviation_Museum>	15521
<dbpedia:Curtea_Veche>	15507
<dbpedia:Tropenmuseum>	15492
<dbpedia:Saint_Louis_Art_Museum>	15434
<dbpedia:Jim_Thompson_House>	15434
<dbpedia:Biskupin>	15430
<dbpedia:National_Museum_of_Australia>	15426
<dbpedia:Arnold_Arboretum>	15340
<dbpedia:Real_Academia_de_Bellas_Artes_de_San_Fernando>	15327
<dbpedia:USS_Potomac_(AG-25)>	15271
<dbpedia:Museo_di_Capodimonte>	15243
<dbpedia:Sir_John_Soane's_Museum>	15223
<dbpedia:USS_Hornet_Museum>	15176
<dbpedia:Blaise_Castle>	15151
<dbpedia:Peacefield>	15114
<dbpedia:Museum_of_Broken_Relationships>	15097
<dbpedia:St_Fagans_National_History_Museum>	15090
<dbpedia:Adams_National_Historical_Park>	15059
<dbpedia:Eli_and_Edythe_Broad_Art_Museum>	15054
<dbpedia:Shangri_La_(Doris_Duke)>	14986
<dbpedia:Corning_Museum_of_Glass>	14964
<dbpedia:Pima_Air_&_Space_Museum>	14906
<dbpedia:Canada_Aviation_and_Space_Museum>	14874
<dbpedia:Mus%C3%A9e_du_quai_Branly>	14835
<dbpedia:Clark_Art_Institute>	14800
<dbpedia:Shuttleworth_Collection>	14734
<dbpedia:Museu_Nacional_d'Art_de_Catalunya>	14688
<dbpedia:Institute_of_Contemporary_Arts>	14589
<dbpedia:Buddha_Tooth_Relic_Temple_and_Museum>	14509
<dbpedia:Bishop_Museum>	14506
<dbpedia:Powerhouse_Museum>	14503
<dbpedia:USS_Silversides_(SS-236)>	14486
<dbpedia:Fort_Delaware>	14440
<dbpedia:Ontario_Science_Centre>	14429
<dbpedia:Munch_Museum>	14424
<dbpedia:Deutsches_Historisches_Museum>	14416
<dbpedia:Miho_Museum>	14397
<dbpedia:Melbourne_Museum>	14387
<dbpedia:Palace_of_the_Governors>	14382
<dbpedia:Birr_Castle>	14356
<dbpedia:Abdeen_Palace>	14351
<dbpedia:Rumelihisar%C4%B1>	14296
<dbpedia:Dundurn_Castle>	14292
<dbpedia:San_Diego_Museum_of_Art>	14274
<dbpedia:National_Museum_of_Denmark>	14186
<dbpedia:Tehran_Museum_of_Contemporary_Art>	14184
<dbpedia:National_Football_Museum>	14157
<dbpedia:Paris_sewers>	14138
<dbpedia:Museum_of_Transportation>	14037
<dbpedia:The_Phillips_Collection>	14029
<dbpedia:Black_Country_Living_Museum>	14025
<dbpedia:Pier_21>	14015
<dbpedia:Ananta_Samakhom_Throne_Hall>	14012
<dbpedia:New_York_Public_Library_for_the_Performing_Arts>	13994
<dbpedia:Princeton_University_Art_Museum>	13929
<dbpedia:Contemporary_Arts_Center>	13911
<dbpedia:Strasburg_Rail_Road>	13902
<dbpedia:Museum_of_Fine_Arts_(Budapest)>	13868
<dbpedia:Carmo_Convent_(Lisbon)>	13851
<dbpedia:The_Octagon_House>	13847
<dbpedia:Eram_Garden>	13833
<dbpedia:Singapore_Art_Museum>	13812
<dbpedia:Matenadaran>	13807
<dbpedia:Kr%C3%B6ller-M%C3%BCller_Museum>	13779
<dbpedia:Bruce_Castle>	13775
<dbpedia:Indianapolis_Museum_of_Art>	13758
<dbpedia:Titanic_Museum_(Branson,_Missouri)>	13745
<dbpedia:Doge's_Palace,_Venice>	13725
<dbpedia:Sutter's_Fort>	13720
<dbpedia:ABBA:_The_Museum>	13716
<dbpedia:Wyoming_State_Capitol>	13709
<dbpedia:Rembrandt_House_Museum>	13704
<dbpedia:National_Gallery_of_Ireland>	13699
<dbpedia:Fort_MacArthur>	13698
<dbpedia:Didcot_Railway_Centre>	13659
<dbpedia:Norton_Simon_Museum>	13650
<dbpedia:HMAS_Vampire_(D11)>	13644
<dbpedia:HMS_Alliance_(P417)>	13636
<dbpedia:Nationalmuseum>	13612
<dbpedia:Bangladesh_National_Museum>	13608
<dbpedia:Institute_of_Contemporary_Art,_Boston>	13607
<dbpedia:Lahore_Museum>	13597
<dbpedia:Honolulu_Museum_of_Art>	13574
<dbpedia:Poklonnaya_Hill>	13500
<dbpedia:Science_World_(Vancouver)>	13458
<dbpedia:Canadian_Museum_of_Nature>	13446
<dbpedia:Glasgow_Museum_of_Transport>	13433
<dbpedia:Yale_Center_for_British_Art>	13432
<dbpedia:Kunsthalle_Hamburg>	13422
<dbpedia:Asian_Art_Museum_of_San_Francisco>	13388
<dbpedia:Haus_der_Kunst>	13384
<dbpedia:Neue_Pinakothek>	13351
<dbpedia:The_Tech_Museum_of_Innovation>	13341
<dbpedia:Patriots_Point>	13310
<dbpedia:Meadow_Brook_Hall>	13299
<dbpedia:Museum_of_the_Moving_Image_(New_York_City)>	13290
<dbpedia:National_Corvette_Museum>	13284
<dbpedia:Fleet_Air_Arm_Museum>	13278
<dbpedia:Bata_Shoe_Museum>	13270
<dbpedia:Fort_Henry,_Ontario>	13245
<dbpedia:Royal_Armouries>	13232
<dbpedia:University_of_Pennsylvania_Museum_of_Archaeology_and_Anthropology>	13189
<dbpedia:Royal_British_Columbia_Museum>	13175
<dbpedia:Bundeswehr_Military_History_Museum>	13140
<dbpedia:Asian_Civilisations_Museum>	13095
<dbpedia:National_Museum_Cardiff>	13040
<dbpedia:National_Museum_of_Western_Art>	13038
<dbpedia:St._Augustine_Light>	13018
<dbpedia:Khortytsia>	13011
<dbpedia:Edison_and_Ford_Winter_Estates>	13001
<dbpedia:Big_Pit_National_Coal_Museum>	12990
<dbpedia:Hammer_Museum>	12979
<dbpedia:Heraklion_Archaeological_Museum>	12975
<dbpedia:Mus%C3%A9e_Picasso>	12914
<dbpedia:Sainte-Marie_among_the_Hurons>	12912
<dbpedia:Ninth_Fort>	12909
<dbpedia:Porsche_Museum,_Stuttgart>	12904
<dbpedia:Wellcome_Collection>	12899
<dbpedia:International_Center_of_Photography>	12860
<dbpedia:Biblioteca_Ambrosiana>	12848
<dbpedia:Kunsthal>	12840
<dbpedia:Poble_Espanyol>	12829
<dbpedia:EYE_Film_Institute_Netherlands>	12821
<dbpedia:Chatham_Historic_Dockyard>	12817
<dbpedia:Peabody_Essex_Museum>	12799
<dbpedia:Automotive_Hall_of_Fame>	12760
<dbpedia:Albert_Hall_Museum>	12748
<dbpedia:Canadian_Football_Hall_of_Fame>	12709
<dbpedia:Checkpoint_Charlie_Museum>	12706
<dbpedia:Old_Stone_House_(Washington,_D.C.)>	12687
<dbpedia:USS_Batfish_(SS-310)>	12679
<dbpedia:USS_Edson_(DD-946)>	12676
<dbpedia:Auckland_War_Memorial_Museum>	12670
<dbpedia:Mus%C3%A9e_des_Blind%C3%A9s>	12652
<dbpedia:Birmingham_Museum_and_Art_Gallery>	12603
<dbpedia:Manchester_Art_Gallery>	12601
<dbpedia:USS_Clamagore_(SS-343)>	12592
<dbpedia:California_State_Railroad_Museum>	12586
<dbpedia:Storm_King_Art_Center>	12563
<dbpedia:Strategic_Air_and_Space_Museum>	12556
<dbpedia:Museum_of_Anthropology_at_UBC>	12502
<dbpedia:Museumsquartier>	12494
<dbpedia:National_Museum_of_Indonesia>	12489
<dbpedia:Rosicrucian_Egyptian_Museum>	12477
<dbpedia:Staatliche_Antikensammlungen>	12474
<dbpedia:Terra_Amata_(archaeological_site)>	12469
<dbpedia:Apartheid_Museum>	12465
<dbpedia:National_Museum_of_Nature_and_Science>	12459
<dbpedia:Wexner_Center_for_the_Arts>	12377
<dbpedia:Museum_Boijmans_Van_Beuningen>	12367
<dbpedia:Oceanographic_Museum>	12331
<dbpedia:Monte_Cristo_Homestead>	12298
<dbpedia:Wat_Benchamabophit>	12233
<dbpedia:Temple_Newsam>	12200
<dbpedia:Kizhi>	12182
<dbpedia:Virginia_Museum_of_Fine_Arts>	12115
<dbpedia:USS_Slater_(DE-766)>	12107
<dbpedia:United_States_Astronaut_Hall_of_Fame>	12097
<dbpedia:Burrell_Collection>	12091
<dbpedia:Railroad_Museum_of_Pennsylvania>	12087
<dbpedia:Fort_George,_Ontario>	12074
<dbpedia:Jimmy_Carter_Library_and_Museum>	12073
<dbpedia:Memorial_to_the_German_Resistance>	12066
<dbpedia:Boydell_Shakespeare_Gallery>	12030
<dbpedia:Denver_Museum_of_Nature_and_Science>	12026
<dbpedia:HAL_Aerospace_Museum>	12020
<dbpedia:HMS_Plymouth_(F126)>	12016
<dbpedia:Handel_House_Museum>	12015
<dbpedia:Museum_Ludwig>	12014
<dbpedia:San_Diego_Natural_History_Museum>	11998
<dbpedia:Fogg_Museum>	11910
<dbpedia:Marble_Palace>	11909
<dbpedia:Jorvik_Viking_Centre>	11908
<dbpedia:American_Folk_Art_Museum>	11904
<dbpedia:Mus%C3%A9e_national_du_Moyen_%C3%82ge>	11898
<dbpedia:National_Army_Museum>	11875
<dbpedia:Naturhistorisches_Museum>	11860
<dbpedia:North_Korea_Peace_Museum>	11857
<dbpedia:Pammakaristos_Church>	11857
<dbpedia:Jakarta_History_Museum>	11854
<dbpedia:Umbrella_Cover_Museum>	11849
<dbpedia:Sovereign_Hill>	11817
<dbpedia:Humberstone_and_Santa_Laura_Saltpeter_Works>	11807
<dbpedia:Kunstmuseum_Basel>	11792
<dbpedia:Museum_of_Broadcast_Communications>	11783
<dbpedia:Ulster_Museum>	11762
<dbpedia:Stasi_Museum>	11720
<dbpedia:Franklin_D._Roosevelt_Presidential_Library_and_Museum>	11702
<dbpedia:Turkish_and_Islamic_Arts_Museum>	11701
<dbpedia:Edo-Tokyo_Museum>	11689
<dbpedia:Palais_des_Beaux-Arts_de_Lille>	11688
<dbpedia:Questacon>	11679
<dbpedia:Manchester_Museum>	11677
<dbpedia:Nederlands_Scheepvaartmuseum>	11663
<dbpedia:Perot_Museum_of_Nature_and_Science>	11661
<dbpedia:USS_Cod_(SS-224)>	11654
<dbpedia:Ashfall_Fossil_Beds>	11615
<dbpedia:Baltimore_Museum_of_Art>	11571
<dbpedia:Gerald_R._Ford_Presidential_Museum>	11556
<dbpedia:Guimet_Museum>	11515
<dbpedia:Hayward_Gallery>	11487
<dbpedia:Toledo_Museum_of_Art>	11442
<dbpedia:Egyptian_Museum_of_Berlin>	11422
<dbpedia:Sa'dabad_Palace>	11409
<dbpedia:PNS_Hangor_(S131)>	11408
<dbpedia:Museo_Galileo>	11402
<dbpedia:Amsterdam_Museum>	11394
<dbpedia:Harry_S._Truman_Little_White_House>	11376
<dbpedia:Moderna_Museet>	11344
<dbpedia:Paul_W._Bryant_Museum>	11328
<dbpedia:Mill_City_Museum>	11326
<dbpedia:Museum_of_the_Great_Patriotic_War,_Moscow>	11271
<dbpedia:Freud_Museum>	11271
<dbpedia:Groeningemuseum>	11264
<dbpedia:National_Railroad_Museum>	11247
<dbpedia:Gem%C3%A4ldegalerie,_Berlin>	11243
<dbpedia:National_Museum_of_Afghanistan>	11232
<dbpedia:Fort_de_Chartres>	11231
<dbpedia:Palazzo_Spada>	11230
<dbpedia:Museum_of_the_Confederacy>	11225
<dbpedia:Soviet_submarine_B-427>	11223
<dbpedia:John_and_Mable_Ringling_Museum_of_Art>	11220
<dbpedia:Hunterian_Museum_and_Art_Gallery>	11219
<dbpedia:Old_Louisiana_State_Capitol>	11212
<dbpedia:The_Grammy_Museum>	11206
<dbpedia:Arizona-Sonora_Desert_Museum>	11205
<dbpedia:United_Nations_Art_Collection>	11188
<dbpedia:USS_Philadelphia_(1776)>	11162
<dbpedia:Castelvecchio_Museum>	11160
<dbpedia:National_Museum_(Malaysia)>	11159
<dbpedia:Birmingham_Back_to_Backs>	11150
<dbpedia:Czartoryski_Museum>	11142
<dbpedia:M._H._de_Young_Memorial_Museum>	11087
<dbpedia:Brooklands_Museum>	11074
<dbpedia:Sinsheim_Auto_&_Technik_Museum>	11072
<dbpedia:SS_Lane_Victory>	11056
<dbpedia:HMS_Gannet_(1878)>	11051
<dbpedia:Slater_Mill_Historic_Site>	11041
<dbpedia:DDR_Museum>	11031
<dbpedia:Ukrainian_National_Chornobyl_Museum>	11028
<dbpedia:Harvard_Art_Museums>	10984
<dbpedia:National_Gallery_of_Modern_Art>	10957
<dbpedia:St._Regis_Museum_Tower>	10939
<dbpedia:Peranakan_Museum>	10927
<dbpedia:Aradale_Mental_Hospital>	10913
<dbpedia:Harry_Ransom_Center>	10908
<dbpedia:New_Almaden>	10898
<dbpedia:Liberace_Museum>	10898
<dbpedia:Military_Aviation_Museum>	10873
<dbpedia:The_Old_Manse>	10854
<dbpedia:Vancouver_Art_Gallery>	10850
<dbpedia:General_George_Patton_Museum_of_Leadership>	10828
<dbpedia:Falls_of_Clyde_(ship)>	10812
<dbpedia:Liechtenstein_Museum>	10793
<dbpedia:The_Beatles_Story>	10788
<dbpedia:Middleton_Place>	10784
<dbpedia:Rockefeller_Museum>	10780
<dbpedia:Urbis>	10744
<dbpedia:Maritime_Museum_of_the_Atlantic>	10740
<dbpedia:Yerba_Buena_Center_for_the_Arts>	10727
<dbpedia:Maison_d'Auguste_Comte>	10725
<dbpedia:Rubin_Museum_of_Art>	10714
<dbpedia:Mandela_House>	10689
<dbpedia:Arthur_M._Sackler_Gallery>	10689
<dbpedia:National_Museum_of_Art_of_Romania>	10688
<dbpedia:Modern_Art_Museum_of_Fort_Worth>	10682
<dbpedia:Mus%C3%A9e_Marmottan_Monet>	10669
<dbpedia:Imaginarium>	10648
<dbpedia:German_Museum_of_Technology>	10647
<dbpedia:Hungarian_National_Museum>	10641
<dbpedia:Passat_(ship)>	10633
<dbpedia:Napier_Museum>	10632
<dbpedia:French_cruiser_Colbert_(C611)>	10632
<dbpedia:Eisenhower_Presidential_Center>	10624
<dbpedia:Leopold_Museum>	10604
<dbpedia:San_Diego_Air_&_Space_Museum>	10602
<dbpedia:Museum_of_Liverpool>	10596
<dbpedia:National_Archaeological_Museum_of_Spain>	10584
<dbpedia:National_Museum_of_the_United_States_Army>	10572
<dbpedia:Castle_Air_Museum>	10564
<dbpedia:Sex_Machines_Museum>	10561
<dbpedia:Shanghai_Science_and_Technology_Museum>	10549
<dbpedia:Monastery_of_Saint_John_the_Theologian>	10548
<dbpedia:Neue_Staatsgalerie>	10544
<dbpedia:Goethe_House>	10533
<dbpedia:Canadian_Warplane_Heritage_Museum>	10528
<dbpedia:Liberty_Science_Center>	10527
<dbpedia:Palazzo_Carignano>	10501
<dbpedia:Soldiers'_and_Sailors'_Monument_(Indianapolis)>	10501
<dbpedia:Benjamin_Franklin_House>	10482
<dbpedia:Centre_Le_Corbusier>	10476
<dbpedia:Thomas_Edison_National_Historical_Park>	10467
<dbpedia:Germantown_White_House>	10459
<dbpedia:Morgan_Library_&_Museum>	10436
<dbpedia:Museo_Nacional_de_Bellas_Artes_de_La_Habana>	10434
<dbpedia:Museo_Nacional_de_Costa_Rica>	10419
<dbpedia:Whitechapel_Gallery>	10403
<dbpedia:Museo_Nacional_de_Antropolog%C3%ADa>	10375
<dbpedia:Oregon_Museum_of_Science_and_Industry>	10366
<dbpedia:Gunston_Hall>	10348
<dbpedia:New_England_Air_Museum>	10348
<dbpedia:Cleveland_Museum_of_Natural_History>	10345
<dbpedia:Stan_Hywet_Hall_and_Gardens>	10328
<dbpedia:Hildene>	10328
<dbpedia:Neon_Museum>	10309
<dbpedia:Rock_N_Roll_McDonald's>	10307
<dbpedia:Kon-Tiki_Museum>	10306
<dbpedia:Peabody_Museum_of_Natural_History>	10303
<dbpedia:Saratoga_National_Historical_Park>	10296
<dbpedia:Germanisches_Nationalmuseum>	10280
<dbpedia:Japanese_American_National_Museum>	10269
<dbpedia:Cotroceni_Palace>	10252
<dbpedia:Planes_of_Fame_Air_Museum>	10251
<dbpedia:Benaki_Museum>	10250
<dbpedia:A_Christmas_Story_House>	10231
<dbpedia:Australian_National_Maritime_Museum>	10229
<dbpedia:Morton_Arboretum>	10184
<dbpedia:Pinakothek_der_Moderne>	10167
<dbpedia:CFS_Carp>	10148
<dbpedia:National_Women's_Hall_of_Fame>	10123
<dbpedia:Siddhagiri_Gramjivan_Museum_(Kaneri_Math)>	10121
<dbpedia:National_Postal_Museum>	10115
<dbpedia:Ecomuseum>	10107
<dbpedia:Alfa_Romeo_Museum>	10098
<dbpedia:Carnegie_Museum_of_Art>	10098
<dbpedia:Mus%C3%A9e_des_Arts_et_M%C3%A9tiers>	10082
<dbpedia:Heineken_Experience>	10082
<dbpedia:Big_Bone_Lick_State_Park>	10079
<dbpedia:Museum_of_the_Moving_Image_(London)>	10078
<dbpedia:Leighton_House_Museum>	10063
<dbpedia:National_Museum_of_Health_and_Medicine>	10063
<dbpedia:Beechwood_(mansion)>	10035
<dbpedia:Miraikan>	10033
<dbpedia:Korean_Folk_Village>	10021
<dbpedia:Australian_Centre_for_the_Moving_Image>	9998
<dbpedia:HMS_Bronington_(M1115)>	9992
<dbpedia:Museum_of_the_Rockies>	9990
<dbpedia:Stroganov_Palace>	9972
<dbpedia:Hagia_Sophia,_Trabzon>	9959
<dbpedia:Milwaukee_Public_Museum>	9937
<dbpedia:Intel_Museum>	9921
<dbpedia:National_Museum_of_the_Pacific_War>	9915
<dbpedia:Battle_of_Britain_Bunker>	9903
<dbpedia:Technikmuseum_Speyer>	9885
<dbpedia:MALBA>	9845
<dbpedia:Keats_House>	9842
<dbpedia:National_Etruscan_Museum>	9834
<dbpedia:Escher_Museum>	9794
<dbpedia:Messner_Mountain_Museum>	9773
<dbpedia:Geffrye_Museum>	9756
<dbpedia:Zentrum_Paul_Klee>	9756
<dbpedia:Tillamook_Air_Museum>	9743
<dbpedia:National_Underground_Railroad_Freedom_Center>	9709
<dbpedia:Gem%C3%A4ldegalerie_Alte_Meister>	9694
<dbpedia:Duyfken>	9688
<dbpedia:Musical_Instrument_Museum_(Brussels)>	9678
<dbpedia:Swiss_National_Museum>	9666
<dbpedia:National_Tramway_Museum>	9656
<dbpedia:National_Aviation_Hall_of_Fame>	9645
<dbpedia:Herbert_Hoover_Presidential_Library_and_Museum>	9633
<dbpedia:National_Museum_of_African_Art>	9627
<dbpedia:Museum_of_Work>	9609
<dbpedia:Gold_Museum,_Bogot%C3%A1>	9606
<dbpedia:Hollywood_Wax_Museum>	9605
<dbpedia:James_Joyce_Tower_and_Museum>	9600
<dbpedia:Berlin_State_Museums>	9595
<dbpedia:Bangkok_National_Museum>	9592
<dbpedia:HMS_Ocelot_(S17)>	9584
<dbpedia:Chicano_Park>	9577
<dbpedia:Museum_of_London_Docklands>	9570
<dbpedia:Norman_Rockwell_Museum>	9559
<dbpedia:National_Museum_of_Beirut>	9544
<dbpedia:University_of_Chicago_Oriental_Institute>	9542
<dbpedia:National_Museum_of_Flight>	9501
<dbpedia:Vanderbilt_Museum>	9496
<dbpedia:USS_Stewart_(DE-238)>	9478
<dbpedia:Edgar_Allan_Poe_House_and_Museum>	9472
<dbpedia:National_Aviary>	9454
<dbpedia:Vienna_Museum>	9450
<dbpedia:South_Australian_Museum>	9415
<dbpedia:Finnish_submarine_Vesikko>	9402
<dbpedia:Joseph_Stalin_Museum,_Gori>	9388
<dbpedia:Museum_of_Aviation_(Warner_Robins)>	9358
<dbpedia:Florence_Nightingale_Museum>	9344
<dbpedia:Spadina_House>	9339
<dbpedia:PAF_Museum,_Karachi>	9293
<dbpedia:Pommern_(ship)>	9275
<dbpedia:National_Navy_UDT-SEAL_Museum>	9273
<dbpedia:Carnegie_Science_Center>	9253
<dbpedia:Mascot_Hall_of_Fame>	9234
<dbpedia:Museo_Correr>	9215
<dbpedia:Contemporary_Jewish_Museum>	9204
<dbpedia:Air_Force_Armament_Museum>	9204
<dbpedia:Central_Armed_Forces_Museum>	9194
<dbpedia:Wings_Over_the_Rockies_Air_and_Space_Museum>	9194
<dbpedia:National_Museum_of_Pakistan>	9180
<dbpedia:Ivy_Green>	9164
<dbpedia:Charles_Dickens_Museum>	9160
<dbpedia:%C3%96sterreichische_Galerie_Belvedere>	9145
<dbpedia:Bowes_Museum>	9145
<dbpedia:Heritage_Park_Historical_Village>	9136
<dbpedia:Bob_Marley_Museum>	9124
<dbpedia:Whitworth_Art_Gallery>	9103
<dbpedia:American_Alliance_of_Museums>	9099
<dbpedia:Submarine_Force_Library_and_Museum>	9099
<dbpedia:National_Museum_of_Ethiopia>	9097
<dbpedia:Parola_Tank_Museum>	9077
<dbpedia:USCGC_Tamaroa_(WMEC-166)>	9076
<dbpedia:Chemical_Heritage_Foundation>	9056
<dbpedia:Barrow_Hill_Engine_Shed>	9051
<dbpedia:National_Aquarium_in_Washington,_D.C.>	9045
<dbpedia:Hispanic_Society_of_America>	9040
<dbpedia:Zayed_National_Museum>	9034
<dbpedia:Royal_Museum_for_Central_Africa>	9028
<dbpedia:Royal_Navy_Submarine_Museum>	9026
<dbpedia:Motorsports_Hall_of_Fame_of_America>	9018
<dbpedia:Harley-Davidson_Museum>	9017
<dbpedia:Eastbourne_Redoubt>	9009
<dbpedia:National_Museum_of_Serbia>	8990
<dbpedia:Jim_Crow_Museum_of_Racist_Memorabilia>	8982
<dbpedia:Blists_Hill_Victorian_Town>	8972
<dbpedia:Royal_Armouries_Museum>	8951
<dbpedia:North_Carolina_Museum_of_Natural_Sciences>	8948
<dbpedia:Kiasma>	8947
<dbpedia:S%C3%A3o_Paulo_Museum_of_Art>	8945
<dbpedia:Museum_of_Applied_Arts_(Budapest)>	8941
<dbpedia:Lightner_Museum>	8931
<dbpedia:Gallery_of_Modern_Art>	8928
<dbpedia:Science_Museum_of_Minnesota>	8905
<dbpedia:Peabody_Museum_of_Archaeology_and_Ethnology>	8903
<dbpedia:Van_Abbemuseum>	8892
<dbpedia:Hungarian_National_Gallery>	8877
<dbpedia:Leonis_Adobe>	8877
<dbpedia:Saint_Sophia_Cathedral_in_Harbin>	8872
<dbpedia:Niavaran_Palace_Complex>	8872
<dbpedia:Nauticus>	8870
<dbpedia:Muhammad_Ali_Center>	8835
<dbpedia:Kuskovo>	8820
<dbpedia:Chinati_Foundation>	8797
<dbpedia:Sainsbury_Centre_for_Visual_Arts>	8788
<dbpedia:Collections_of_the_Palace_Museum>	8782
<dbpedia:Presidential_Palace_(Nanjing)>	8773
<dbpedia:Gemeentemuseum_Den_Haag>	8747
<dbpedia:Winterthur_Museum_and_Country_Estate>	8743
<dbpedia:Museum_of_the_Portuguese_Language>	8740
<dbpedia:Wazir_Mansion>	8728
<dbpedia:Tate_Liverpool>	8724
<dbpedia:Stele_Forest>	8724
<dbpedia:Wallraf-Richartz_Museum>	8718
<dbpedia:Foundling_Museum>	8717
<dbpedia:Westonbirt_Arboretum>	8715
<dbpedia:Beyeler_Foundation>	8702
<dbpedia:Monnaie_de_Paris>	8687
<dbpedia:United_States_National_Slavery_Museum>	8682
<dbpedia:Stockholm_City_Museum>	8665
<dbpedia:Mattress_Factory>	8660
<dbpedia:Canada_Science_and_Technology_Museum>	8653
<dbpedia:Orchard_House>	8631
<dbpedia:Birmingham_Museum_of_Art>	8629
<dbpedia:Flagstaff_House>	8624
<dbpedia:Lucille_Ball-Desi_Arnaz_Center>	8618
<dbpedia:The_Computer_Museum,_Boston>	8590
<dbpedia:Finca_Vig%C3%ADa>	8575
<dbpedia:Newark_Museum>	8569
<dbpedia:Cars_of_the_Stars_Motor_Museum>	8556
<dbpedia:Air_Zoo>	8556
<dbpedia:National_Museum_of_Women_in_the_Arts>	8536
<dbpedia:Vilnius_Guggenheim_Hermitage_Museum>	8526
<dbpedia:Texas_Ranger_Hall_of_Fame_and_Museum>	8521
<dbpedia:Dunsmuir_House>	8516
<dbpedia:B&O_Railroad_Museum>	8504
<dbpedia:Noguchi_Museum>	8504
<dbpedia:Coventry_Transport_Museum>	8500
<dbpedia:North_Carolina_Museum_of_Art>	8499
<dbpedia:The_National_Art_Center,_Tokyo>	8497
<dbpedia:Oakland_Museum_of_California>	8487
<dbpedia:Old_Rhinebeck_Aerodrome>	8484
<dbpedia:Baltic_Centre_for_Contemporary_Art>	8483
<dbpedia:Nobel_Peace_Center>	8466
<dbpedia:National_Automobile_Museum>	8460
<dbpedia:House_of_the_Black_Madonna>	8455
<dbpedia:USS_Croaker_(SS-246)>	8454
<dbpedia:California_Palace_of_the_Legion_of_Honor>	8448
<dbpedia:Nordic_Museum>	8447
<dbpedia:Troldhaugen>	8433
<dbpedia:National_Historical_Museum_(Albania)>	8430
<dbpedia:Chester_Beatty_Library>	8427
<dbpedia:Fort_DeRussy_Military_Reservation>	8422
<dbpedia:National_Museum_of_Cambodia>	8412
<dbpedia:Museum_of_Fine_Arts_of_Lyon>	8412
<dbpedia:Shelburne_Museum>	8404
<dbpedia:Museu_Calouste_Gulbenkian>	8379
<dbpedia:Skirball_Cultural_Center>	8378
<dbpedia:Museo_de_Arte_de_Ponce>	8365
<dbpedia:Portland_Art_Museum>	8361
<dbpedia:National_Museum_of_Colombo>	8361
<dbpedia:Cincinnati_Art_Museum>	8355
<dbpedia:The_Owl_House>	8343
<dbpedia:Fram_Museum>	8332
<dbpedia:Guildhall_Art_Gallery>	8325
<dbpedia:National_Folk_Museum_of_Korea>	8319
<dbpedia:Polish_Aviation_Museum>	8316
<dbpedia:Chichu_Art_Museum>	8314
