<dbpedia:Playboy>	825945
<dbpedia:Rolling_Stone>	551302
<dbpedia:Time_(magazine)>	381761
<dbpedia:Charlie_Hebdo>	374394
<dbpedia:Billboard_(magazine)>	310672
<dbpedia:The_Economist>	306086
<dbpedia:Sports_Illustrated_Swimsuit_Issue>	304610
<dbpedia:Penthouse_(magazine)>	275648
<dbpedia:The_New_Yorker>	269964
<dbpedia:The_Atlantic>	267584
<dbpedia:Vice_(magazine)>	262399
<dbpedia:People_(magazine)>	235416
<dbpedia:Vogue_(magazine)>	231922
<dbpedia:The_New_Republic>	222664
<dbpedia:Life_(magazine)>	189535
<dbpedia:Billboard_charts>	186853
<dbpedia:Hustler>	183275
<dbpedia:Pro_Wrestling_Illustrated>	180217
<dbpedia:National_Review>	177292
<dbpedia:Batman_(comic_book)>	163073
<dbpedia:Maxim_(magazine)>	161646
<dbpedia:Vanity_Fair_(magazine)>	159474
<dbpedia:FHM>	149789
<dbpedia:National_Geographic_(magazine)>	149013
<dbpedia:The_Shadow>	148895
<dbpedia:Wired_(magazine)>	148223
<dbpedia:Newsweek>	147429
<dbpedia:TV_Guide>	146997
<dbpedia:XXL_(magazine)>	146317
<dbpedia:Entertainment_Weekly>	145343
<dbpedia:Science_(journal)>	141685
<dbpedia:Detective_Comics>	140497
<dbpedia:National_Lampoon_(magazine)>	140440
<dbpedia:Mad_(magazine)>	139994
<dbpedia:NME>	139968
<dbpedia:U.S._News_&_World_Report>	139907
<dbpedia:GQ>	138006
<dbpedia:PC_Magazine>	135181
<dbpedia:Fortune_(magazine)>	131395
<dbpedia:AVN_(magazine)>	129868
<dbpedia:The_Nation>	127306
<dbpedia:Esquire_(magazine)>	123474
<dbpedia:DJ_Magazine>	117380
<dbpedia:Cosmopolitan_(magazine)>	116544
<dbpedia:Der_Spiegel>	113811
<dbpedia:Mother_Jones_(magazine)>	111191
<dbpedia:Playgirl>	110715
<dbpedia:The_Spectator>	110660
<dbpedia:Variety_(magazine)>	109583
<dbpedia:Private_Eye>	105099
<dbpedia:Scientific_American>	103838
<dbpedia:Foreign_Policy>	98519
<dbpedia:Forbes_400>	93587
<dbpedia:New_Statesman>	92980
<dbpedia:Complex_(magazine)>	92852
<dbpedia:Weekly_Sh%C5%8Dnen_Jump>	91990
<dbpedia:The_Hollywood_Reporter>	91599
<dbpedia:The_Ring_(magazine)>	91591
<dbpedia:The_Lancet>	90323
<dbpedia:Consumer_Reports>	85907
<dbpedia:Bloomberg_Businessweek>	85803
<dbpedia:Science_Digest>	85228
<dbpedia:New_York_(magazine)>	83388
<dbpedia:Sunday_Times_Rich_List>	83182
<dbpedia:Famitsu>	81208
<dbpedia:Elle_(magazine)>	81147
<dbpedia:Empire_(film_magazine)>	78408
<dbpedia:Punch_(magazine)>	77411
<dbpedia:Game_Informer>	75985
<dbpedia:Harvard_Business_Review>	74392
<dbpedia:New_Scientist>	73845
<dbpedia:The_Week>	72656
<dbpedia:India_Today>	71496
<dbpedia:Hot_Country_Songs>	69884
<dbpedia:World_Soccer_(magazine)>	69876
<dbpedia:Nintendo_Power>	67608
<dbpedia:True_Detective>	65796
<dbpedia:The_Register>	63357
<dbpedia:Kerrang!>	62655
<dbpedia:The_Source_(magazine)>	62302
<dbpedia:Foreign_Affairs>	60315
<dbpedia:Nuts_(magazine)>	58649
<dbpedia:PC_Gamer>	58638
<dbpedia:Reader's_Digest>	58174
<dbpedia:Marie_Claire>	57523
<dbpedia:Heavy_Metal_(magazine)>	56463
<dbpedia:National_Journal>	56158
<dbpedia:Tijuana_bible>	54610
<dbpedia:Electronic_Gaming_Monthly>	53506
<dbpedia:Weekly_Young_Jump>	53409
<dbpedia:Popular_Science>	52890
<dbpedia:Times_Higher_Education>	51836
<dbpedia:Glamour_(magazine)>	51464
<dbpedia:The_Advocate>	50920
<dbpedia:Reason_(magazine)>	50272
<dbpedia:Harper's_Bazaar>	50167
<dbpedia:Cracked_(magazine)>	49635
<dbpedia:Fast_Company_(magazine)>	49435
<dbpedia:Zoo_Weekly>	49419
<dbpedia:The_Watchtower>	49390
<dbpedia:Us_Weekly>	49349
<dbpedia:The_New_York_Review_of_Books>	48976
<dbpedia:Spin_(magazine)>	48675
<dbpedia:Weird_Tales>	48142
<dbpedia:Edge_(magazine)>	47526
<dbpedia:Popular_Mechanics>	47026
<dbpedia:The_National_Interest>	45959
<dbpedia:The_Saturday_Evening_Post>	45078
<dbpedia:Ebony_(magazine)>	44335
<dbpedia:2600:_The_Hacker_Quarterly>	43380
<dbpedia:Shonen_Jump_(magazine)>	43190
<dbpedia:Inc._(magazine)>	43069
<dbpedia:Thrasher_(magazine)>	43062
<dbpedia:Sight_&_Sound>	42813
<dbpedia:Melody_Maker>	41594
<dbpedia:Amazing_Stories>	41470
<dbpedia:Debonair_(magazine)>	41031
<dbpedia:Guitar_World>	40506
<dbpedia:The_Weekly_Standard>	40320
<dbpedia:Barely_Legal_(magazine)>	40154
<dbpedia:CounterPunch>	38806
<dbpedia:The_New_York_Times_Magazine>	38781
<dbpedia:Psychology_Today>	38310
<dbpedia:Harper's_Magazine>	38152
<dbpedia:Wizard_(magazine)>	38090
<dbpedia:GamePro>	37800
<dbpedia:Sporting_News>	37740
<dbpedia:Interview_(magazine)>	37359
<dbpedia:Time_Out_(magazine)>	37343
<dbpedia:Batman:_Legends_of_the_Dark_Knight>	37263
<dbpedia:Club_Nintendo>	37119
<dbpedia:Washington_Monthly>	36816
<dbpedia:Jump_Square>	36713
<dbpedia:Puck_(magazine)>	36464
<dbpedia:PC_World>	36414
<dbpedia:Radio_Times>	36399
<dbpedia:Allure_(magazine)>	36224
<dbpedia:Newsroom>	35937
<dbpedia:Ms._(magazine)>	35747
<dbpedia:Dragon_(magazine)>	35745
<dbpedia:Oui_(magazine)>	35738
<dbpedia:The_Harvard_Lampoon>	35579
<dbpedia:Mayfair_(magazine)>	35251
<dbpedia:Teen_Vogue>	34232
<dbpedia:Fangoria>	34020
<dbpedia:Good_Housekeeping>	34014
<dbpedia:Car_and_Driver>	33952
<dbpedia:Pubic_Wars>	33843
<dbpedia:Metal_Hammer>	33466
<dbpedia:Mojo_(magazine)>	33064
<dbpedia:Out_(magazine)>	33028
<dbpedia:The_New_York_Times_Book_Review>	32799
<dbpedia:CanCam>	32697
<dbpedia:I-D>	32207
<dbpedia:New_York_Herald_Tribune>	32171
<dbpedia:The_American_Conservative>	31972
<dbpedia:Flight_International>	31821
<dbpedia:Krokodil>	31775
<dbpedia:Look_(American_magazine)>	31328
<dbpedia:The_Paris_Review>	31096
<dbpedia:Computerworld>	30962
<dbpedia:Details_(magazine)>	30915
<dbpedia:Playbill>	30696
<dbpedia:The_Fader>	30367
<dbpedia:Vogue_(British_magazine)>	30278
<dbpedia:Smithsonian_(magazine)>	30199
<dbpedia:High_Times>	30176
<dbpedia:3-2-1_Contact>	29708
<dbpedia:Money_(magazine)>	29693
<dbpedia:The_Diplomat>	29630
<dbpedia:George_(magazine)>	29526
<dbpedia:CoroCoro_Comic>	29509
<dbpedia:Creem>	29409
<dbpedia:Tatler>	29407
<dbpedia:W_(magazine)>	29332
<dbpedia:Nylon_(magazine)>	29311
<dbpedia:Commentary_(magazine)>	29177
<dbpedia:Loaded_(magazine)>	28969
<dbpedia:Advertising_Age>	28887
<dbpedia:The_American_Spectator>	28853
<dbpedia:Motor_Trend>	28814
<dbpedia:Cashbox_(magazine)>	28693
<dbpedia:Redbook>	28645
<dbpedia:Paste_(magazine)>	28612
<dbpedia:Down_Beat>	28572
<dbpedia:Oz_(magazine)>	28548
<dbpedia:Bulletin_of_the_Atomic_Scientists>	28216
<dbpedia:Christianity_Today>	28111
<dbpedia:Blender_(magazine)>	28058
<dbpedia:Paper_(magazine)>	28021
<dbpedia:Total_Film>	27974
<dbpedia:Publishers_Weekly>	27917
<dbpedia:Highlights_for_Children>	27681
<dbpedia:The_American_Prospect>	27632
<dbpedia:Juggs>	27305
<dbpedia:Omni_(magazine)>	27259
<dbpedia:ESPN_The_Magazine>	27244
<dbpedia:London_Review_of_Books>	26946
<dbpedia:Chandamama>	26778
<dbpedia:Top_Gear_(magazine)>	26695
<dbpedia:Make_(magazine)>	26558
<dbpedia:Better_Homes_and_Gardens_(magazine)>	26542
<dbpedia:Analog_Science_Fiction_and_Fact>	26384
<dbpedia:The_Crisis>	26322
<dbpedia:Essence_(magazine)>	26301
<dbpedia:Outlook_(magazine)>	26280
<dbpedia:National_Geographic_Kids>	26274
<dbpedia:Tennis_(magazine)>	26201
<dbpedia:Vibe_(magazine)>	26019
<dbpedia:Men's_Health_(magazine)>	25948
<dbpedia:Sports_Car_International>	25748
<dbpedia:New_Left_Review>	25677
<dbpedia:Bravo_(magazine)>	25542
<dbpedia:Animage>	25526
<dbpedia:Jet_(magazine)>	25418
<dbpedia:Club_(magazine)>	25383
<dbpedia:Communications_of_the_ACM>	25382
<dbpedia:High_Society_(magazine)>	25165
<dbpedia:Outside_(magazine)>	25119
<dbpedia:Discover_(magazine)>	25102
<dbpedia:O,_The_Oprah_Magazine>	25032
<dbpedia:Weekly_Sh%C5%8Dnen_Magazine>	25001
<dbpedia:Soldier_of_Fortune_(magazine)>	24970
<dbpedia:Playboy_Special_Edition>	24928
<dbpedia:Byte_(magazine)>	24576
<dbpedia:Spy_(magazine)>	24534
<dbpedia:Computer_Gaming_World>	24377
<dbpedia:InStyle>	24261
<dbpedia:Lui>	24234
<dbpedia:Hala_Madrid>	24182
<dbpedia:Classic_Rock_(magazine)>	24106
<dbpedia:Computer_and_Video_Games>	24022
<dbpedia:Macworld>	23950
<dbpedia:Yeti_(magazine)>	23903
<dbpedia:RPM_(magazine)>	23480
<dbpedia:Philosophical_Transactions_of_the_Royal_Society>	23201
<dbpedia:Prospect_(magazine)>	23194
<dbpedia:Alternative_Press>	23161
<dbpedia:Stern_(magazine)>	22972
<dbpedia:Seventeen_(magazine)>	22937
<dbpedia:Parade_(magazine)>	22933
<dbpedia:Le_Nouvel_Observateur>	22816
<dbpedia:Hit_Parader>	22660
<dbpedia:Exclaim!>	22549
<dbpedia:France_Football>	22474
<dbpedia:Entrepreneur_(magazine)>	22325
<dbpedia:Official_Xbox_Magazine>	22284
<dbpedia:Amusement_Today>	22255
<dbpedia:Frontline_(magazine)>	22200
<dbpedia:The_Banker>	21997
<dbpedia:Granta>	21956
<dbpedia:Bloomberg_Markets>	21426
<dbpedia:G_Magazine>	21309
<dbpedia:Kirkus_Reviews>	21271
<dbpedia:Golf_Digest>	21230
<dbpedia:Forbes_China_Celebrity_100>	21218
<dbpedia:Creepy>	21172
<dbpedia:Maclean's>	21119
<dbpedia:Doctor_Who_Magazine>	21076
<dbpedia:V_Jump>	21021
<dbpedia:Autosport>	20979
<dbpedia:American_Heritage_(magazine)>	20958
<dbpedia:Muscle_&_Fitness>	20778
<dbpedia:Science_News>	20744
<dbpedia:American_Scientist>	20632
<dbpedia:Weekly_Playboy>	20623
<dbpedia:Skeptical_Inquirer>	20463
<dbpedia:Filmfare>	20445
<dbpedia:InfoWorld>	20437
<dbpedia:FrontPage_Magazine>	20298
<dbpedia:Fortean_Times>	20194
<dbpedia:The_End_Is_Nigh>	20149
<dbpedia:Phrack>	20147
<dbpedia:AARP_The_Magazine>	20115
<dbpedia:The_Times_Literary_Supplement>	20092
<dbpedia:Science_fiction_magazine>	20073
<dbpedia:Smash_Hits>	20036
<dbpedia:Architectural_Digest>	19976
<dbpedia:Hello_(magazine)>	19964
<dbpedia:OK!>	19961
<dbpedia:Tiger_Beat>	19958
<dbpedia:Stuff_(magazine)>	19947
<dbpedia:Muzik>	19823
<dbpedia:Retro_Gamer>	19744
<dbpedia:The_Strand_Magazine>	19505
<dbpedia:Harper's_Weekly>	19442
<dbpedia:Comics_Buyer's_Guide>	19441
<dbpedia:Maximum_PC>	19406
<dbpedia:Paris_Match>	19368
<dbpedia:The_Face_(magazine)>	19295
<dbpedia:Artforum>	19245
<dbpedia:Adweek>	19212
<dbpedia:Gallery_(magazine)>	19204
<dbpedia:Argosy_(magazine)>	19088
<dbpedia:CMJ>	19011
<dbpedia:Dawn_(newspaper)>	18984
<dbpedia:Autocar>	18801
<dbpedia:The_Week_(Indian_magazine)>	18749
<dbpedia:Popular_Electronics>	18706
<dbpedia:Technology_Review>	18538
<dbpedia:Linux_Journal>	18537
<dbpedia:Sunset_(magazine)>	18415
<dbpedia:Ananda_Vikatan>	18409
<dbpedia:Confidential_(magazine)>	18313
<dbpedia:Vogue_Italia>	18235
<dbpedia:Utne_Reader>	18224
<dbpedia:Swank>	18181
<dbpedia:Uncut_(magazine)>	18061
<dbpedia:Leg_Show>	17922
<dbpedia:Evo_(magazine)>	17880
<dbpedia:Science_(magazine)>	17748
<dbpedia:The_Literary_Digest>	17589
<dbpedia:Bon_App%C3%A9tit>	17583
<dbpedia:James_Bond_Car_Collection>	17542
<dbpedia:Official_Nintendo_Magazine>	17457
<dbpedia:Men_Only>	17407
<dbpedia:Grazia>	17402
<dbpedia:Galaxy_Science_Fiction>	17354
<dbpedia:Girlfriend_(magazine)>	17287
<dbpedia:IEEE_Spectrum>	17228
<dbpedia:Modern_Drummer>	17219
<dbpedia:Wallpaper_(magazine)>	17172
<dbpedia:Focus_(German_magazine)>	17106
<dbpedia:White_Dwarf_(magazine)>	16995
<dbpedia:Cahiers_du_cin%C3%A9ma>	16961
<dbpedia:The_Bulletin>	16847
<dbpedia:Celebrity_Skin_(magazine)>	16842
<dbpedia:Country_Life_(magazine)>	16820
<dbpedia:Engineering_News-Record>	16749
<dbpedia:Revolver_(magazine)>	16700
<dbpedia:Le_Point>	16505
<dbpedia:Heat_(magazine)>	16446
<dbpedia:In_Touch_Weekly>	16389
<dbpedia:Self_(magazine)>	16362
<dbpedia:Annual_publication>	16332
<dbpedia:Bitch_(magazine)>	16234
<dbpedia:National_Geographic_Traveler>	16229
<dbpedia:Asian_Babes>	16217
<dbpedia:Businessworld>	16143
<dbpedia:History_Today>	16116
<dbpedia:Library_Journal>	16107
<dbpedia:Vogue_Paris>	16101
<dbpedia:Southern_Living>	16097
<dbpedia:Mersey_Beat>	16087
<dbpedia:The_Progressive>	16050
<dbpedia:Cleo_(magazine)>	16009
<dbpedia:Mademoiselle_(magazine)>	15995
<dbpedia:The_Wire_(magazine)>	15882
<dbpedia:Razzle_(magazine)>	15843
<dbpedia:Partisan_Review>	15836
<dbpedia:Business_Today_(business_magazine)>	15829
<dbpedia:Shape_(magazine)>	15691
<dbpedia:New_Internationalist>	15663
<dbpedia:Far_Eastern_Economic_Review>	15607
<dbpedia:Robb_Report>	15581
<dbpedia:Family_Circle>	15496
<dbpedia:Club_International>	15449
<dbpedia:The_Walrus>	15384
<dbpedia:Escort_(magazine)>	15321
<dbpedia:Standpoint_(magazine)>	15300
<dbpedia:Gay_Times>	15255
<dbpedia:PC_Pro>	15251
<dbpedia:Gourmet_(magazine)>	15163
<dbpedia:Monocle_(lifestyle_magazine)>	15161
<dbpedia:The_Korea_Times>	15095
<dbpedia:FourFourTwo>	15077
<dbpedia:Grit_(newspaper)>	15060
<dbpedia:YM_(magazine)>	15054
<dbpedia:Attitude_(magazine)>	15026
<dbpedia:Human_Events>	15008
<dbpedia:Euromoney>	15000
<dbpedia:PlayStation:_The_Official_Magazine>	14974
<dbpedia:Famous_Monsters_of_Filmland>	14834
<dbpedia:Ray_Gun_(magazine)>	14673
<dbpedia:More_(magazine)>	14667
<dbpedia:Current_Biology>	14651
<dbpedia:Sounds_(magazine)>	14620
<dbpedia:The_Dial>	14608
<dbpedia:Tribune_(magazine)>	14593
<dbpedia:Columbia_Journalism_Review>	14549
<dbpedia:Inflight_magazine>	14541
<dbpedia:Restaurant_(magazine)>	14520
<dbpedia:Mother_Earth_News>	14519
<dbpedia:Tinkle>	14481
<dbpedia:National_Geographic_Adventure_(magazine)>	14417
<dbpedia:Dance/Electronic_Albums>	14402
<dbpedia:Travel_+_Leisure>	14399
<dbpedia:Men_(magazine)>	14344
<dbpedia:The_Believer_(magazine)>	14327
<dbpedia:Black_Mask_(magazine)>	14284
<dbpedia:The_Scientist>	14277
<dbpedia:Bizarre_(magazine)>	14274
<dbpedia:Genesis_(magazine)>	14262
<dbpedia:Nickelodeon_Magazine>	14123
<dbpedia:V_(American_magazine)>	14121
<dbpedia:Mixmag>	14045
<dbpedia:Prevention_(magazine)>	14036
<dbpedia:Slitz>	14012
<dbpedia:On_Our_Backs>	13976
<dbpedia:Official_U.S._PlayStation_Magazine>	13626
<dbpedia:Revista_H>	13609
<dbpedia:Big_Brother_(magazine)>	13603
<dbpedia:Dengeki_Daioh>	13578
<dbpedia:Playboy_(Brazil)>	13560
<dbpedia:Wine_Spectator>	13555
<dbpedia:Cond%C3%A9_Nast_Traveler>	13480
<dbpedia:The_Comics_Journal>	13474
<dbpedia:Politika>	13471
<dbpedia:Ladies'_Home_Journal>	13444
<dbpedia:Real_Simple>	13436
<dbpedia:The_American_Mercury>	13423
<dbpedia:Baseball_America>	13419
<dbpedia:Star_(magazine)>	13411
<dbpedia:Dungeon_(magazine)>	13409
<dbpedia:Financial_Post>	13376
<dbpedia:The_Listener_(magazine)>	13363
<dbpedia:Backwoods_Home_Magazine>	13304
<dbpedia:Asian_Fever>	13291
<dbpedia:WWE_Magazine>	13259
<dbpedia:Femina_(India)>	13220
<dbpedia:Freshmen_(magazine)>	13185
<dbpedia:Economic_and_Political_Weekly>	13183
<dbpedia:The_Hockey_News>	13183
<dbpedia:Fiesta_(magazine)>	13158
<dbpedia:Eerie>	13126
<dbpedia:Front_(magazine)>	13117
<dbpedia:Quadrant_(magazine)>	13094
<dbpedia:Maximumrocknroll>	12995
<dbpedia:Computer_(magazine)>	12965
<dbpedia:Premiere_(magazine)>	12932
<dbpedia:Architectural_Design>	12917
<dbpedia:Boston_Review>	12869
<dbpedia:The_Industry_Standard>	12862
<dbpedia:Electronic_Games>	12857
<dbpedia:Hara-Kiri_(magazine)>	12845
<dbpedia:Clash_(magazine)>	12818
<dbpedia:Litblog>	12811
<dbpedia:Radar_Online>	12807
<dbpedia:Guideposts>	12715
<dbpedia:Women's_Health_(magazine)>	12644
<dbpedia:Photoplay>	12640
<dbpedia:Godey's_Lady's_Book>	12633
<dbpedia:Skeptic_(U.S._magazine)>	12612
<dbpedia:Kultura>	12596
<dbpedia:Trump_(magazine)>	12559
<dbpedia:IKEA_Catalogue>	12553
<dbpedia:Alternative_newspaper>	12531
<dbpedia:Burda_Style>	12518
<dbpedia:Sassy_(magazine)>	12502
<dbpedia:Australian_Geographic>	12424
<dbpedia:Spirou_(magazine)>	12417
<dbpedia:Physics_World>	12404
<dbpedia:Shojo_Beat>	12402
<dbpedia:Signal_(magazine)>	12385
<dbpedia:Gramophone_(magazine)>	12345
<dbpedia:PC_Games_(magazine)>	12341
<dbpedia:Auto,_Motor_und_Sport>	12321
<dbpedia:Tygodnik_Powszechny>	12269
<dbpedia:Mother_Earth_(magazine)>	12268
<dbpedia:Health_(magazine)>	12247
<dbpedia:Dwell_(magazine)>	12230
<dbpedia:Rock_Sound>	12130
<dbpedia:Linux_Magazine>	12111
<dbpedia:Lucky_(magazine)>	12041
<dbpedia:Bust_(magazine)>	12033
<dbpedia:Parents_(magazine)>	12011
<dbpedia:The_Monthly>	12009
<dbpedia:KoreAm>	12004
<dbpedia:EWeek>	11954
<dbpedia:North_American_Review>	11948
<dbpedia:The_Orange_County_Register>	11892
<dbpedia:Awake!>	11888
<dbpedia:Fetish_magazine>	11885
<dbpedia:Guitar_Player>	11878
<dbpedia:The_Chap>	11853
<dbpedia:Starlog>	11785
<dbpedia:Texas_Monthly>	11740
<dbpedia:Margaret_(magazine)>	11739
<dbpedia:Type-in_program>	11714
<dbpedia:Penthouse_Forum>	11707
<dbpedia:School_Library_Journal>	11702
<dbpedia:Word_Riot>	11685
<dbpedia:PlayStation_Official_Magazine>	11657
<dbpedia:Golf_Magazine>	11642
<dbpedia:Ramparts_(magazine)>	11612
<dbpedia:Viz_(comic)>	11583
<dbpedia:Jane_(magazine)>	11553
<dbpedia:The_Illustrated_Weekly_of_India>	11518
<dbpedia:Fitness_(magazine)>	11503
<dbpedia:In_These_Times>	11493
<dbpedia:Digit_(magazine)>	11445
<dbpedia:Collier's>	11435
<dbpedia:The_Root_(magazine)>	11415
<dbpedia:Butt_(magazine)>	11397
<dbpedia:Blueboy_(magazine)>	11385
<dbpedia:The_Economist_editorial_stance>	11380
<dbpedia:Philosophical_Magazine>	11326
<dbpedia:Hot_Press>	11305
<dbpedia:Lemon_People>	11279
<dbpedia:Datamation>	11268
<dbpedia:The_Journal_of_Commerce>	11253
<dbpedia:Linux_Format>	11245
<dbpedia:Good_Wife's_Guide>	11197
<dbpedia:Topolino>	11167
<dbpedia:Gent_(magazine)>	11132
<dbpedia:SmartMoney>	11116
<dbpedia:Amateur_Photographer>	11083
<dbpedia:Kinema_Junpo>	11081
<dbpedia:Black_Enterprise>	11049
<dbpedia:The_Ecologist>	11048
<dbpedia:If_(magazine)>	11028
<dbpedia:Comic_LO>	11016
<dbpedia:EDN_(magazine)>	11011
<dbpedia:The_Magazine_of_Fantasy_&_Science_Fiction>	11002
<dbpedia:Les_Inrockuptibles>	10988
<dbpedia:Indiana_Review>	10975
<dbpedia:McClure's>	10956
<dbpedia:Simplicissimus>	10929
<dbpedia:American_Rifleman>	10907
<dbpedia:Weekly_Reader>	10894
<dbpedia:The_American_Lawyer>	10893
<dbpedia:The_Masses>	10888
<dbpedia:The_Baffler>	10881
<dbpedia:Railway_Gazette_International>	10847
<dbpedia:City_Journal_(New_York)>	10836
<dbpedia:Taste_of_Home>	10813
<dbpedia:Creative_Nonfiction_(magazine)>	10813
<dbpedia:Games_(magazine)>	10806
<dbpedia:SFX_(magazine)>	10792
<dbpedia:Sojourners>	10748
<dbpedia:The_Vision>	10746
<dbpedia:The_Oldie>	10716
<dbpedia:Booklist>	10701
<dbpedia:The_Realist>	10696
<dbpedia:The_Idler_(1993)>	10696
<dbpedia:All_the_Year_Round>	10688
<dbpedia:Hobart_(magazine)>	10670
<dbpedia:The_Gentleman's_Magazine>	10637
<dbpedia:Vanitha>	10599
<dbpedia:Poetry_(magazine)>	10595
<dbpedia:Juxtapoz>	10582
<dbpedia:The_Art_Newspaper>	10574
<dbpedia:Thuglak>	10568
<dbpedia:Tit-Bits>	10562
<dbpedia:Blast_(magazine)>	10540
<dbpedia:Tintin_(magazine)>	10540
<dbpedia:Soap_Opera_Digest>	10484
<dbpedia:Departures_(magazine)>	10476
<dbpedia:Literary_Review>	10475
<dbpedia:Kicker_(sports_magazine)>	10471
<dbpedia:King_(magazine)>	10427
<dbpedia:MacLife>	10407
<dbpedia:Network_World>	10380
<dbpedia:Max_Power_(magazine)>	10371
<dbpedia:Sports_Illustrated_Kids>	10345
<dbpedia:Elle_Girl>	10345
<dbpedia:Chatelaine_(magazine)>	10331
<dbpedia:Quarterly_Review>	10313
<dbpedia:The_Wine_Advocate>	10274
<dbpedia:Screen_International>	10235
<dbpedia:Dropping_the_Pilot>	10232
<dbpedia:Music_magazine>	10228
<dbpedia:N+1>	10222
<dbpedia:The_Century_Magazine>	10202
<dbpedia:Comic_Yuri_Hime>	10173
<dbpedia:Encounter_(magazine)>	10150
<dbpedia:The_New_Criterion>	10150
<dbpedia:Picture_Post>	10147
<dbpedia:The_Pearl_(magazine)>	10146
<dbpedia:Locus_(magazine)>	10131
<dbpedia:Chicago_Defender>	10092
<dbpedia:Silicon_Chip>	10090
<dbpedia:Pariscope>	10081
<dbpedia:Music_Week>	10058
<dbpedia:Art_in_America>	10040
<dbpedia:H_Para_Hombres>	9998
<dbpedia:Parenting_(magazine)>	9949
<dbpedia:Q_magazine>	9865
<dbpedia:PC_Format>	9856
<dbpedia:TWICE>	9836
<dbpedia:Radio_&_Records>	9787
<dbpedia:Back_Stage>	9761
<dbpedia:Australian_Playboy>	9761
<dbpedia:The_Tablet>	9756
<dbpedia:Vogue_China>	9755
<dbpedia:Cigar_Aficionado>	9736
<dbpedia:Best_Motoring>	9723
<dbpedia:Jackie_(magazine)>	9717
<dbpedia:Woman's_Day>	9714
<dbpedia:Searchlight_(magazine)>	9693
<dbpedia:Jane's_Defence_Weekly>	9691
<dbpedia:Dr._Dobb's_Journal>	9679
<dbpedia:Punk_(magazine)>	9670
<dbpedia:World_(magazine)>	9659
<dbpedia:Boys'_Life>	9639
<dbpedia:House_Beautiful>	9618
<dbpedia:Edinburgh_Review>	9587
<dbpedia:The_Brooklyn_Rail>	9539
<dbpedia:Your_Sinclair>	9532
<dbpedia:Saveur>	9525
<dbpedia:Annals_of_Improbable_Research>	9486
<dbpedia:Scientific_American_Mind>	9470
<dbpedia:EE_Times>	9461
<dbpedia:Wonder_Stories>	9450
<dbpedia:Cosmogirl>	9445
<dbpedia:Skateboarder_(magazine)>	9422
<dbpedia:Inked_(magazine)>	9417
<dbpedia:Country_Living>	9409
<dbpedia:Cycle_World>	9395
<dbpedia:People_Management>	9388
<dbpedia:Astronomy_(magazine)>	9370
<dbpedia:Flex_(magazine)>	9361
<dbpedia:Der_Sturm>	9360
<dbpedia:Game_Developer_(magazine)>	9298
<dbpedia:Total_Guitar>	9293
<dbpedia:Seed_(magazine)>	9109
<dbpedia:Continuum_(magazine)>	9098
<dbpedia:Planet_Stories>	9091
<dbpedia:Billboard_Brasil>	9068
<dbpedia:Cooking_Light>	9059
<dbpedia:The_Freeman>	9055
<dbpedia:Bear_Magazine>	9046
<dbpedia:La_Civilt%C3%A0_Cattolica>	9039
<dbpedia:Intelligent_Life_(magazine)>	9024
<dbpedia:Coppock_curve>	9024
<dbpedia:Black_Inches>	8991
<dbpedia:Asiaweek>	8987
<dbpedia:Weird_NJ>	8982
<dbpedia:Ranger_Rick>	8952
<dbpedia:The_Wilson_Quarterly>	8940
<dbpedia:Cycling_Weekly>	8936
<dbpedia:Architectural_Record>	8929
<dbpedia:GEO_(magazine)>	8910
<dbpedia:Fantastic_(magazine)>	8895
<dbpedia:Mir_iskusstva>	8881
<dbpedia:Stardust_(magazine)>	8812
<dbpedia:WSJ.>	8799
<dbpedia:Knave_(magazine)>	8762
<dbpedia:Spare_Rib>	8748
<dbpedia:Athenaeum_(magazine)>	8711
<dbpedia:GameFan>	8703
<dbpedia:Arena_(magazine)>	8702
<dbpedia:Terrorizer_(magazine)>	8702
<dbpedia:Auto_Express>	8702
<dbpedia:Unknown_(magazine)>	8689
<dbpedia:Education_Week>	8679
<dbpedia:New_Worlds_(magazine)>	8679
<dbpedia:International_Organization>	8671
<dbpedia:Brisbane_Times>	8627
<dbpedia:Shoreditch_Twat>	8610
<dbpedia:The_Sunday_Times_Magazine>	8606
<dbpedia:Crawdaddy!>	8594
<dbpedia:Aviation_Week_&_Space_Technology>	8586
<dbpedia:GQ_Australia>	8584
<dbpedia:Dolly_(magazine)>	8583
<dbpedia:Amiga_Power>	8578
<dbpedia:QST>	8569
<dbpedia:Wipers_Times>	8560
<dbpedia:Fruits_(magazine)>	8558
<dbpedia:Guitarist_(magazine)>	8549
<dbpedia:Modern_Age_(periodical)>	8537
<dbpedia:Film_Comment>	8532
<dbpedia:Household_Words>	8524
<dbpedia:Disney_Adventures>	8508
<dbpedia:FDi_magazine>	8495
<dbpedia:Cook's_Illustrated>	8473
<dbpedia:BBC_Focus>	8456
<dbpedia:McCall's>	8379
<dbpedia:Maxim_(India)>	8373
<dbpedia:Tel_Quel>	8360
<dbpedia:PC_Zone>	8357
<dbpedia:Cosmos_(magazine)>	8356
<dbpedia:The_Knickerbocker>	8355
<dbpedia:Food_Network_Magazine>	8344
<dbpedia:Executive_Intelligence_Review>	8324
<dbpedia:Film_Threat>	8323
<dbpedia:TVTimes>	8320
<dbpedia:Archaeology_(magazine)>	8316
<dbpedia:Aktuell_Rapport>	8306
<dbpedia:Veja_(magazine)>	8302
<dbpedia:Open_Source_For_You>	8292
<dbpedia:Manga_Burikko>	8286
<dbpedia:World_Affairs>	8272
<dbpedia:Machine_Design>	8269
<dbpedia:People_(Australian_magazine)>	8268
<dbpedia:Current_History>	8259
<dbpedia:The_American_Magazine>	8234
<dbpedia:Autoweek>	8214
<dbpedia:Hot_Rod_(magazine)>	8193
<dbpedia:Gundam_Ace>	8169
<dbpedia:Record_Collector>	8161
<dbpedia:Transworld_Skateboarding>	8154
<dbpedia:Drum_(South_African_magazine)>	8145
<dbpedia:Marianne_(magazine)>	8126
<dbpedia:Ensign_(LDS_magazine)>	8109
<dbpedia:Linux_Gazette>	8109
<dbpedia:Barazoku>	8084
<dbpedia:Les_Temps_modernes>	8079
<dbpedia:Hemmings_Motor_News>	8069
<dbpedia:Ploughshares>	8067
<dbpedia:Cavalier_(magazine)>	8064
<dbpedia:Pinups_Magazine>	8050
<dbpedia:Canadian_Business>	8048
<dbpedia:Marxism_Today>	8040
<dbpedia:Stylist_(magazine)>	8022
<dbpedia:Institutional_Investor_(magazine)>	8015
<dbpedia:Il_Fatto_Quotidiano>	8014
<dbpedia:Gotham_(magazine)>	8011
<dbpedia:The_Sun_(magazine)>	7998
<dbpedia:BRW_(magazine)>	7988
<dbpedia:Business_2.0>	7985
<dbpedia:Beaver_Hunt>	7973
<dbpedia:Vivi_(magazine)>	7973
<dbpedia:Monthly_Playboy>	7947
<dbpedia:Lingua_Franca_(magazine)>	7933
<dbpedia:The_eXile>	7907
<dbpedia:American_Cinematographer>	7891
<dbpedia:CCM_Magazine>	7888
<dbpedia:Competition_Success_Review>	7844
<dbpedia:Compute!>	7842
<dbpedia:Gear_(magazine)>	7820
<dbpedia:The_Christian_Century>	7806
<dbpedia:After_Dark_(magazine)>	7802
<dbpedia:F1_Racing>	7773
<dbpedia:Mondo_2000>	7768
<dbpedia:Popteen>	7763
<dbpedia:The_Phoenix_(magazine)>	7759
<dbpedia:Fantasy_fiction_magazine>	7750
<dbpedia:Press_Gazette>	7709
<dbpedia:The_Russian_Messenger>	7700
<dbpedia:Liwayway>	7690
<dbpedia:Fact_(UK_magazine)>	7677
<dbpedia:GamesTM>	7674
<dbpedia:Develop_(magazine)>	7667
<dbpedia:Rap-Up>	7667
<dbpedia:Look_(UK_magazine)>	7645
<dbpedia:Striker_(comic)>	7637
<dbpedia:New_Zealand_Listener>	7617
<dbpedia:The_Word_(magazine)>	7612
<dbpedia:Boardwatch>	7603
<dbpedia:Architectural_Review>	7599
<dbpedia:TV_Week>	7580
<dbpedia:Ubuntu_User>	7576
<dbpedia:Road_&_Track>	7568
<dbpedia:The_Lady_(magazine)>	7535
<dbpedia:Select_(magazine)>	7530
<dbpedia:XY_(magazine)>	7510
<dbpedia:Chemistry_World>	7504
<dbpedia:Circus_(magazine)>	7501
<dbpedia:Naturwissenschaften>	7497
<dbpedia:Canadian_Geographic>	7496
<dbpedia:Arabian_Business>	7486
<dbpedia:Magill>	7481
<dbpedia:Yank,_the_Army_Weekly>	7481
<dbpedia:Cinefantastique>	7481
<dbpedia:Esquire_(UK_Edition)>	7478
<dbpedia:Pop_(fashion_magazine)>	7474
<dbpedia:Men's_Fitness>	7454
<dbpedia:Titanic_(magazine)>	7453
<dbpedia:Judge_(magazine)>	7444
<dbpedia:St._Nicholas_Magazine>	7430
<dbpedia:Philosophy_Now>	7430
<dbpedia:Famous_Fantastic_Mysteries>	7424
<dbpedia:Heeb>	7420
<dbpedia:Outdoor_Life>	7420
<dbpedia:Startling_Stories>	7418
<dbpedia:Chip_(magazine)>	7408
<dbpedia:Teen_(magazine)>	7406
<dbpedia:Fire!!>	7401
<dbpedia:Teen_Beat>	7396
<dbpedia:Dynamite_(magazine)>	7391
<dbpedia:MovieMaker>	7372
<dbpedia:Everyday_Food>	7367
<dbpedia:USA_Weekend>	7366
<dbpedia:Sound_on_Sound>	7358
<dbpedia:GQ_(Indian_edition)>	7349
<dbpedia:L'Express_(France)>	7348
<dbpedia:Monthly_Sh%C5%8Dnen_Jump>	7342
<dbpedia:The_Duelist>	7341
<dbpedia:ARTnews>	7323
<dbpedia:Domus_(magazine)>	7311
<dbpedia:Beijing_Review>	7301
<dbpedia:Ralph_(magazine)>	7294
<dbpedia:Next_Generation_(magazine)>	7288
<dbpedia:Tikkun_(magazine)>	7283
<dbpedia:Cornhill_Magazine>	7275
<dbpedia:Aesthetica>	7270
<dbpedia:Natural_History_(magazine)>	7253
<dbpedia:Black_Belt_(magazine)>	7234
<dbpedia:Giant_Robot_(magazine)>	7226
<dbpedia:Badi_(magazine)>	7226
<dbpedia:Mechanix_Illustrated>	7203
<dbpedia:The_Occidental_Quarterly>	7199
<dbpedia:Cricket_(magazine)>	7197
<dbpedia:Food_&_Wine>	7194
<dbpedia:Living_Marxism>	7190
<dbpedia:New_Jersey_Monthly>	7185
<dbpedia:Garo_(magazine)>	7181
<dbpedia:Look-in>	7177
<dbpedia:Herald_(Pakistan)>	7176
<dbpedia:New_Idea>	7176
<dbpedia:Blackwood's_Magazine>	7174
<dbpedia:Record_Mirror>	7172
<dbpedia:Men's_Vogue>	7171
<dbpedia:Semana>	7166
<dbpedia:Curve_(magazine)>	7164
<dbpedia:Town_&_Country_(magazine)>	7145
<dbpedia:J-14_(magazine)>	7142
<dbpedia:GamesMaster_(magazine)>	7127
<dbpedia:Time_for_Kids>	7125
<dbpedia:Latina_(magazine)>	7123
<dbpedia:Manifold_Destiny>	7120
<dbpedia:Global_Finance_(magazine)>	7120
<dbpedia:TV_Choice>	7078
<dbpedia:Auto_Bild>	7076
<dbpedia:The_American_Scholar_(magazine)>	7071
<dbpedia:Electronics_For_You>	7071
<dbpedia:Notices_of_the_American_Mathematical_Society>	7062
<dbpedia:Twilight_Zone_literature>	7062
<dbpedia:Playmen>	7062
<dbpedia:Decanter_(magazine)>	7043
<dbpedia:FT_Magazine>	7038
<dbpedia:Avant_Garde_(magazine)>	7034
<dbpedia:Playguy>	7033
<dbpedia:BBC_Wildlife>	7024
<dbpedia:Splosh!>	7010
<dbpedia:Computing_(magazine)>	7007
<dbpedia:Dataquest>	6999
<dbpedia:The_Vindicator>	6995
<dbpedia:The_London_Magazine>	6989
<dbpedia:Aperture_(magazine)>	6961
<dbpedia:New_African>	6949
<dbpedia:Journal_of_the_Royal_Society_Interface>	6939
<dbpedia:Mathematics_Magazine>	6939
<dbpedia:Good_Worldwide>	6924
<dbpedia:Zzap!64>	6921
<dbpedia:Computer_Shopper_(US_magazine)>	6912
<dbpedia:ABA_Journal>	6909
<dbpedia:Pilote>	6908
<dbpedia:Men's_adventure>	6906
<dbpedia:Sport_(US_magazine)>	6901
<dbpedia:Creative_Computing>	6886
<dbpedia:Little_magazine_movement>	6866
<dbpedia:SLAM_Magazine>	6863
<dbpedia:Zoo_Magazine>	6826
<dbpedia:The_Blood-Horse>	6820
<dbpedia:%C2%A1Hola!>	6815
<dbpedia:Expo_(magazine)>	6812
<dbpedia:Beefcake_magazine>	6808
<dbpedia:Microprocessor_Report>	6807
<dbpedia:Field_&_Stream>	6794
<dbpedia:Horror_fiction_magazine>	6785
<dbpedia:Smooth_(magazine)>	6780
<dbpedia:Newtype_(magazine)>	6775
<dbpedia:Modern_Drunkard_Magazine>	6763
<dbpedia:This_(Canadian_magazine)>	6740
<dbpedia:Fashion_(magazine)>	6726
<dbpedia:Flaunt>	6715
<dbpedia:Proceso_(magazine)>	6695
<dbpedia:CARtoons_Magazine>	6694
<dbpedia:BBC_Music_Magazine>	6691
<dbpedia:Mega_(magazine)>	6691
<dbpedia:MEED>	6686
<dbpedia:Talkers_Magazine>	6683
<dbpedia:The_Field_(magazine)>	6680
<dbpedia:Air_International>	6659
<dbpedia:Worldchanging>	6646
<dbpedia:Top_of_the_Pops_(magazine)>	6644
<dbpedia:The_Studio_(magazine)>	6640
<dbpedia:Little_White_Lies_(magazine)>	6639
<dbpedia:Green_Anarchy>	6633
<dbpedia:PlayStation_Underground>	6623
<dbpedia:Australian_Book_Review>	6620
<dbpedia:Fantastic_Adventures>	6616
<dbpedia:Frank_(magazine)>	6614
<dbpedia:02138>	6611
<dbpedia:BBC_History>	6600
<dbpedia:Verve_(magazine)>	6579
<dbpedia:ToyFare>	6572
<dbpedia:MicroMega>	6551
<dbpedia:Geographical_(magazine)>	6536
<dbpedia:Mishpacha>	6532
<dbpedia:Stereophile>	6529
<dbpedia:The_Little_Review>	6521
<dbpedia:T3_(magazine)>	6513
<dbpedia:Company_(magazine)>	6509
<dbpedia:Communication_Arts_(magazine)>	6506
<dbpedia:Non-no>	6504
<dbpedia:Trouser_Press>	6500
<dbpedia:PC_Advisor>	6479
<dbpedia:Science_Fantasy_(magazine)>	6466
<dbpedia:Colors_(magazine)>	6463
<dbpedia:CRN_Magazine>	6461
<dbpedia:International_Living>	6458
<dbpedia:Asimov's_Science_Fiction>	6447
<dbpedia:Elsevier_(magazine)>	6436
<dbpedia:The_Plain_Truth>	6428
<dbpedia:Easyriders>	6413
<dbpedia:Modern_Painters_(magazine)>	6413
<dbpedia:ArtReview>	6411
<dbpedia:Analytical_Review>	6402
<dbpedia:Brides_(magazine)>	6399
<dbpedia:Otaku_USA>	6389
<dbpedia:Hobby_Japan>	6383
<dbpedia:MoneyWeek>	6374
<dbpedia:L'Officiel>	6363
<dbpedia:Dazed_&_Confused_(magazine)>	6362
<dbpedia:Daily_Front_Row>	6356
<dbpedia:Page_6>	6349
<dbpedia:Meanjin>	6344
<dbpedia:Golf_World>	6342
<dbpedia:Electronics_(magazine)>	6334
<dbpedia:National_Police_Gazette>	6314
<dbpedia:391_(magazine)>	6310
<dbpedia:Minotaure>	6305
<dbpedia:Apollo_(magazine)>	6301
<dbpedia:The_American_Statistician>	6300
<dbpedia:The_Alphabet_Cipher>	6298
<dbpedia:Oxford_American>	6283
<dbpedia:Flying_(magazine)>	6275
<dbpedia:FamilyFun>	6273
<dbpedia:HUMO>	6249
<dbpedia:The_New_Age>	6245
<dbpedia:The_Musical_Times>	6239
<dbpedia:Ozone_(magazine)>	6237
<dbpedia:Dragon_Magazine_(Fujimi_Shobo)>	6226
<dbpedia:Marketing_(magazine)>	6220
<dbpedia:Saturday_Review_(U.S._magazine)>	6219
<dbpedia:Erotic_Review>	6217
<dbpedia:American_Journalism_Review>	6210
<dbpedia:Afternoon_(magazine)>	6207
<dbpedia:Story_(magazine)>	6195
<dbpedia:Marvel_Tales>	6183
<dbpedia:Fifth_Estate_(periodical)>	6177
<dbpedia:Zoobooks>	6171
<dbpedia:Pro_Football_Weekly>	6160
<dbpedia:Elle_Decor>	6159
<dbpedia:Wirtschaftswoche>	6153
<dbpedia:Boxing_News>	6144
<dbpedia:Woman_(UK_magazine)>	6143
<dbpedia:Computeractive>	6143
<dbpedia:House_organ>	6140
<dbpedia:Ancient_Egypt_(magazine)>	6133
<dbpedia:Amerika_(magazine)>	6131
<dbpedia:The_Railway_Magazine>	6131
<dbpedia:The_Ladder_(magazine)>	6124
<dbpedia:Anarchy:_A_Journal_of_Desire_Armed>	6110
<dbpedia:Interzone_(magazine)>	6108
<dbpedia:Caijing>	6073
<dbpedia:Young_King_OURs>	6067
<dbpedia:Take_a_Break_(magazine)>	6044
<dbpedia:Viva_(magazine)>	6044
<dbpedia:Bicycling_(magazine)>	6026
<dbpedia:The_Harvard_Advocate>	6021
<dbpedia:The_New_Masses>	6010
<dbpedia:Chicago_(magazine)>	5998
<dbpedia:Sportstar>	5997
<dbpedia:Fuck_You_(magazine)>	5982
<dbpedia:The_Public_Interest>	5974
<dbpedia:Novy_Mir>	5972
<dbpedia:Wprost>	5970
<dbpedia:Tempo_(Indonesian_magazine)>	5948
<dbpedia:Amiga_Format>	5936
<dbpedia:Look_and_Learn>	5936
<dbpedia:Plant_Engineering>	5935
<dbpedia:Dengeki_Maoh>	5926
<dbpedia:Trains_(magazine)>	5921
<dbpedia:The_Red_Bulletin>	5921
<dbpedia:Peace_News>	5915
<dbpedia:Toronto_Life>	5906
<dbpedia:Forward_Magazine>	5902
<dbpedia:Westminster_Review>	5902
<dbpedia:Wine_Enthusiast_Magazine>	5901
<dbpedia:Astronomy_Now>	5894
<dbpedia:The_Skinny_(magazine)>	5893
<dbpedia:Animerica>	5890
<dbpedia:Psychologies>	5888
<dbpedia:The_Jerusalem_Report>	5888
<dbpedia:Motor_Sport_(magazine)>	5878
<dbpedia:Runner's_World>	5876
<dbpedia:Visionaire>	5876
<dbpedia:Corporate_Knights>	5874
<dbpedia:Young_Magazine>	5873
<dbpedia:G-men_(magazine)>	5872
<dbpedia:Men's_Journal>	5870
<dbpedia:Inside_Soap>	5870
<dbpedia:Philadelphia_(magazine)>	5854
<dbpedia:Print_(magazine)>	5852
<dbpedia:Megami_Magazine>	5851
<dbpedia:Shoot_(football_magazine)>	5845
<dbpedia:Fantastic_Universe>	5823
<dbpedia:Desh_(magazine)>	5823
<dbpedia:Time_and_Tide_(magazine)>	5816
<dbpedia:Queen_(magazine)>	5813
<dbpedia:The_Philadelphia_Trumpet>	5811
<dbpedia:Los_Angeles_(magazine)>	5810
<dbpedia:Film_Score_Monthly>	5809
<dbpedia:The_Amateur_Scientist>	5807
<dbpedia:Electronic_Products>	5804
<dbpedia:Marketing_Week>	5798
